Core,ppm,Intensity,Width,Area,Flags
100,8.14,0.1,2.41,4.29,None
100,7.22,0.1,28.47,35.4,None
100,7.1,0.1,25.28,24.22,None
100,6.98,0.1,27.07,30.97,None
100,6.57,0.5,1.55,8.67,None
100,6.55,0.5,1.53,8.96,None
100,6.52,0.1,1.6,1.43,None
111,7.08,1.5,20.83,406.56,None
111,4.36,0.1,1.91,2.21,None
111,4.34,0.2,1.98,4.84,None
111,4.33,0.1,1.74,2.92,None
112,7.08,1.2,22.13,359.67,None
112,4.36,0.1,1.96,1.77,None
112,4.34,0.2,2.05,4.05,None
112,4.33,0.1,1.87,2.55,None
113,7.1,0.5,51.41,337.7,None
113,6.52,0.5,1.33,7.89,None
113,4.36,0.1,1.71,1.64,None
113,4.35,0.2,1.76,3.72,None
113,4.34,0.1,1.63,2.39,None
114,7.09,1.2,25.28,380.37,None
114,4.36,0.1,2.18,1.64,None
114,4.34,0.2,2.56,5.25,None
114,4.33,0.1,2.53,4.4,None
115,7.11,0.3,67.76,257.54,None
115,7.08,0.2,44.68,82.63,None
115,6.52,0.1,1.31,1.78,None
115,4.36,0.1,1.88,1.89,None
115,4.35,0.2,1.88,4.4,None
115,4.34,0.1,1.59,2.52,None
116,7.22,0.1,10,15.4,None
116,7.09,0.1,10.53,15.59,None
116,6.96,0.1,9.63,13.33,None
116,6.53,0.1,1.33,0.99,None
116,6.52,0.5,1.36,8.9,None
117,6.53,0.1,1.4,1.8,None
117,6.52,0.6,1.34,9.8,None
117,3.51,0.5,2.71,16.54,None
118,7.22,0.2,9.56,29.23,None
118,7.1,0.2,9.98,32.23,None
118,6.97,0.2,9.6,27.95,None
118,6.52,0.1,1.26,1.35,None
118,3.5,0.5,2.45,16.79,None
120,7.22,0.2,9.59,20.78,None
120,7.09,0.2,9.17,20.55,None
120,6.96,0.2,7.92,16.23,None
120,6.52,0.5,1.32,8.13,None
121,7.21,0.1,23.85,31.09,None
121,7.09,0.2,33.15,75.01,None
121,6.97,0.1,35.06,54.64,None
122,7.2,0.1,29.25,24.66,None
122,7.09,0.1,49.99,94.19,None
123,7.21,0.1,19.99,28.3,None
123,7.1,0.1,46.92,31.05,None
123,7.09,0.1,18.53,24.22,None
123,6.97,0.1,21.86,37.56,None
123,6.52,0.2,1.56,3.46,None
124,7.22,0.2,23.41,44.57,None
124,7.1,0.1,57.46,95.37,None
124,7.1,0.1,16.47,16.07,None
124,6.98,0.2,23.01,45.08,None
125,7.22,0.1,25.51,43.06,None
125,7.1,0.2,50.57,134.36,None
125,6.98,0.1,11.64,11.84,None
125,6.96,0.1,15.7,15.35,None
125,6.52,0.1,1.8,1.46,None
126,7.22,0.1,7.68,14.87,None
126,7.09,0.1,7,12.82,None
126,6.96,0.1,6.24,9.56,None
126,6.52,0.1,1.52,1.45,None
127,7.21,0.1,6.33,11.02,None
127,7.09,0.1,6.1,10.35,None
127,6.96,0.1,5.45,8.34,None
127,6.52,0.1,1.35,1.71,None
128,7.22,0.1,15.48,11.54,None
128,7.09,0.1,14.24,12.38,None
128,6.96,0.1,15.03,10.85,None
128,6.52,0.1,1.31,1.35,None
129,7.21,0.1,7.41,11.33,None
129,7.09,0.1,6.92,10.5,None
129,6.96,0.1,7.23,10.82,None
129,6.52,0.1,1.31,0.95,None
130,7.22,0.1,9.94,10.83,None
130,7.09,0.1,10.1,10,None
130,6.96,0.1,10.09,10.66,None
130,6.52,0.1,1.2,1.65,None
130,3.57,0.1,0.96,0.81,None
131,7.1,0.1,86.2,99.61,None
131,6.52,0.1,1.32,1.5,None
131,3.51,0.5,2.73,16.16,None
132,7.22,0.1,13.35,21.1,None
132,7.09,0.1,12.98,21.91,None
132,6.96,0.1,11.77,18.29,None
132,6.52,0.1,1.44,1.44,None
132,3.51,0.4,2.57,12.6,None
133,7.1,0.1,88.12,138.87,None
133,6.52,0.1,1.6,1.27,None
133,3.75,0.2,224.66,604.88,None
133,3.51,2.1,2.32,66.48,None
134,7.21,0.1,23.18,17.62,None
134,7.09,0.1,30.58,35.47,None
134,6.97,0.1,21.84,16.28,None
134,6.52,0.1,1.23,2.11,None
134,4.34,0.1,1.38,0.96,None
134,3.51,0.4,2.55,13.14,None
135,7.22,0.1,31.17,38.58,None
135,7.1,0.1,28.1,33.43,None
135,6.98,0.1,15.46,14.52,None
135,6.52,0.1,1.63,1.14,None
135,3.74,0.1,248.86,475.15,None
136,7.22,0.1,10.98,19.01,None
136,7.09,0.1,11.86,19.98,None
136,6.96,0.1,12.14,20.06,None
136,6.52,0.1,1.34,1.46,None
137,7.22,0.1,13.04,24.19,None
137,7.09,0.1,9.77,11.08,None
137,6.96,0.1,14.58,25.01,None
137,6.52,0.1,1.64,1.28,None
137,3.51,0.7,2.63,21.61,None
138,7.22,0.2,5.9,17,None
138,7.09,0.2,5.4,15.46,None
138,6.96,0.2,5.4,14.32,None
138,6.53,0.1,1.44,0.92,None
138,6.52,0.5,1.36,8.11,None
139,7.22,0.1,27.09,20.76,None
139,7.22,0.1,14.68,14.02,None
139,7.09,0.1,19.69,36.01,None
139,6.96,0.1,10.38,11.7,None
139,6.52,0.1,1.72,1.17,None
140,7.22,0.2,10.1,24.01,None
140,7.09,0.2,11.14,26.76,None
140,6.96,0.2,9.19,18.09,None
140,6.52,0.1,2.24,1.95,None
141,7.09,0.2,79.06,167.34,None
141,6.52,0.3,1.65,6.36,None
141,4.36,0.1,2,1.9,None
141,4.34,0.2,2.06,4.58,None
141,4.33,0.1,1.95,3.14,None
142,7.11,0.2,93.26,192.88,None
142,4.36,0.1,2.2,1.47,None
142,4.34,0.1,2.22,3.53,None
142,4.33,0.1,2.13,2.42,None
145,7.1,0.2,62.4,151.69,None
145,7.08,0.1,37.69,32.46,None
145,4.03,0.5,19.67,140.46,None
145,4.02,0.4,28.03,141.54,None
146,7.26,0.1,17.46,22.76,None
146,7.13,0.1,17.83,25.58,None
146,7.01,0.1,19.8,28.73,None
146,6.52,0.1,1.39,0.87,None
146,4.36,0.1,1.64,1.35,None
146,4.34,0.1,1.83,3.22,None
146,4.33,0.1,1.59,1.91,None
147,7.25,0.1,21.22,22.69,None
147,7.13,0.1,20.73,28.52,None
147,7.01,0.1,19.66,20.57,None
147,6.52,0.1,1.39,2.21,None
147,4.36,0.1,1.59,1.92,None
147,4.34,0.2,1.72,4.55,None
147,4.33,0.2,1.53,2.9,None
148,7.25,0.1,14.72,25.5,None
148,7.12,0.1,17.37,33.33,None
148,7,0.1,16.46,14.06,None
148,7,0.1,12.47,10.33,None
148,6.52,0.1,1.45,0.92,None
148,4.36,0.1,1.8,1.92,None
148,4.34,0.2,1.9,4.74,None
148,4.33,0.1,1.71,2.84,None
148,3.95,0.1,10.06,7.31,None
149,7.24,0.1,30.8,29.89,None
149,7.12,0.1,34.46,64.51,None
149,7.01,0.1,25.77,34.49,None
149,6.52,0.1,1.54,1.39,None
150,8.13,0.1,1.2,1.11,None
150,7.26,0.1,7.11,5.34,None
150,7.24,0.8,2.48,25.72,None
150,7.13,0.1,7.35,6.01,None
150,7.11,0.9,2.37,26.3,None
150,6.99,0.8,2.45,25.78,None
150,6.52,0.4,2.08,9.34,None
150,4.35,0.1,11.18,11.67,None
150,2.96,0.1,1.82,1.49,None
151,7.22,0.1,20.86,34.78,None
151,7.09,0.2,26.58,67.8,None
151,6.97,0.2,22.68,42.08,None
151,6.53,0.1,1.57,1.03,None
151,6.52,0.5,1.74,10.14,None
152,7.22,0.1,23.54,25.76,None
152,7.1,0.2,47.3,107.97,None
152,6.97,0.1,24.99,34.95,None
153,7.22,0.1,21.93,40.27,None
153,7.09,0.2,25.09,58.16,None
153,6.97,0.1,22.05,39.96,None
153,6.52,0.2,1.56,3.47,None
153,3.51,0.5,2.45,15.77,None
154,7.22,0.2,26.66,61.37,None
154,7.1,0.1,36.72,46.48,None
154,7.09,0.1,15.84,14.81,None
154,6.98,0.1,26.01,39.47,None
154,3.5,0.6,2.79,20.56,None
155,7.21,0.1,29.4,47.02,None
155,7.09,0.2,37.42,88.46,None
155,6.98,0.1,32.81,47.89,None
156,7.49,0.1,4.42,3.15,None
156,7.13,0.1,77.49,91.1,None
157,6.52,0.2,1.17,3.41,None
158,7.23,0.1,11.29,8.33,None
158,7.1,0.1,11.23,8.71,None
158,6.97,0.1,11.98,8.9,None
158,6.52,0.1,1.24,0.89,None
159,7.24,0.1,20.8,24.12,None
159,7.12,0.1,24.88,27.31,None
159,6.99,0.1,19.19,18.05,None
160,7.26,0.1,4.93,3.47,None
160,7.24,0.4,2.52,14.16,None
160,7.14,0.1,4.81,3.78,None
160,7.11,0.5,2.35,14.51,None
160,7.01,0.1,5.69,5.09,None
160,6.99,0.4,2.45,13.83,None
160,6.52,0.4,2.11,11.45,None
18,7.06,0.2,29.86,92.32,None
18,4.35,0.1,1.47,1.75,None
18,4.34,0.2,1.61,4.42,None
18,4.33,0.1,1.71,2.71,None
18,3.49,0.1,4.35,4.61,None
19,8.13,0.1,2.23,2.04,None
19,7.2,0.1,35.18,37.46,None
19,7.09,0.2,45.95,85.01,None
19,6.99,0.1,31.12,20.05,None
19,6.52,0.1,1.23,0.96,None
19,4.36,0.1,1.6,1.85,None
19,4.35,0.2,1.64,4.42,None
19,4.34,0.1,1.7,2.63,None
22,7.22,0.3,4.65,20.17,None
22,7.09,0.3,4.09,17.71,None
22,6.99,0.1,8.65,6.03,None
22,6.97,0.3,4.36,18.02,None
22,6.52,0.1,2.09,3.39,None
23,7.22,0.2,9.01,28.46,None
23,7.09,0.2,7.8,21.48,None
23,6.97,0.2,8.62,24.15,None
23,6.52,0.2,2.32,6.16,None
24,7.22,0.4,4.62,20.81,None
24,7.12,0.1,11.66,9.32,None
24,7.1,0.4,4.31,19.54,None
24,6.99,0.1,13.9,11.42,None
24,6.97,0.3,4.31,17.67,None
24,6.52,0.1,1.78,2.96,None
25,7.25,0.1,13.06,14.23,None
25,7.23,0.3,5.98,24.98,None
25,7.12,0.1,11.03,9.84,None
25,7.1,0.4,6.16,27.37,None
25,6.97,0.4,6.27,27.27,None
25,6.52,0.1,4.4,5,None
25,4.41,0.1,9.24,5.7,None
27,7.07,0.1,67.92,86.23,None
27,6.52,0.1,1.23,2.07,None
27,4.35,0.1,1.34,1.48,None
28,8.13,0.1,2.2,1.73,None
28,7.09,0.1,29.51,25.49,None
28,6.52,0.7,1.22,10.59,None
28,4.35,0.1,1.64,1.5,None
29,7.08,0.3,43.83,179.46,None
29,6.53,0.1,3.46,3.42,None
29,6.52,0.5,3.18,21.96,None
29,4.36,0.1,3.21,3.81,None
29,4.34,0.2,3.2,9.73,None
29,4.33,0.1,3.2,4.82,None
30,8.13,0.1,2.44,3.35,None
30,7.21,0.2,34.49,78.48,None
30,7.1,0.3,44.28,130.43,None
30,7,0.1,45.97,62.71,None
30,6.52,0.1,1.37,1.22,None
30,4.86,0.1,418.84,360.92,None
30,4.36,0.1,1.94,1.88,None
30,4.35,0.2,2.1,4.89,None
30,4.34,0.1,1.79,2.49,None
30,4.04,0.1,4.61,4.35,None
31,7.22,0.2,4.18,11.86,None
31,7.09,0.2,4.15,11.9,None
31,6.97,0.2,4.57,13.32,None
31,6.52,0.1,1.96,2.57,None
32,7.22,0.2,3.31,9.39,None
32,7.09,0.2,3.17,8.8,None
32,6.96,0.2,3.1,8.57,None
32,6.52,0.1,2.57,2.92,None
33,7.22,0.2,4.58,10.75,None
33,7.09,0.2,4.17,9.84,None
33,6.96,0.2,4.3,9.74,None
33,6.52,0.1,2.18,3.38,None
34,7.22,0.4,2.84,15.52,None
34,7.1,0.4,2.74,15.36,None
34,6.97,0.4,2.76,14.77,None
34,6.52,0.1,2.45,4.11,None
35,7.22,0.3,4.37,15.9,None
35,7.1,0.3,4.24,15.7,None
35,6.97,0.3,4.35,15.84,None
35,6.52,0.1,2.45,3.51,None
35,3.51,0.6,3.09,21.41,None
37,8.14,0.1,3.43,6.18,None
37,7.13,0.1,153.56,149.91,None
37,6.57,0.8,1.6,15.53,None
37,6.55,0.8,1.74,18.04,None
38,8.13,0.2,2.45,5.38,None
38,7.21,0.1,27.71,39.39,None
38,7.09,0.1,33.15,58.73,None
38,6.97,0.1,26.63,31.56,None
38,6.57,0.5,1.7,11.78,None
38,6.55,0.5,1.64,11.33,None
39,7.11,0.2,56.85,135.46,None
39,7.11,0.1,126.76,110.83,None
39,6.57,0.6,1.92,14.17,None
39,6.56,0.1,1.82,1.32,None
39,6.55,0.6,1.78,12.72,None
40,7.13,0.1,48.32,44.32,None
40,7.11,0.3,52.36,170.73,None
40,6.57,0.5,1.89,12.57,None
40,6.55,0.5,1.78,10.93,None
40,6.2,0.4,2.65,11.07,None
40,6.19,0.3,2.3,7.9,None
41,7.27,0.1,118.28,120.11,None
41,6.57,0.4,1.84,9.22,None
41,6.55,0.4,1.74,9.22,None
41,6.2,0.3,2.45,8.7,None
41,6.19,0.3,2.15,6.91,None
42,8.13,0.2,2.07,5.77,None
42,7.22,0.2,15.06,33.95,None
42,7.1,0.1,12.92,20.7,None
42,6.97,0.1,14.13,27.82,None
42,6.57,0.5,1.92,12.34,None
42,6.55,0.5,1.85,12.21,None
42,6.52,0.1,1.74,1.51,None
42,6.2,0.3,2.56,7.78,None
42,6.19,0.3,2.34,6.83,None
43,6.57,0.1,1.36,1.06,None
43,6.55,0.1,1.31,1.04,None
43,4.88,0.1,2.08,2.18,None
43,4.87,0.1,2.13,2.27,None
43,4.82,0.1,1.87,2.39,None
43,4.82,0.1,1.7,1.34,None
43,4.81,0.1,1.7,1.61,None
43,4.81,0.1,1.72,1.8,None
43,4.76,0.1,1.99,2.5,None
43,4.75,0.1,2.05,2.75,None
43,4.74,0.1,1.45,1.46,None
43,4.74,0.1,1.67,1.29,None
43,4.73,0.1,1.59,1.89,None
43,4.58,0.1,1.71,1.72,None
44,8.13,0.1,2.31,3.31,None
44,7.21,0.1,23.44,26.22,None
44,7.09,0.1,26.03,34.95,None
44,6.97,0.1,23.46,23.69,None
44,6.57,0.3,1.27,5.21,None
44,6.55,0.3,1.32,5.28,None
44,6.52,0.1,1.39,1.56,None
44,6.2,0.2,1.99,3.2,None
44,6.19,0.2,1.84,3.38,None
71,8.13,0.1,2.57,3.38,None
71,7.19,0.1,55.82,30.99,None
71,7.09,0.2,61.08,142.81,None
71,7,0.1,42.41,23.51,None
72,8.14,0.1,2.63,2.91,None
72,7.1,0.2,79.53,181.45,None
72,4.36,0.1,2.3,2.13,None
72,4.35,0.2,2.22,4.72,None
72,4.33,0.1,2.08,2.95,None
73,7.08,0.1,72.83,125.86,None
73,4.36,0.1,2.2,2.18,None
73,4.34,0.2,2.37,5.66,None
73,4.33,0.1,2.24,3.03,None
73,3.51,0.3,3.1,10.3,None
74,7.09,0.1,95.49,100.06,None
74,3.5,0.4,2.9,15.27,None
76,7.22,0.1,7.11,12.88,None
76,7.09,0.1,5.88,9.88,None
76,6.96,0.1,6.22,10.9,None
76,6.53,0.4,4.96,21.92,None
77,6.52,0.1,2.04,2.48,None
77,3.57,0.1,1.51,1.07,None
78,7.21,0.1,17.82,11.91,None
78,7.09,0.1,18.2,13.06,None
78,6.52,0.1,1.19,1.32,None
78,3.51,0.5,2.49,15.64,None
79,7.22,0.1,18.64,16.78,None
79,7.09,0.1,17.77,17.99,None
79,6.97,0.1,15.8,13.3,None
79,6.52,0.1,1.68,2.48,None
79,3.51,0.6,2.69,20.73,None
80,6.52,0.1,1.65,2.23,None
81,7.08,0.1,85.95,60.51,None
81,6.53,0.2,1.6,3.46,None
81,6.52,0.6,1.73,12.43,None
81,3.51,0.1,2.73,4.94,None
82,7.09,0.2,89.44,206.44,None
83,7.21,0.1,28.71,17.66,None
83,6.97,0.1,28.81,19.88,None
83,6.52,0.2,1.23,3.75,None
84,7.24,0.1,61.72,66.97,None
84,7.1,0.2,49.43,105.81,None
84,7,0.1,34.91,29.79,None
85,7.09,0.1,90.74,138.01,None
85,3.51,1.4,2.09,34.04,None
86,7.21,0.1,10.51,10.18,None
86,7.09,0.1,9.41,10.16,None
86,6.96,0.1,9.91,8.73,None
86,6.52,0.2,1.5,3.09,None
87,7.22,0.1,16.24,11.47,None
87,7.1,0.1,18.71,14.27,None
87,6.52,0.1,2.02,1.84,None
87,3.51,0.5,3.02,19.95,None
89,6.52,0.1,1.06,1.72,None
89,3.51,0.3,2.42,9.67,None
90,7.22,0.1,6.42,8.1,None
90,7.09,0.1,6.12,7.48,None
90,6.96,0.1,5.92,7.47,None
90,6.53,0.1,1.56,2.13,None
90,6.52,0.9,1.71,18.55,None
91,8.14,0.1,3.07,5.13,None
91,6.57,0.4,1.62,8.57,None
91,6.55,0.4,1.55,8.47,None
92,7.25,0.1,116.94,57.26,None
92,7.02,0.1,110.23,96.42,None
92,6.57,0.3,3.65,12.01,None
92,6.55,0.3,3.6,11.88,None
92,6.52,0.1,4.07,6.63,None
92,6.2,0.2,3.81,11.75,None
92,6.19,0.2,3.57,8.82,None
92,5.1,0.1,15.13,11.38,None
92,4.96,0.2,156.82,347.1,None
93,7.11,0.1,77.14,65.73,None
93,7.06,0.1,109.17,69.13,None
93,6.57,0.3,2.63,9.03,None
93,6.55,0.3,2.92,11.81,None
93,6.2,0.2,3.09,9.26,None
93,6.18,0.3,3.22,10.46,None
93,4.91,0.2,3.67,8.23,None
93,4.9,0.3,3.25,10.45,None
94,7.08,0.2,56.21,112.89,None
94,6.57,0.1,1.54,2.53,None
94,6.55,0.1,1.59,2.75,None
94,6.2,0.1,2.12,2.06,None
94,6.18,0.1,2.32,2.6,None
94,4.91,0.1,2.16,1.42,None
94,4.9,0.1,2.64,3.01,None
95,7.09,0.2,75.46,154.65,None
95,6.57,0.3,2.07,7.93,None
95,6.55,0.3,2.2,9.42,None
95,6.2,0.2,2.41,6.45,None
95,6.18,0.3,2.79,9.65,None
96,8.13,0.1,1.98,2.57,None
96,7.21,0.1,18.86,14.35,None
96,7.09,0.1,14.79,11.54,None
96,6.96,0.1,12.52,7.73,None
96,6.57,0.2,1.34,2.86,None
96,6.55,0.2,1.3,2.88,None
96,6.52,0.1,1.2,1.18,None
96,6.2,0.1,2.28,1.99,None
96,6.19,0.1,1.22,0.99,None
96,6.19,0.1,1.25,0.93,None
97,8.13,0.2,2.26,5.32,None
97,7.22,0.2,22.64,38.08,None
97,7.1,0.2,36.4,110.59,None
97,6.98,0.2,23.07,42.79,None
97,6.57,0.5,1.48,9.75,None
97,6.55,0.5,1.46,9.77,None
98,8.14,0.1,2.55,2.42,None
98,6.57,0.2,1.47,2.9,None
98,6.55,0.2,1.47,2.88,None
98,6.52,0.1,1.64,1.14,None
98,6.2,0.1,2.52,2.39,None
98,6.19,0.1,2.2,1.63,None
98,4.91,0.1,2.56,1.93,None
98,4.9,0.1,2.95,2.1,None
98,4.89,0.1,1.79,1.05,None
98,4.88,0.1,2.06,3.31,None
98,4.87,0.1,2.38,4.14,None
98,4.82,0.3,1.8,5.98,None
98,4.82,0.1,1.81,2.97,None
98,4.81,0.3,2.35,7.58,None
98,4.76,0.1,1.88,3.52,None
98,4.76,0.1,1.67,2.12,None
98,4.75,0.1,2.2,4.56,None
99,8.15,0.1,2.21,2.97,None
99,7.22,0.1,30.55,20.23,None
99,7.1,0.1,52.84,69.55,None
99,6.99,0.1,32.23,18.57,None
99,6.58,0.2,1.42,4.07,None
99,6.56,0.2,1.36,3.89,None
99,6.53,0.4,1.46,7.38,None
99,6.21,0.1,2.15,2.34,None
99,6.2,0.1,1.82,2.13,None
100,6.2,0.2,2.17,5.41,None
100,6.19,0.2,2.13,5.21,None
111,3.5,0.6,2.45,17.18,None
111,3.3,2.2,5.9,154.8,None
122,3.51,0.3,2.45,8.77,None
124,3.5,0.7,2.48,20.68,None
125,3.51,1,2.45,30.28,None
127,3.5,0.5,2.32,14.89,None
128,3.57,0.1,1.09,0.74,None
129,3.51,0.6,2.43,18.59,None
133,2.21,0.1,3,3.38,None
136,3.5,0.6,2.47,18.44,None
139,4.36,0.1,2.01,1.63,None
139,4.35,0.1,1.95,3.01,None
139,4.33,0.1,2.05,1.58,None
139,3.86,0.1,134.54,86.67,None
139,3.51,2.4,1.94,57.73,None
141,3.5,0.4,2.69,14.87,None
142,3.5,0.6,2.57,18.02,None
145,3.54,0.2,52.82,120.13,None
145,3.51,4.9,1.96,116.85,None
146,3.51,0.1,3.87,4.9,None
146,3.49,0.1,3.92,5.48,None
147,3.51,0.5,2.68,15.17,None
148,3.51,1,2.62,33.25,None
148,3.48,0.1,9,16.81,None
150,2.95,0.1,1.92,2.32,None
150,2.95,0.1,1.83,1.4,None
151,3.51,1,2.27,27.09,None
152,3.51,0.8,2.45,23.2,None
155,3.5,0.6,2.45,19.32,None
156,3.6,0.1,130.39,75.38,None
157,3.51,0.7,2.13,18.18,None
158,3.51,0.4,2.41,12.33,None
159,3.53,0.1,120.27,94.98,None
159,3.51,0.6,1.86,15.72,None
159,3.49,0.2,5.68,16.84,None
160,3.5,0.5,2.45,14.02,None
18,3.48,0.1,3.69,3.92,None
18,3.47,0.1,1.65,1.25,None
19,4.03,0.1,3.78,3.44,None
23,3.5,0.8,3.06,29.77,None
24,3.5,0.7,2.45,22.75,None
27,3.58,0.1,114.42,193.96,None
27,3.57,0.1,0.99,0.62,None
27,3.51,0.2,1.84,4.05,None
27,3.5,0.1,2.74,1.83,None
27,3.49,0.2,3.83,9.33,None
27,3.47,0.2,3.49,8.46,None
27,3.46,0.2,5.85,12.82,None
27,2.96,0.1,1.69,1.25,None
27,2.95,0.1,1.73,1.9,None
27,2.95,0.1,1.77,1.35,None
28,2.96,0.1,1.82,2.09,None
28,2.95,0.1,1.75,2.79,None
28,2.95,0.1,1.98,2.24,None
31,3.5,0.7,2.68,22.66,None
37,6.2,0.4,2.15,8.95,None
37,6.19,0.4,2.5,11.52,None
37,5.65,0.1,3.45,3.32,None
38,6.2,0.3,2.34,7.09,None
38,6.19,0.3,2.2,6.72,None
39,6.2,0.4,2.55,11.8,None
39,6.19,0.4,2.34,9.91,None
40,5.11,0.1,10,8.39,None
40,4.91,0.2,2.32,6.64,None
40,4.9,0.3,2.83,11.72,None
40,4.89,0.2,2,4.3,None
40,4.88,0.4,2.27,12.18,None
40,4.87,0.4,2.2,11.95,None
40,4.85,0.1,6.14,4.75,None
40,4.84,0.1,3.33,3.29,None
40,4.82,1.1,2.57,36.92,None
40,4.81,1.1,2.4,33.75,None
40,4.76,0.6,3.49,27.24,None
40,4.75,0.3,2.37,7.39,None
41,4.91,0.2,2.2,4.92,None
41,4.9,0.3,2.86,10.33,None
41,4.89,0.2,1.92,4.11,None
41,4.88,0.4,2.21,10.98,None
41,4.87,0.4,2.32,11.63,None
42,4.91,0.2,2.33,4.91,None
42,4.9,0.3,2.95,9.57,None
42,4.89,0.2,1.99,3.78,None
42,4.88,0.3,2.55,9.5,None
42,4.87,0.3,2.32,8.71,None
42,4.82,1,2.64,31.34,None
42,4.81,1.1,2.83,40,None
43,4.57,0.1,1.65,1.93,None
43,4.42,0.1,1.78,1.15,None
43,4.34,0.1,1.71,1.39,None
43,4.33,0.1,2.68,3.36,None
44,4.91,0.1,2.08,2.4,None
44,4.9,0.1,2.53,4.24,None
44,4.89,0.1,1.72,1.87,None
44,4.88,0.2,2,4.46,None
44,4.87,0.2,2.08,4.88,None
44,4.82,0.5,1.67,11.86,None
44,4.82,0.2,1.66,5.1,None
44,4.81,0.6,2.08,14.49,None
44,4.76,0.2,1.53,3.31,None
44,4.76,0.2,2.1,7,None
44,4.75,0.2,1.74,3.62,None
44,4.75,0.2,1.75,4.41,None
44,4.74,0.2,1.62,4.78,None
73,1.91,0.1,1.84,1.26,None
74,1.91,0.1,1.23,1.01,None
74,1.24,0.1,5.58,7.92,None
76,1.36,0.1,4.95,6.71,None
76,1.27,0.1,97.2,83.97,None
76,1.25,0.1,11.47,15.61,None
76,1.24,0.2,6.35,13.77,None
76,1.05,0.3,5.96,23.95,None
76,1.04,0.3,5.54,17.7,None
76,0.86,0.1,29.99,34.81,None
78,1.91,0.1,1.05,0.96,None
80,3.57,0.1,1.28,0.87,None
80,3.54,0.1,131.53,147.99,None
81,1.91,0.1,1.57,1.59,None
82,3.51,1.3,2.18,32.81,None
84,3.5,0.5,2.57,16.8,None
86,3.51,0.4,2.7,14.59,None
87,2.21,0.1,2.51,2.61,None
87,1.91,0.1,1.59,1.38,None
87,1.52,0.1,6.72,4.91,None
91,6.2,0.2,2.37,5.21,None
91,6.19,0.2,2.21,4.7,None
91,5.75,0.1,1.83,1.13,None
91,5.1,0.1,11.49,6.86,None
92,4.91,0.2,5.28,11.57,None
92,4.9,0.3,4.12,13.58,None
92,4.89,0.1,3.97,6.83,None
92,4.88,0.3,3.97,14.68,None
92,4.87,0.3,3.97,15.7,None
92,4.85,0.1,11.61,8.94,None
92,4.82,0.7,4.56,39.94,None
92,4.81,0.7,4.2,34.99,None
92,4.76,0.5,5.34,34.19,None
92,4.74,0.6,5.95,43.5,None
92,4.74,0.2,4.01,9.04,None
92,4.62,0.2,4.85,12.54,None
92,4.6,0.2,3.94,8.77,None
92,4.58,0.2,4.03,12.76,None
92,4.57,0.2,3.79,11.61,None
92,4.48,0.1,4.29,6.4,None
92,4.46,0.2,4.06,11.53,None
92,4.45,0.1,5,7.74,None
92,4.44,0.2,4.06,9.55,None
92,4.42,0.2,3.85,8.7,None
92,4.4,0.1,7.28,7.53,None
92,4.36,0.1,4.65,5.68,None
93,4.89,0.2,2.76,5.89,None
93,4.88,0.2,3.18,10.19,None
93,4.87,0.3,3.27,11.99,None
93,4.84,0.1,127.81,186.12,None
93,4.82,0.6,3.48,28.16,None
93,4.81,0.7,3.5,29.19,None
93,4.76,0.4,4.08,22.89,None
93,4.75,0.2,3.08,7.16,None
93,4.74,0.5,4.28,25.04,None
93,4.73,0.2,3.13,7.49,None
93,4.61,0.2,3.67,10.39,None
93,4.6,0.2,3.36,9.3,None
93,4.58,0.2,3.01,8.57,None
93,4.57,0.2,3.06,8.6,None
93,4.48,0.1,3.62,5.65,None
93,4.46,0.2,3.25,9.3,None
93,4.45,0.1,3.81,6.14,None
93,4.44,0.2,3.29,8.88,None
93,4.42,0.2,3.15,8.69,None
93,4.4,0.1,3.71,5.38,None
93,4.39,0.1,3.28,5.01,None
93,4.36,0.1,3.47,3.73,None
93,4.34,0.3,4.55,14.06,None
94,4.89,0.1,1.86,1.24,None
94,4.88,0.2,2.08,5.02,None
94,4.87,0.2,2.14,5.64,None
94,4.82,0.2,2.84,7.25,None
94,4.81,0.2,2.65,6.9,None
94,4.76,0.2,2.05,5.32,None
94,4.75,0.2,2.65,7.24,None
94,4.74,0.2,2.33,5.38,None
94,4.73,0.2,2.21,5.44,None
94,4.61,0.1,2.14,2.3,None
94,4.6,0.1,2.1,2.48,None
94,4.58,0.2,1.83,4.37,None
94,4.57,0.2,2.08,5.03,None
94,4.48,0.1,2.08,1.33,None
94,4.46,0.1,2.38,2.93,None
94,4.45,0.1,2.09,1.37,None
94,4.44,0.1,2.05,2.38,None
95,4.91,0.2,2.52,5.05,None
95,4.9,0.3,3.04,10.51,None
95,4.89,0.2,2.1,3.97,None
95,4.88,0.3,2.58,8.81,None
95,4.87,0.3,2.45,8.91,None
95,4.82,0.7,3,24.29,None
95,4.81,0.7,3.06,26.74,None
95,4.75,0.4,3.52,17.11,None
95,4.75,0.2,2.32,4.99,None
95,4.74,0.4,3.5,19.51,None
95,4.73,0.2,2.93,8.61,None
95,4.62,0.2,3.16,8.25,None
95,4.6,0.2,3.06,8.45,None
95,4.58,0.2,2.57,7.43,None
95,4.57,0.2,2.57,8.29,None
95,4.48,0.1,2.64,3.93,None
96,4.91,0.1,2.06,1.44,None
96,4.9,0.1,2.75,2.61,None
96,4.88,0.1,2.04,3.51,None
96,4.87,0.1,2.08,3.72,None
96,4.82,0.3,1.5,5.27,None
96,4.82,0.2,1.72,3.18,None
96,4.81,0.2,1.64,4.67,None
96,4.81,0.2,1.57,3.04,None
96,4.76,0.1,1.4,2.5,None
96,4.76,0.1,1.94,3.46,None
96,4.75,0.1,1.66,2.92,None
96,4.75,0.2,1.86,4.28,None
96,4.74,0.1,1.43,1.94,None
96,4.74,0.2,1.67,3.42,None
96,4.62,0.1,1.71,2.11,None
96,4.6,0.1,1.64,2.15,None
96,4.59,0.2,1.59,3.17,None
96,4.57,0.2,1.61,3.34,None
96,4.48,0.1,2.04,1.77,None
96,4.47,0.1,1.96,2.92,None
97,6.52,0.3,1.38,4.6,None
97,6.2,0.3,2.22,6.18,None
97,6.19,0.2,2.09,5.44,None
98,4.75,0.1,1.8,2.97,None
98,4.74,0.1,1.9,2.97,None
98,4.74,0.2,1.81,3.73,None
98,4.62,0.1,1.96,2.27,None
98,4.61,0.1,1.81,2.12,None
98,4.59,0.1,1.76,3.09,None
98,4.57,0.1,1.81,3.52,None
98,4.48,0.1,2.15,1.85,None
98,4.47,0.1,2.2,2.91,None
98,4.45,0.1,2.21,1.84,None
98,4.44,0.1,1.71,1.77,None
98,4.42,0.1,1.88,1.99,None
98,4.36,0.1,1.91,1.7,None
98,4.35,0.1,1.87,3.36,None
98,4.34,0.2,2.66,7.27,None
98,4.32,0.1,2.35,1.94,None
98,4.28,0.1,1.64,1.4,None
98,4.27,0.1,1.81,1.51,None
98,4.26,0.1,1.81,1.65,None
98,4.25,0.1,1.68,1.62,None
99,4.92,0.1,2.23,1.85,None
99,4.91,0.1,2.88,3.25,None
99,4.9,0.1,1.79,1.34,None
99,4.89,0.2,2.07,5.88,None
99,4.88,0.2,2.21,7.33,None
99,4.83,0.4,1.95,10.36,None
99,4.83,0.1,1.38,2.16,None
99,4.82,0.4,1.97,10.06,None
99,4.77,0.3,1.96,7.03,None
99,4.77,0.1,1.48,1.78,None
99,4.76,0.2,2.39,7.09,None
99,4.76,0.2,1.97,5.7,None
100,4.91,0.1,1.96,3.41,None
100,4.9,0.2,2.69,6.82,None
100,4.89,0.1,1.82,2.84,None
100,4.88,0.2,2.14,5.6,None
100,4.87,0.2,2.32,6.59,None
100,4.82,0.9,2.37,26.43,None
100,4.81,1,2.37,26.97,None
100,4.76,0.4,3.16,14.52,None
100,4.75,0.2,2.84,7,None
100,4.74,0.3,2.35,10.27,None
100,4.74,0.2,2.19,5.63,None
112,1.91,0.1,1.87,1.27,None
116,2.21,0.1,2.02,2.22,None
117,2.21,0.1,2.43,2.2,None
117,1.91,0.1,1.2,1.13,None
117,1.24,0.1,4.34,7.81,None
117,1.23,0.2,3.22,7.5,None
118,2.21,0.1,1.83,2.02,None
118,1.91,0.3,0.86,2.6,None
118,1.5,0.1,4.37,3.01,None
120,2.21,0.1,2.16,1.6,None
121,2.21,0.1,2.22,1.98,None
122,1.91,0.1,0.98,1.31,None
122,1.35,0.1,1.8,1.7,None
122,1.25,0.1,4.66,4.54,None
122,1.23,0.1,3.45,6.51,None
124,2.21,0.1,2.23,3.16,None
124,2.19,0.1,2.24,1.73,None
124,1.91,0.1,0.87,1.09,None
125,2.21,0.1,2.59,2.95,None
126,2.21,0.1,2.08,1.98,None
127,1.91,0.3,0.87,2.7,None
127,1.25,0.1,162.14,109.06,None
127,1.25,0.1,9.34,13.66,None
127,1.23,0.2,3.79,12.11,None
129,2.21,0.1,2,1.74,None
130,2.21,0.1,1.89,1.33,None
131,2.21,0.1,2.12,1.84,None
131,1.91,0.1,1.08,1.04,None
131,1.25,0.1,27.46,21.2,None
131,1.24,0.1,3.68,3.87,None
131,1.23,0.2,3.8,11.23,None
131,1.19,0.1,1.5,1.5,None
132,2.21,0.1,2.05,2.09,None
132,1.91,0.1,1.06,1.31,None
132,1.25,0.1,11.57,18.48,None
132,1.23,0.2,3.38,7.39,None
133,1.91,0.1,1.54,1.3,None
133,1.5,0.1,6.13,4.73,None
133,1.24,0.1,6.1,8.16,None
133,1.23,0.4,4.39,23.53,None
133,1.18,0.1,1.83,2.07,None
133,1.16,0.1,1.97,1.63,None
133,1.16,0.1,2.61,2.23,None
133,1.14,0.1,2.67,3.23,None
134,2.21,0.1,2.35,1.62,None
134,1.91,0.2,1.08,1.87,None
134,1.24,0.1,6.33,7.59,None
134,1.23,0.2,3.59,9.71,None
135,2.21,0.1,2.51,2.23,None
135,2.04,0.1,2.95,3.34,None
135,1.91,0.1,1.27,1.64,None
135,1.5,0.1,11.16,13.98,None
135,1.4,0.1,3.91,3.93,None
135,1.39,0.1,7.21,9.76,None
136,2.21,0.1,2.02,2.31,None
136,1.91,0.1,0.95,1.08,None
137,2.21,0.1,2.34,2.85,None
137,1.91,0.1,1.18,1.09,None
137,1.5,0.1,7.59,6.29,None
137,1.25,0.1,29.06,31.83,None
138,2.21,0.1,1.83,1.51,None
140,2.21,0.1,2.58,2.96,None
140,1.91,0.1,1.58,2.01,None
140,1.52,0.1,4.02,2.79,None
140,1.5,0.1,7.27,8.06,None
140,1.41,0.1,4.8,3.9,None
145,2.19,0.3,37.13,139.99,None
145,1.91,0.1,1.1,1.68,None
147,2.21,0.1,2.64,2.02,None
148,2.21,0.1,2.12,2.3,None
149,2.23,0.1,2.03,1.42,None
149,2.21,0.1,2.08,2.91,None
149,2.19,0.1,1.83,1.36,None
150,2.21,0.1,2.08,1.55,None
150,2.07,0.1,0.96,0.63,None
150,1.91,0.5,0.87,5.33,None
150,1.24,0.1,13.45,27.5,None
150,1.23,0.2,3.38,9.1,None
151,2.21,0.1,2.72,2.63,None
151,1.91,0.1,1.17,1.25,None
152,2.21,0.1,2.33,2.3,None
152,1.91,0.1,1.03,1.21,None
153,2.21,0.1,2.11,2.03,None
153,1.91,0.2,0.93,1.7,None
153,1.35,0.1,1.53,2.31,None
153,1.27,0.1,200.32,196.07,None
153,1.24,0.1,4.96,4.68,None
153,1.23,0.2,3.44,7.06,None
154,1.91,0.2,1.27,3.67,None
154,1.35,0.1,2.21,3.3,None
154,1.26,0.1,108.66,83.95,None
154,1.24,0.1,6,5.92,None
154,1.23,0.2,4.44,14.47,None
155,2.21,0.1,2.52,2.79,None
157,1.91,0.1,0.94,1.06,None
157,1.24,0.2,9.21,21.28,None
157,1.23,0.3,2.82,9.99,None
157,1.15,0.1,3,2.22,None
160,2.21,0.1,2.11,1.59,None
160,1.91,0.1,0.98,1.1,None
18,1.91,0.1,1.3,1.18,None
19,2.96,0.1,1.9,1.73,None
19,2.95,0.1,1.89,2.64,None
19,2.95,0.1,1.88,1.71,None
22,2.23,0.1,2.32,1.71,None
22,2.21,0.1,2.32,3.55,None
23,2.21,0.1,2.65,3.65,None
23,2.19,0.1,3.57,2.59,None
23,1.91,0.1,1.75,1.46,None
23,1.52,0.1,5.58,4.21,None
23,1.5,0.1,5.96,5.66,None
23,1.35,0.1,2.41,3.79,None
23,1.26,0.1,15.27,18.04,None
24,2.23,0.1,2.01,1.76,None
24,2.21,0.1,1.96,3.35,None
24,2.19,0.1,2.08,1.85,None
24,1.91,0.1,0.91,1.22,None
25,1.91,0.1,4.35,3.48,None
25,1.86,0.1,28.04,19.65,None
25,1.52,0.1,8.88,17.43,None
25,1.5,0.1,7.76,12.89,None
25,1.49,0.1,6.87,6.31,None
25,1.42,0.2,8.15,13.45,None
25,1.38,0.2,7.3,21.23,None
25,1.32,0.1,7.59,6.52,None
28,2.08,0.1,0.85,0.57,None
29,1.24,0.1,5.53,7.13,None
29,1.23,0.3,4.74,17.1,None
29,1.15,0.1,4.14,2.98,None
29,1.07,0.3,2.81,11.72,None
29,1.05,0.7,3.1,28.12,None
29,1.04,0.4,3.73,19.26,None
29,1.04,0.4,3.07,14.91,None
29,1.03,0.4,3.8,20.31,None
29,0.85,0.1,24.65,30.62,None
29,0.07,0.1,4.39,3.69,None
31,2.23,0.1,2.5,2,None
31,2.21,0.1,2.45,3.76,None
31,2.19,0.1,2.32,1.84,None
31,1.91,0.1,1.31,1.41,None
31,1.52,0.1,5.57,4.27,None
31,1.5,0.1,5.54,4.87,None
32,2.21,0.1,2.57,2.49,None
33,2.21,0.1,2.63,3.28,None
33,2.19,0.1,2.7,1.8,None
33,1.91,0.1,1.44,1.69,None
33,1.52,0.1,7.69,9.31,None
33,1.5,0.1,6.9,7.1,None
34,2.23,0.1,2.43,1.68,None
34,2.21,0.1,2.08,2.95,None
34,2.19,0.1,1.96,1.33,None
35,2.23,0.1,3.05,2.17,None
35,2.21,0.1,2.88,4.29,None
35,2.19,0.1,2.69,2.04,None
35,1.91,0.1,1.7,1.5,None
35,1.52,0.1,6.88,6.27,None
35,1.5,0.1,4.91,3.62,None
38,5.1,0.1,9.89,8.11,None
38,4.91,0.2,2.08,4.34,None
38,4.9,0.3,2.93,9.41,None
38,4.89,0.2,1.88,3.52,None
38,4.88,0.4,2.18,12.21,None
38,4.87,0.4,2.32,13.18,None
38,4.85,0.1,6.79,5.16,None
38,4.84,0.1,3.27,2.45,None
38,4.82,1.1,2.52,33.23,None
38,4.81,1.1,2.69,37.67,None
39,4.91,0.2,2.42,7.54,None
39,4.9,0.4,2.98,15.72,None
39,4.89,0.2,1.99,5.83,None
39,4.88,0.4,2.31,10.73,None
39,4.87,0.4,2.2,10.39,None
39,4.85,0.1,5.61,4.21,None
39,4.84,0.1,4.34,3.56,None
39,4.82,1.2,2.67,39.41,None
39,4.81,1.2,2.74,40.19,None
39,4.76,0.6,3.56,28.1,None
39,4.75,0.2,2.04,4.88,None
39,4.74,0.7,3.8,31.69,None
39,4.74,0.2,2.26,6.32,None
39,4.62,0.3,2.87,12.32,None
39,4.6,0.3,2.69,10.87,None
39,4.58,0.3,2.08,8.71,None
39,4.57,0.3,2.08,8.91,None
40,4.74,0.6,3.23,23.17,None
40,4.74,0.3,2.7,10.37,None
40,4.62,0.3,3.11,12.23,None
40,4.61,0.3,2.81,9.75,None
40,4.59,0.4,2.2,10.59,None
40,4.57,0.4,2.2,10.62,None
40,4.48,0.2,2.69,6.61,None
40,4.47,0.4,2.57,12.06,None
40,4.45,0.2,2.79,6.81,None
40,4.44,0.3,2.62,8.73,None
40,4.42,0.3,2.45,8.42,None
40,4.41,0.1,2.68,3.39,None
40,4.39,0.1,3.43,5.43,None
40,4.36,0.2,3.18,6.61,None
40,4.35,0.4,4.19,18.08,None
40,4.33,0.4,4.11,20.29,None
40,4.32,0.1,3.32,6.59,None
40,4.31,0.1,4.11,3.62,None
41,4.82,0.9,2.63,29.3,None
41,4.81,0.9,2.33,25.34,None
41,4.76,0.6,3.18,22.77,None
41,4.75,0.3,2.3,7.82,None
41,4.74,0.6,3.35,24.18,None
41,4.74,0.3,2.2,8,None
41,4.62,0.3,2.81,9.43,None
41,4.61,0.3,2.69,8.74,None
41,4.59,0.4,2.2,10.44,None
41,4.57,0.4,2.31,11.33,None
41,4.48,0.2,2.81,6.12,None
41,4.47,0.3,2.57,9.68,None
41,4.45,0.2,2.69,5.29,None
41,4.44,0.2,2.45,7.1,None
41,4.42,0.3,2.45,7.91,None
42,4.76,0.4,3.65,19.92,None
42,4.75,0.4,3.05,15.63,None
42,4.74,0.3,2.53,10.01,None
42,4.74,0.2,2.6,8.26,None
42,4.62,0.2,2.81,7.4,None
42,4.61,0.2,2.87,7.76,None
42,4.59,0.3,2.31,7.56,None
42,4.57,0.3,2.2,7.91,None
42,4.48,0.2,2.74,6.87,None
42,4.47,0.4,2.69,12.35,None
42,4.45,0.2,2.61,5.44,None
42,4.44,0.2,2.63,7,None
42,4.42,0.2,2.63,7.35,None
42,4.41,0.1,2.84,1.97,None
42,4.39,0.1,3.18,2.84,None
42,4.36,0.2,2.69,6.57,None
42,4.35,0.4,3.88,21.54,None
42,4.34,0.3,2.94,13.27,None
42,4.33,0.1,2.67,3.61,None
42,4.33,0.1,3.15,5.5,None
43,3.57,0.1,2.45,1.85,None
43,3.54,0.1,4.44,3.95,None
43,3.51,0.1,2.16,2.9,None
44,4.74,0.2,1.92,5.26,None
44,4.62,0.2,1.96,4.57,None
44,4.61,0.2,1.83,4.07,None
44,4.59,0.2,1.71,4.85,None
44,4.57,0.2,1.83,5.13,None
44,4.48,0.1,1.96,3.24,None
44,4.47,0.2,2.03,5.72,None
44,4.45,0.1,1.96,2.98,None
44,4.44,0.2,1.59,3.26,None
44,4.42,0.2,1.83,4.08,None
44,4.36,0.1,1.98,3.14,None
44,4.35,0.1,2.02,1.99,None
44,4.35,0.2,1.93,4.09,None
44,4.35,0.1,1.62,1.93,None
44,4.34,0.2,2.18,6.13,None
44,4.33,0.1,1.92,2.07,None
44,4.32,0.1,2.26,2.75,None
71,2.96,0.1,2.13,3.01,None
71,2.95,0.1,2.13,4.34,None
71,2.95,0.1,1.89,2.36,None
72,2.96,0.1,1.9,2.24,None
72,2.95,0.1,2.14,4.24,None
72,2.95,0.1,1.79,2.18,None
73,1.35,0.1,2.58,1.92,None
73,1.24,0.1,6.36,10.84,None
73,1.23,0.4,3.9,18.55,None
73,1.07,0.3,1.71,6.61,None
73,1.05,0.7,2.2,20.95,None
73,1.04,0.5,2.33,12.89,None
73,1.04,0.4,2.25,12.42,None
73,1.03,0.4,2.49,14.74,None
73,0.85,0.1,3.78,3.17,None
73,0.84,0.1,10.31,8.86,None
74,1.23,0.3,3.51,12.03,None
74,1.15,0.1,3.49,2.43,None
74,1.05,0.3,3.68,12.91,None
74,1.03,0.3,4.1,15.11,None
74,0.86,0.1,7.3,6.43,None
74,0.86,0.1,3.23,2.24,None
74,0.85,0.1,5.2,4.92,None
74,0.83,0.1,30.35,37.68,None
74,0.08,1.3,1.31,21.75,None
74,0.07,0.3,1.61,6.08,None
74,0.07,0.1,1.69,2.48,None
77,2.21,0.1,2.57,3,None
77,1.91,0.1,1.52,1.8,None
77,1.52,0.1,7.86,8.56,None
77,1.5,0.1,6.17,4.97,None
78,1.24,0.1,10.14,18.46,None
78,1.23,0.2,2.62,5.7,None
78,1.15,0.1,3.47,2.08,None
78,1.05,0.3,3.38,10.71,None
78,1.03,0.3,4.31,16.42,None
79,2.21,0.1,2.46,2.89,None
79,1.91,0.1,1.42,1.34,None
79,1.52,0.1,9,6.73,None
79,1.35,0.2,2.1,4.17,None
80,2.21,0.1,2.2,1.62,None
81,1.24,0.1,6.09,5.19,None
81,1.23,0.1,3.26,5.76,None
81,1.15,0.1,3.69,2.34,None
81,1.05,0.1,2.64,2.47,None
81,1.03,0.1,4.54,6.73,None
81,0.08,0.2,1.4,3.81,None
82,2.21,0.1,3.43,3.27,None
83,1.91,0.2,0.8,2.36,None
85,1.91,0.1,1.33,1.29,None
85,1.35,0.1,2,1.64,None
85,1.24,0.1,5.27,6.55,None
85,1.23,0.3,3.41,13.7,None
86,1.91,0.1,1.18,1.48,None
86,1.35,0.1,2.04,1.56,None
87,1.24,0.1,10.71,20.34,None
87,1.23,0.2,3.04,7.41,None
87,1.15,0.1,3.99,2.37,None
87,1.05,0.4,3.7,16.78,None
87,1.03,0.4,4.02,18.44,None
87,0.07,0.1,2.43,2.04,None
89,1.91,0.1,1.08,0.87,None
89,1.24,0.1,3.85,6.72,None
89,1.23,0.1,2.52,3.29,None
90,2.21,0.1,2.83,2.16,None
91,4.91,0.1,2.2,3.57,None
91,4.9,0.2,2.82,6.45,None
91,4.89,0.1,1.78,2.69,None
91,4.88,0.4,2.16,9.34,None
91,4.87,0.4,2.32,10.44,None
91,4.82,0.9,2.48,26.01,None
91,4.81,0.9,2.32,23.99,None
91,4.76,0.4,2.5,13.38,None
91,4.75,0.6,3.52,24.47,None
91,4.74,0.1,1.65,2.75,None
91,4.74,0.3,2.08,8.33,None
91,4.62,0.2,2.45,6.03,None
91,4.61,0.2,2.32,5.67,None
91,4.59,0.4,1.96,8.96,None
91,4.57,0.4,2.04,8.9,None
92,4.35,0.3,5.68,19.11,None
92,4.33,0.3,5.34,19.22,None
92,4.32,0.1,7,12.27,None
92,4.28,0.1,3.24,4.73,None
92,4.26,0.2,4.37,13.08,None
92,4.25,0.1,3.53,5.96,None
92,4.13,0.1,5.33,4.15,None
93,4.33,0.3,5.24,20.62,None
93,4.32,0.1,4.18,5,None
93,4.31,0.1,3.42,3.33,None
93,4.28,0.1,2.29,3.15,None
93,4.26,0.2,3.67,9.43,None
93,4.25,0.1,2.69,5.04,None
93,4.13,0.1,3.83,5.58,None
93,4.11,0.1,3.76,5.68,None
93,3.78,0.1,70.86,41.07,None
93,3.66,0.1,59.2,125.6,None
94,4.42,0.1,1.96,2.38,None
94,4.39,0.1,2.39,1.86,None
94,4.35,0.1,2.34,2.61,None
94,4.34,0.1,2.09,1.94,None
94,4.33,0.2,2.95,6.97,None
94,4.32,0.1,3.19,3.58,None
94,4.28,0.1,1.7,1.07,None
94,4.27,0.1,2.1,1.6,None
94,4.26,0.1,1.79,1.42,None
94,4.25,0.1,1.83,1.57,None
94,3.66,0.1,2.9,2.39,None
95,4.46,0.2,2.81,8.09,None
95,4.45,0.1,3.46,5.82,None
95,4.44,0.2,2.57,6.36,None
95,4.42,0.2,2.57,6.75,None
95,4.4,0.1,3.05,3.69,None
95,4.39,0.1,2.85,3.85,None
95,4.36,0.1,2.83,2.92,None
95,4.34,0.2,3.88,10.36,None
95,4.33,0.3,4.7,16.87,None
95,4.32,0.1,4.02,5.34,None
95,4.31,0.1,2.9,1.91,None
95,4.28,0.1,1.83,2.92,None
95,4.26,0.2,3.37,7.69,None
95,4.25,0.2,2.44,5.05,None
95,4.13,0.1,3.37,4.38,None
95,4.11,0.1,3.27,4.42,None
96,4.45,0.1,1.75,1.33,None
96,4.44,0.1,1.47,1.79,None
96,4.42,0.1,1.47,1.83,None
96,4.36,0.1,1.65,2.63,None
96,4.35,0.1,1.95,1.4,None
96,4.35,0.2,1.5,4.31,None
96,4.35,0.1,1.48,0.99,None
96,4.34,0.2,2.23,6.38,None
96,4.32,0.1,2.08,1.87,None
96,4.28,0.1,1.43,1.28,None
96,4.27,0.1,1.39,1.33,None
96,4.26,0.1,1.5,1.48,None
96,4.25,0.1,1.47,1.44,None
97,4.91,0.2,2.2,4.49,None
97,4.9,0.3,2.73,8.36,None
97,4.89,0.2,1.87,3.19,None
97,4.88,0.4,2.13,10.07,None
97,4.87,0.4,2.32,12.27,None
97,4.82,1.1,2.23,29.51,None
97,4.81,1.1,2.29,30.89,None
97,4.76,0.5,2.8,16.72,None
97,4.75,0.7,3.54,26.39,None
97,4.74,0.4,2.64,12.59,None
98,4.04,0.1,3.77,2.47,None
98,3.64,0.1,5.45,5.09,None
98,3.57,0.1,2.66,2.27,None
98,3.56,0.1,1.74,1.03,None
98,3.54,0.1,3.23,3.16,None
98,3.53,0.1,3.51,3.41,None
98,3.5,0.3,2.45,9.88,None
98,3.48,0.1,21.07,16.34,None
98,3.13,0.1,3.22,2.46,None
99,4.75,0.1,1.65,2.73,None
99,4.75,0.2,1.95,6.29,None
99,4.63,0.1,1.96,2.58,None
99,4.62,0.1,1.96,2.6,None
99,4.6,0.3,1.71,5.71,None
99,4.58,0.3,1.83,6.16,None
99,4.49,0.1,1.99,2.34,None
99,4.48,0.2,2.08,3.94,None
99,4.46,0.1,2.08,2.27,None
99,4.45,0.1,1.71,2.04,None
99,4.43,0.1,1.95,2.54,None
99,4.37,0.1,2.09,4.12,None
99,4.36,0.1,1.7,1.44,None
99,4.36,0.3,2.25,9.23,None
99,4.35,0.3,2.41,9.97,None
99,4.33,0.1,2.2,3.17,None
100,4.62,0.2,2.45,6.72,None
100,4.61,0.2,2.32,5.98,None
100,4.59,0.2,1.96,5.13,None
100,4.57,0.2,2.08,5.5,None
100,4.48,0.2,2.2,4.52,None
100,4.47,0.3,2.32,9.47,None
100,4.45,0.2,2.2,4.43,None
100,4.44,0.2,2.06,5.26,None
100,4.42,0.2,2.2,5.73,None
100,4.36,0.2,2.2,4.36,None
100,4.35,0.4,2.99,13.19,None
100,4.34,0.3,2.82,9.82,None
100,4.33,0.1,1.92,1.94,None
100,4.32,0.1,2.61,2.87,None
100,4.28,0.2,1.54,4.3,None
100,4.27,0.2,1.77,5.13,None
111,2.07,0.1,0.94,0.58,None
111,1.9,0.1,1.83,1.33,None
111,1.24,0.3,3.86,13.23,None
111,1.23,0.2,2.83,7.64,None
112,1.24,0.5,3.97,28.53,None
112,1.23,0.3,3.06,10.4,None
112,1.15,0.1,3.97,2.61,None
112,1.11,0.1,10.93,7.63,None
112,1.09,0.1,148.54,153.17,None
112,1.07,0.3,1.31,5.13,None
112,1.05,0.6,1.21,7.15,None
112,1.04,1.6,4.21,82.07,None
112,1.04,0.3,1.15,3.8,None
112,1.03,1.6,2.81,53.9,None
112,1.02,0.2,4.46,11.71,None
112,1,0.2,2.39,3.81,None
112,0.85,0.1,2.42,2.99,None
112,0.84,0.1,5.08,4.58,None
113,2.08,0.1,0.8,0.8,None
113,1.91,0.8,0.96,8.95,None
114,1.24,0.5,4.58,30.7,None
114,1.23,0.3,4.25,19.28,None
114,1.11,0.1,20.85,22.92,None
114,1.07,0.3,1.23,5.47,None
114,1.05,0.6,1.09,8.72,None
114,1.04,1.7,3.19,65.95,None
114,1.04,0.5,1.76,12.19,None
114,1.03,1.8,3.84,98.12,None
114,1.02,0.2,2.82,4.52,None
114,1,0.1,2.63,5.21,None
114,0.85,0.1,3.28,3.57,None
115,2.08,0.1,0.82,0.66,None
115,1.91,0.8,0.94,9.18,None
116,2.04,0.1,2.64,1.69,None
116,1.91,0.1,1.08,1.56,None
116,1.5,0.1,7.21,7.65,None
116,1.41,0.1,4.82,3.56,None
116,1.39,0.1,5.27,3.99,None
116,1.27,0.1,23.95,18.19,None
116,1.24,0.3,5.37,20.41,None
116,1.23,0.2,3.47,9.28,None
117,1.15,0.1,3.31,2.11,None
117,1.05,0.3,3.28,12.49,None
117,1.03,0.4,4.42,19.15,None
117,0.08,0.3,1.01,3.57,None
118,1.26,0.1,21.2,17.91,None
118,1.24,0.1,4.83,7.26,None
118,1.23,0.2,3.68,11.39,None
118,1.18,0.1,1.48,1.01,None
118,1.15,0.1,3.57,2.4,None
118,1.05,0.1,0.95,1,None
118,1.05,0.2,3.03,9.54,None
118,1.04,0.2,2.49,4.67,None
118,1.03,0.3,3.32,12.44,None
118,1.03,0.1,2.31,3.9,None
118,1.02,0.1,2.28,1.54,None
120,1.91,0.2,0.98,2.78,None
120,1.52,0.1,11.39,8.71,None
120,1.41,0.2,3.1,6.59,None
120,1.39,0.1,3.82,6.04,None
120,1.26,0.1,16.72,17.73,None
120,1.24,0.3,5.23,18.85,None
120,1.23,0.2,2.49,6.08,None
121,1.91,0.1,0.95,1.35,None
121,1.5,0.1,6.19,4.78,None
121,1.25,0.1,16.46,20.91,None
121,1.24,0.2,4.28,10.86,None
121,1.23,0.1,2.76,4.34,None
121,1.15,0.1,3.36,2.06,None
122,1.15,0.1,3.64,2.33,None
122,1.07,0.1,0.98,0.8,None
122,1.05,0.1,1.08,1.81,None
122,1.05,0.1,2.63,4,None
122,1.04,0.1,2.28,3.24,None
122,1.04,0.1,1.06,0.93,None
122,1.03,0.1,2.56,4.52,None
122,1.03,0.1,2.27,2.57,None
122,0.08,0.3,0.98,3.7,None
123,1.91,0.2,0.96,2.9,None
123,1.41,0.1,3.14,4.8,None
123,1.39,0.1,4.48,5.17,None
123,1.26,0.1,15.51,12.55,None
123,1.24,0.2,5.35,11.71,None
123,1.23,0.2,3.04,6.12,None
124,1.52,0.1,5.39,3.42,None
124,1.5,0.1,5.23,4.17,None
124,1.35,0.1,1.58,1.24,None
124,1.25,0.1,4.47,6.16,None
124,1.23,0.2,4,9.9,None
124,1.19,0.1,1.45,1.5,None
124,1.15,0.1,3.23,2.24,None
124,1.07,0.1,0.87,1.56,None
124,1.05,0.3,0.88,3.19,None
125,1.91,0.1,1.03,1.32,None
125,1.5,0.1,5.51,4.17,None
125,1.35,0.1,1.83,2.08,None
125,1.24,0.1,4.65,6.78,None
125,1.23,0.2,3.53,11.53,None
125,1.14,0.1,3.26,2.68,None
126,1.91,0.2,1.05,2.64,None
126,1.5,0.1,6.87,6.13,None
126,1.41,0.1,3.33,5.18,None
126,1.39,0.1,4.01,3.94,None
126,1.38,0.1,5.81,4.52,None
126,1.25,0.3,6.21,29.08,None
126,1.23,0.3,3.83,13.65,None
127,1.05,0.1,0.96,1.15,None
127,1.05,0.2,2.46,6.93,None
127,1.04,0.2,2.44,7.78,None
127,1.04,0.1,2.17,2.17,None
127,1.03,0.2,2.16,5.36,None
127,1.03,0.2,2.31,7.36,None
127,0.84,0.1,33.48,48.18,None
127,0.08,0.4,0.95,4.33,None
128,1.91,0.1,0.97,1.69,None
128,1.52,0.1,23.74,14.49,None
128,1.41,0.1,4.51,6.54,None
128,1.39,0.1,5.64,7.33,None
128,1.24,0.3,7.57,35.94,None
128,1.23,0.2,2.74,4.95,None
129,1.91,0.2,1.07,2.77,None
129,1.25,0.1,10.93,20.88,None
129,1.23,0.2,3.5,10.7,None
129,1.05,0.1,1.57,2.33,None
129,1.04,0.4,2.86,11.67,None
130,1.91,0.3,0.79,2.88,None
130,1.52,0.1,14.21,10.82,None
130,1.41,0.1,3.54,5.25,None
130,1.39,0.1,5.2,6.22,None
130,1.26,0.1,18.99,26.46,None
130,1.24,0.2,4.48,12.81,None
130,1.23,0.2,3.04,5.77,None
131,1.05,0.3,3.38,11.22,None
131,1.03,0.4,5.05,23.28,None
131,1.02,0.1,2.34,1.66,None
131,0.08,0.3,1.04,3.51,None
132,1.15,0.1,3.58,2.1,None
132,1.07,0.1,1.06,0.66,None
132,1.05,0.1,1.11,1.52,None
132,1.05,0.2,2.95,6.93,None
132,1.04,0.1,2.26,3.25,None
132,1.04,0.1,1.38,1.35,None
132,1.03,0.2,2.62,5.97,None
132,1.03,0.1,2.63,4.47,None
132,0.08,0.4,1.02,4.17,None
133,1.07,0.1,1.15,1.09,None
133,1.05,0.1,1.18,1.84,None
133,1.05,0.3,3.51,12.53,None
133,1.03,0.2,4.15,9.58,None
133,1.03,0.3,4.02,17.06,None
133,1.02,0.1,3.49,4.69,None
133,0.08,0.3,1.3,4.35,None
134,1.15,0.1,3.42,2.34,None
134,1.07,0.1,1.12,1.49,None
134,1.05,0.2,1.15,3.28,None
134,1.05,0.3,3.29,10.06,None
134,1.04,0.1,2.86,5.99,None
134,1.03,0.2,3.72,10.29,None
134,1.02,0.1,2.87,1.99,None
134,0.84,0.1,22.23,23.75,None
134,0.08,0.3,1.12,4.06,None
135,1.26,0.1,21.27,17.44,None
135,1.24,0.3,5.16,17.6,None
135,1.23,0.3,5.13,23.94,None
135,1.14,0.1,4.99,3.47,None
135,1.07,0.1,1.07,0.8,None
135,1.04,1.5,3.75,62.49,None
135,1.03,1.9,4.82,110.43,None
135,1.02,0.3,3.82,15.79,None
135,1,0.3,3.6,12.19,None
135,0.84,0.1,45.62,68.87,None
135,0.08,0.4,1.14,6.05,None
136,1.5,0.1,4.69,3.54,None
136,1.26,0.1,79.84,62.65,None
136,1.25,0.1,6.3,12.35,None
136,1.23,0.2,3.67,9.79,None
136,1.19,0.1,1.51,1.11,None
136,1.15,0.1,3.26,2.15,None
136,1.07,0.1,0.98,1.42,None
137,1.25,0.1,3.81,4.74,None
137,1.23,0.2,3.96,12.46,None
137,1.19,0.2,1.82,3.6,None
137,1.15,0.1,3.3,1.81,None
137,1.07,0.1,1.33,1.09,None
137,1.05,0.1,1.55,2.5,None
137,1.04,0.4,3.63,15.98,None
137,1.03,0.4,4.11,17.73,None
137,0.08,0.3,1.16,3.96,None
138,1.91,0.2,0.87,2.25,None
138,1.41,0.1,3.35,6,None
138,1.39,0.1,4.49,6.21,None
138,1.25,0.3,8.39,39.17,None
138,1.23,0.2,3.01,7.36,None
139,2.21,0.1,2.24,1.94,None
139,1.91,0.1,1.41,1.97,None
139,1.54,0.1,22.5,25.57,None
139,1.5,0.1,5.05,3.48,None
139,1.41,0.1,3.54,4.73,None
139,1.39,0.1,4.88,6.52,None
139,1.24,0.3,8.41,39.82,None
139,1.23,0.4,3.05,16.79,None
140,1.24,0.4,7.4,40.35,None
140,1.23,0.2,3.82,7.67,None
140,1.04,1.4,4.16,67.7,None
140,1.03,1.4,4.08,67.43,None
140,1.01,0.2,3.14,6.64,None
140,1,0.1,2.64,4.86,None
140,0.84,0.1,32.78,31.38,None
140,0.08,0.5,1.31,7.43,None
140,0.08,0.1,1.2,1.25,None
141,2.21,0.1,2.52,1.81,None
141,1.91,0.1,1.2,1.39,None
141,1.24,0.1,4.92,6.47,None
141,1.23,0.2,3.62,9.43,None
142,2.21,0.1,2.53,2.38,None
142,1.91,0.1,1.19,1.11,None
142,1.26,0.1,8.42,7.7,None
142,1.24,0.1,4.06,6.23,None
142,1.23,0.2,3.88,12.37,None
145,1.56,0.2,36.09,111.36,None
145,1.26,0.1,7.44,8.87,None
145,1.24,0.4,5.09,27.38,None
145,1.23,0.9,3.59,39.89,None
145,1.18,0.7,8.07,73.21,None
145,1.18,0.8,7.48,79.47,None
145,1.16,2.1,6.17,160.57,None
145,1.15,0.9,5.88,65.3,None
145,1.05,0.1,0.99,1.4,None
145,1.05,1.1,3.63,47.61,None
145,1.03,1.3,4.72,76.5,None
145,1.02,0.1,2.57,3.77,None
145,1,0.2,2.8,4.61,None
146,2.21,0.1,2.08,2,None
146,1.91,0.1,1.08,1.23,None
146,1.5,0.1,4.03,2.78,None
146,1.24,0.3,7.24,28.24,None
146,1.23,0.2,2.74,6.47,None
147,1.91,0.1,1.12,1.13,None
147,1.25,0.1,7.51,13.35,None
147,1.23,0.3,3.65,13.85,None
147,1.19,0.1,1.71,1.23,None
147,1.15,0.1,3.06,1.83,None
148,1.91,0.1,1.14,1.11,None
148,1.52,0.1,4.16,3.11,None
148,1.5,0.1,4.63,4.2,None
148,1.26,0.1,22.2,32.26,None
148,1.25,0.1,4.33,8.5,None
148,1.23,0.3,3.65,13.1,None
149,1.52,0.1,4.7,5.21,None
149,1.5,0.1,5.42,6.77,None
149,1.35,0.1,213.36,144.53,None
149,1.26,0.1,10.58,9.64,None
149,1.25,0.3,5.41,23.66,None
149,1.23,0.2,3.74,11.15,None
150,1.07,0.5,0.97,5.81,None
150,1.05,1,0.95,12.85,None
150,1.05,0.3,2.32,7.52,None
150,1.04,0.7,1.27,11.12,None
150,1.04,0.6,1.05,7.68,None
150,1.03,0.3,2.23,7.18,None
150,1.03,0.7,1.26,11.03,None
150,1.02,0.1,2.93,2.62,None
150,0.86,0.1,2.26,1.92,None
150,0.86,0.1,1.56,1.1,None
150,0.85,0.1,2.52,1.71,None
150,0.85,0.1,2.38,2.24,None
150,0.84,0.1,3.54,2.6,None
150,0.83,0.1,37.89,39.89,None
151,1.35,0.1,1.94,1.96,None
151,1.24,0.1,4.44,4.75,None
151,1.23,0.2,3.19,9.83,None
151,1.19,0.1,1.71,1.08,None
151,1.15,0.1,3.12,2.88,None
151,1.07,0.1,1.22,0.83,None
151,1.05,0.1,1.31,1.97,None
152,1.35,0.2,1.76,3.7,None
152,1.24,0.1,4.64,6.79,None
152,1.23,0.2,3.32,10.77,None
152,1.14,0.1,3.47,2.27,None
153,1.05,0.1,0.98,0.81,None
153,1.05,0.2,2.91,8.28,None
153,1.04,0.2,2.33,4.85,None
153,1.04,0.1,1.12,0.71,None
153,1.03,0.2,2.46,6.8,None
153,1.03,0.2,2.27,4.73,None
153,0.08,0.3,0.88,3.11,None
154,1.05,0.1,1.47,1.13,None
154,1.04,0.3,3.55,11.5,None
154,1.03,0.4,4.77,22.54,None
154,0.86,0.1,2.38,1.53,None
154,0.85,0.1,2.52,1.23,None
154,0.85,0.1,3.52,2.87,None
154,0.83,0.1,33.64,37.29,None
154,0.08,0.3,1.22,4.42,None
155,1.91,0.1,0.96,1.25,None
155,1.5,0.1,7.61,5.51,None
155,1.35,0.2,1.72,4.37,None
155,1.26,0.1,16.88,12.95,None
155,1.24,0.1,4.38,5.76,None
155,1.23,0.2,3.41,7.13,None
155,1.19,0.1,1.56,1.03,None
155,1.15,0.1,3.62,2.56,None
156,2.21,0.1,2.64,2.46,None
156,1.91,0.1,0.87,1.24,None
156,1.5,0.1,5.22,4.11,None
156,1.41,0.1,4.54,3.06,None
157,1.05,0.1,1.84,2.08,None
157,1.05,0.3,3.13,8.59,None
157,1.03,0.2,3.07,9.38,None
157,1.03,0.2,2.65,5.33,None
157,0.85,0.1,2,1.4,None
157,0.08,0.3,0.95,3.4,None
158,1.91,0.1,0.99,1.23,None
158,1.24,0.1,11.92,20.9,None
158,1.23,0.2,3.27,9.84,None
158,1.07,0.1,0.97,0.77,None
158,1.05,0.1,1.04,1.75,None
158,1.05,0.2,2.54,6.98,None
158,1.04,0.2,2.27,5.45,None
158,1.04,0.1,0.83,0.51,None
159,2.21,0.1,2.08,1.51,None
159,1.91,0.1,0.96,1.14,None
159,1.41,0.1,4.43,2.99,None
159,1.26,0.1,8.65,6.49,None
159,1.24,0.3,5.42,22.83,None
159,1.23,0.3,3.95,17.28,None
160,1.25,0.1,5.09,6.98,None
160,1.23,0.2,3.63,11.56,None
160,1.15,0.1,2.98,2.06,None
18,1.24,0.2,4.14,13.46,None
18,1.23,0.2,2.56,6.39,None
18,1.07,0.4,1.22,5.39,None
18,1.05,0.7,1.21,10.47,None
18,1.05,0.3,2.11,7.32,None
18,1.04,0.9,2.11,26.55,None
18,1.04,0.4,1.37,6.85,None
18,1.03,1,2.75,36.72,None
18,1.02,0.1,2.23,2.09,None
18,1,0.1,1.94,1.72,None
18,0.85,0.1,2.84,2.15,None
19,2.08,0.1,0.85,0.77,None
22,2.19,0.1,2.2,1.55,None
22,1.91,0.1,1.42,1.57,None
22,1.52,0.1,6.28,6.44,None
22,1.5,0.1,6.43,8.6,None
22,1.49,0.1,4.41,2.75,None
22,1.43,0.1,5.62,6.36,None
22,1.38,0.2,5.17,10.79,None
22,1.28,0.1,5.11,4,None
23,1.25,0.1,4.08,5.88,None
23,1.23,0.3,4.74,20.74,None
23,1.14,0.1,3.59,2.21,None
23,1.11,0.1,1.85,1.42,None
23,1.04,0.5,3.8,20.5,None
23,1.03,0.5,4.38,26.34,None
23,0.85,0.1,15.44,18.56,None
23,0.07,0.1,2.81,2.27,None
24,1.52,0.1,5.2,4.56,None
24,1.5,0.1,5.36,5.51,None
24,1.35,0.2,1.7,4.85,None
24,1.26,0.1,35.2,27.17,None
24,1.25,0.1,5.13,10.77,None
24,1.23,0.3,3.8,14.97,None
24,1.15,0.1,3.35,2.52,None
24,1.11,0.1,0.98,1.3,None
25,1.27,0.1,15.91,26.18,None
25,1.25,0.5,7.07,50.49,None
25,1.23,0.3,5.75,19.43,None
25,1.2,0.1,39.95,36.82,None
25,1.14,0.1,6.65,5.23,None
25,1.11,0.1,4.8,5.44,None
25,1.04,2.3,4.54,123.79,None
25,1.03,2.7,5.45,182.48,None
25,1.01,0.3,5.91,24.5,None
25,1,0.3,4.84,15.05,None
25,0.97,0.1,45.48,51.52,None
25,0.87,0.1,5.77,4.3,None
25,0.85,0.1,6.38,9.84,None
25,0.83,0.1,23.12,31.48,None
25,0.07,0.1,3.39,2.56,None
27,1.91,0.8,0.87,8.34,None
27,1.37,0.1,10.77,6.99,None
27,1.24,0.3,8.13,29.14,None
27,1.23,0.2,2.27,5.42,None
27,1.11,0.2,0.89,2.21,None
27,1.07,0.2,0.8,1.55,None
27,1.05,0.3,0.74,2.76,None
27,1.04,1.4,2.81,44.6,None
27,1.04,0.2,7.43,20.6,None
27,1.03,1.5,3.1,59.32,None
28,1.91,0.8,0.87,9.12,None
28,1.25,0.1,46.8,48.69,None
28,1.23,0.3,3.64,13.88,None
28,1.11,0.2,0.93,2.19,None
28,1.07,0.2,0.78,1.66,None
28,1.05,0.3,0.84,3.76,None
28,1.05,0.1,2.09,1.99,None
28,1.04,0.3,1.34,4.82,None
28,1.04,0.2,0.9,2,None
28,1.03,0.1,1.95,2.46,None
30,2.08,0.1,0.8,1.1,None
30,1.91,1,0.86,10.65,None
31,1.26,0.1,148.3,185.2,None
31,1.25,0.1,4.51,8.57,None
31,1.23,0.3,3.94,14.22,None
31,1.11,0.1,1.33,1.01,None
31,1.05,0.4,3.33,15.47,None
31,1.03,0.4,3.75,19.17,None
31,0.86,0.1,2.89,2.24,None
31,0.85,0.1,6.94,5.61,None
32,1.91,0.1,1.83,1.58,None
32,1.52,0.1,7.9,8.21,None
32,1.5,0.1,5.44,4.06,None
32,1.42,0.1,6.58,7.31,None
32,1.38,0.2,4.35,9.41,None
32,1.27,0.1,10.13,6.61,None
32,1.25,0.4,6.52,32.56,None
32,1.23,0.1,3.71,5.02,None
33,1.42,0.1,7.63,6.98,None
33,1.38,0.1,5.66,8.93,None
33,1.26,0.1,9.93,9.51,None
33,1.25,0.4,6.18,31.18,None
33,1.23,0.1,3.56,5.68,None
33,1.11,0.1,1.62,2.37,None
33,1.04,1.6,3.68,64.73,None
33,1.03,1.7,4.07,82.9,None
33,1.01,0.1,2.33,3.92,None
33,1,0.2,2.32,4.5,None
33,0.86,0.1,3.18,3.15,None
33,0.84,0.1,9.96,7.49,None
34,1.91,0.1,1.43,1.52,None
34,1.52,0.1,5.6,6.49,None
34,1.5,0.1,6.22,8.14,None
34,1.49,0.1,3.7,2.5,None
34,1.43,0.2,4.18,8.62,None
34,1.42,0.1,3.91,3.48,None
34,1.38,0.2,3.97,11.88,None
34,1.28,0.1,5.83,4.98,None
35,1.26,0.1,26.05,30.13,None
35,1.25,0.1,5.35,7.55,None
35,1.23,0.2,4.41,13.17,None
35,1.15,0.1,4.01,2.51,None
35,1.11,0.1,1.81,1.34,None
35,1.05,0.4,4.12,20.1,None
35,1.03,0.4,4.14,20.22,None
35,0.85,0.1,13.23,10.35,None
37,4.91,0.2,2.32,7.26,None
37,4.9,0.4,2.93,14.46,None
37,4.89,0.2,1.92,4.37,None
37,4.88,0.5,2.43,16.95,None
37,4.87,0.6,2.32,16.42,None
37,4.86,0.1,2.74,2.02,None
37,4.85,0.1,5.2,4.98,None
37,4.83,0.9,2.44,23.3,None
37,4.83,0.9,2.61,28.94,None
37,4.82,1,2.39,27.62,None
37,4.82,0.8,2.21,21.06,None
37,4.77,0.7,3.03,22.3,None
37,4.76,0.8,2.48,25.93,None
37,4.75,0.5,2.32,14.33,None
37,4.74,0.4,3.08,18.38,None
37,4.73,0.1,3.47,2.76,None
38,4.76,0.5,2.76,17.68,None
38,4.75,0.8,3.87,36.7,None
38,4.74,0.4,2.46,12.29,None
38,4.62,0.2,2.69,8.44,None
38,4.61,0.2,2.69,8.14,None
38,4.59,0.4,2.08,10.95,None
38,4.57,0.4,2.08,11.5,None
38,4.48,0.2,2.32,5.96,None
38,4.47,0.4,2.57,12.68,None
38,4.45,0.2,2.71,7.17,None
38,4.44,0.2,2.41,7.09,None
38,4.42,0.2,2.35,7.15,None
38,4.41,0.1,2.82,3.93,None
38,4.39,0.1,3.13,5.31,None
38,4.36,0.2,2.66,6.91,None
38,4.35,0.1,2.3,3.1,None
39,4.55,0.1,1.57,2.4,None
39,4.54,0.1,1.59,2.11,None
39,4.48,0.2,2.45,6.43,None
39,4.46,0.4,2.55,13.65,None
39,4.45,0.2,3.3,10.01,None
39,4.44,0.3,2.45,9.81,None
39,4.42,0.3,2.36,9.69,None
39,4.4,0.1,2.57,4.04,None
39,4.39,0.2,2.92,6.16,None
39,4.38,0.1,2.49,1.56,None
39,4.36,0.2,3.24,8.04,None
39,4.34,0.4,3.41,17.57,None
39,4.33,0.4,4.2,23.52,None
39,4.32,0.1,3.18,5.79,None
39,4.31,0.1,3.15,3.57,None
39,4.28,0.3,1.71,5.72,None
39,4.27,0.2,1.96,6.06,None
39,4.26,0.3,2.01,7.94,None
39,4.25,0.3,1.83,6.69,None
39,4.13,0.1,3.07,5.36,None
39,4.11,0.1,3.07,5.67,None
39,3.95,0.1,16.3,11.62,None
40,4.28,0.2,1.71,5.15,None
40,4.26,0.2,2.05,6.04,None
40,4.26,0.2,1.91,6.28,None
40,4.25,0.3,1.83,6.21,None
40,4.13,0.1,3.63,4.43,None
40,4.12,0.1,3.62,4.83,None
41,4.36,0.2,3.22,8.76,None
41,4.35,0.5,3.31,18.84,None
41,4.33,0.5,3.43,20.64,None
41,4.32,0.1,2.69,4.74,None
41,4.28,0.2,1.79,4.16,None
41,4.26,0.3,3.09,8.26,None
41,4.25,0.2,1.96,5.45,None
42,4.28,0.2,1.83,5.63,None
42,4.27,0.2,1.77,4.72,None
42,4.26,0.3,2.12,7.13,None
42,4.25,0.3,1.83,6.04,None
42,4.04,0.1,4.04,3.12,None
42,3.68,0.1,2.2,1.76,None
42,3.68,0.1,2.93,4.54,None
42,3.67,0.1,2.36,3.52,None
42,3.66,0.1,2.78,4.91,None
42,3.65,0.2,3.65,8.45,None
42,3.65,0.1,2.97,3.86,None
42,3.64,0.1,4.93,10.04,None
42,3.63,0.1,4.92,8.59,None
42,3.61,0.1,2.65,1.8,None
43,3.13,0.1,3.21,1.96,None
44,4.28,0.2,1.47,2.77,None
44,4.27,0.1,1.71,3.18,None
44,4.26,0.1,1.42,2.65,None
44,4.25,0.2,1.53,2.9,None
44,3.67,0.1,1.93,1.8,None
44,3.66,0.1,1.9,1.87,None
44,3.65,0.1,3.17,4.95,None
44,3.65,0.1,2.14,1.71,None
44,3.64,0.1,2.5,2.97,None
44,3.63,0.1,3.84,4.47,None
71,2.08,0.1,0.95,1.16,None
71,1.91,0.8,1.15,10.67,None
71,1.75,0.1,1.69,1.01,None
77,1.25,0.3,4.91,17.85,None
77,1.23,0.2,4.46,13.27,None
77,1.11,0.1,1.85,1.88,None
77,1.04,1.7,3.7,69.87,None
77,1.03,1.8,4.38,98.07,None
77,1.02,0.2,2.6,5.19,None
77,1,0.2,2.91,5.86,None
77,0.85,0.1,3.54,2.76,None
77,0.84,0.1,10.13,7.78,None
77,0.07,0.1,2.47,1.72,None
79,1.26,0.1,12,9.87,None
79,1.24,0.1,5.66,8.24,None
79,1.23,0.3,3.38,11.22,None
79,1.15,0.1,3.07,2.42,None
79,1.05,0.4,3.54,14.15,None
79,1.03,0.4,4.07,20.94,None
79,0.85,0.1,32.89,30.87,None
80,2.08,0.1,0.96,0.77,None
80,1.91,0.1,1.1,1.4,None
82,1.91,0.1,1.21,1.65,None
82,1.35,0.1,2.1,2.05,None
82,1.24,0.1,5.95,7.51,None
82,1.23,0.2,3.16,8.94,None
82,1.14,0.1,2.99,2.94,None
82,1.07,0.1,1.09,1.86,None
83,1.25,0.1,7.08,5.24,None
83,1.23,0.2,3.55,7.29,None
83,1.07,0.1,0.76,1.02,None
83,1.05,0.2,0.79,2.22,None
83,1.05,0.1,2.6,2.98,None
83,1.04,0.1,1.8,1.88,None
83,1.04,0.1,0.62,0.94,None
83,1.03,0.1,2.58,3.46,None
84,1.91,0.2,1.06,2.42,None
84,1.35,0.1,1.76,2.29,None
84,1.24,0.1,4.7,5.18,None
84,1.23,0.2,3.41,7.93,None
84,1.15,0.1,3.82,2.72,None
84,1.07,0.1,1.03,0.98,None
85,1.14,0.1,3.21,3.35,None
85,1.07,0.1,1.28,1.42,None
85,1.05,0.2,1.58,4.24,None
85,1.04,0.3,3.41,10.58,None
85,1.04,0.1,0.83,0.55,None
85,1.03,0.3,3.91,15.28,None
85,0.85,0.1,3.45,2.4,None
85,0.08,0.3,1.36,5.82,None
86,1.25,0.1,11.49,22.62,None
86,1.23,0.1,3.06,5.33,None
86,1.15,0.1,3.45,2.3,None
86,1.11,0.1,1.29,2.33,None
86,1.05,0.2,3.26,9.62,None
86,1.04,0.1,2.2,3.26,None
86,1.03,0.3,3.78,13.34,None
86,0.85,0.1,16.61,17.77,None
86,0.07,0.1,2.08,2.09,None
89,1.08,0.1,1.23,0.89,None
89,1.05,0.1,0.83,0.71,None
89,1.05,0.2,3.52,7.87,None
89,1.03,0.2,4.23,11.32,None
89,0.08,0.1,0.9,0.62,None
90,1.91,0.1,1.08,1.56,None
90,1.41,0.1,3.38,3.83,None
90,1.25,0.3,6.63,22.99,None
90,1.23,0.2,3.83,9.72,None
91,4.48,0.2,2.2,4.68,None
91,4.47,0.3,2.32,9.06,None
91,4.45,0.2,2.32,4.5,None
91,4.44,0.2,2,4.65,None
91,4.42,0.2,2.08,4.88,None
91,4.4,0.1,2.71,3.37,None
91,4.39,0.1,2.32,3.08,None
91,4.36,0.1,2.43,2.77,None
91,4.35,0.1,2.68,4.93,None
91,4.35,0.2,2.65,4.84,None
91,4.34,0.3,2.57,9.87,None
91,4.33,0.1,3.04,3.66,None
91,4.32,0.1,2.32,4.32,None
91,4.31,0.1,2.64,2.7,None
91,4.28,0.2,1.69,4.45,None
91,4.27,0.2,1.68,3.55,None
91,4.26,0.2,1.85,5.08,None
91,4.25,0.2,1.67,4.27,None
91,4.13,0.1,2.57,3.14,None
91,4.12,0.1,2.57,3.31,None
93,3.57,0.2,3.64,10.99,None
93,3.56,0.2,3.36,7.09,None
93,3.54,0.3,5.89,20.73,None
93,3.53,0.2,4.94,13.15,None
93,3.51,0.3,2.86,10.43,None
94,3.65,0.1,5.39,4.03,None
94,3.64,0.1,3.06,2.63,None
94,3.63,0.1,3,2.49,None
94,3.58,0.1,2.2,1.74,None
94,3.57,0.1,2.78,3.89,None
94,3.56,0.1,2.44,3.1,None
94,3.54,0.2,5.68,12.98,None
94,3.53,0.1,2.51,3.24,None
94,3.51,0.3,2.39,7.28,None
94,3.48,0.1,160.55,303.49,None
95,3.68,0.1,2.58,2.01,None
95,3.67,0.1,3.05,3.55,None
95,3.65,0.1,6.36,11.86,None
95,3.64,0.1,2.9,4.12,None
95,3.63,0.1,3.73,5.38,None
95,3.57,0.2,2.81,8.56,None
95,3.56,0.2,2.58,5,None
95,3.54,0.2,5.58,16.81,None
95,3.53,0.1,2.33,4.4,None
96,3.65,0.1,4.1,2.98,None
96,3.57,0.1,2.45,2.35,None
96,3.56,0.1,1.93,1.27,None
96,3.54,0.1,4.49,5.37,None
96,3.53,0.1,2.69,2.53,None
96,3.5,0.4,2.32,10.5,None
96,3.48,0.1,5.02,5.93,None
96,3.47,0.1,3.78,6.99,None
96,3.46,0.1,1.67,1.21,None
96,3.45,0.2,1.52,3.7,None
97,4.62,0.2,2.57,7.48,None
97,4.61,0.2,2.57,7.21,None
97,4.59,0.4,2.07,10.05,None
97,4.57,0.4,2.08,10.06,None
97,4.48,0.2,2.45,5.87,None
97,4.47,0.4,2.45,10.96,None
97,4.45,0.2,2.56,6.01,None
97,4.44,0.2,2.2,5.51,None
97,4.43,0.2,2.32,6.41,None
97,4.36,0.2,2.19,5.05,None
97,4.36,0.1,2.49,3.04,None
97,4.35,0.4,3.02,15.05,None
97,4.34,0.4,2.96,17.09,None
97,4.33,0.1,1.72,1.4,None
97,4.33,0.2,2.78,5.7,None
97,4.28,0.2,1.48,4.55,None
97,4.26,0.3,2.75,9.72,None
97,4.25,0.3,1.72,5.84,None
98,3.11,0.1,5.97,5.9,None
98,3.1,0.1,3.07,2.25,None
98,3.08,0.1,1.94,1.29,None
98,3.06,0.1,2.15,1.33,None
98,3.04,0.1,2.51,3.27,None
98,2.96,0.1,2.05,2.19,None
98,2.95,0.1,1.81,3.13,None
98,2.95,0.1,2.16,2.81,None
99,4.29,0.1,1.47,1.89,None
99,4.28,0.1,1.71,2.3,None
99,4.27,0.1,1.4,1.73,None
99,4.26,0.1,1.59,2.22,None
99,4.05,0.1,3.81,2.98,None
99,3.68,0.1,1.97,1.51,None
99,3.67,0.1,2.53,2.4,None
99,3.66,0.1,3.66,3.57,None
100,4.26,0.2,1.62,4.4,None
100,4.25,0.2,1.71,5.18,None
100,4.04,0.1,3.94,2.86,None
100,3.68,0.1,2.26,2.42,None
100,3.68,0.1,2.23,2.19,None
100,3.67,0.1,2.2,3.18,None
100,3.66,0.1,2.1,3.3,None
100,3.65,0.1,3.12,5.77,None
100,3.65,0.1,2.77,4.33,None
100,3.64,0.1,3.43,6.71,None
100,3.63,0.1,2.47,3.32,None
111,1.07,0.5,1.01,5.89,None
111,1.05,1,1.09,13.9,None
111,1.05,0.2,2.06,5.22,None
111,1.04,0.7,1.4,12.25,None
111,1.04,0.5,1.23,8.59,None
111,1.03,0.2,2.13,5.77,None
111,1.03,0.6,1.4,12.17,None
111,0.85,0.1,2.26,1.73,None
111,0.06,0.1,2.42,1.4,None
113,1.23,0.2,5.73,18.39,None
113,1.14,0.1,3.82,2.67,None
113,1.11,0.2,0.89,2.04,None
113,1.07,0.5,0.83,4.69,None
113,1.05,0.9,0.84,9.33,None
113,1.05,0.2,2.88,5.25,None
113,1.04,0.5,1.23,8.04,None
113,1.04,0.5,0.9,5.15,None
113,1.03,0.5,1.38,9.53,None
115,1.4,0.2,3.26,9.74,None
115,1.39,0.2,3.78,10.34,None
115,1.26,0.1,6.54,4.1,None
115,1.24,0.2,4.45,9.11,None
115,1.24,0.2,3.73,8.28,None
115,1.23,0.2,3.31,8.28,None
115,1.21,0.1,51.46,42.54,None
115,1.14,0.1,5.43,4.41,None
115,1.11,0.2,0.86,1.83,None
115,1.07,0.5,0.83,5.08,None
115,1.05,1,0.77,9.06,None
115,1.04,1.5,2.61,52.48,None
115,1.04,0.5,0.68,4.34,None
115,1.03,1.5,2.88,56.29,None
115,1.01,0.1,2.16,3.77,None
115,1,0.1,1.97,3.44,None
116,1.07,0.1,1.01,0.72,None
116,1.05,0.1,0.98,1.44,None
116,1.04,1.5,3.54,60.38,None
116,1.03,1.6,4.16,81.89,None
116,1.02,0.2,2.47,4.18,None
116,1,0.2,2.27,4.02,None
116,0.08,0.4,1.04,4.51,None
118,0.86,0.1,1.53,1.14,None
118,0.84,0.1,3.29,2.71,None
118,0.08,0.3,0.86,3.35,None
120,1.07,0.1,0.87,0.75,None
120,1.05,0.2,0.85,1.76,None
120,1.04,1.6,3.44,60.77,None
120,1.03,1.7,4.1,81.61,None
120,1.02,0.2,2.12,3.09,None
120,1,0.2,2.08,3.67,None
120,0.86,0.1,1.43,1.23,None
120,0.84,0.1,3.98,3.8,None
120,0.08,0.3,0.95,3.4,None
121,1.07,0.1,0.97,0.96,None
121,1.05,0.2,0.84,1.47,None
121,1.04,1.4,3.83,60.48,None
121,1.03,1.3,3.52,52.77,None
121,1.02,0.1,2.12,2.87,None
121,1,0.1,1.95,3.07,None
121,0.86,0.1,1.69,1.26,None
121,0.08,0.4,0.96,4.73,None
123,1.07,0.1,0.96,1.12,None
123,1.05,0.2,0.86,1.54,None
123,1.04,1.2,3.63,50.4,None
123,1.03,1.2,3.66,48.5,None
123,1.02,0.1,2.09,2.38,None
123,1,0.1,2.17,2.7,None
123,0.86,0.1,1.72,1.11,None
123,0.08,0.3,1.01,3.98,None
124,1.05,0.3,2.76,9.43,None
124,1.04,0.2,2.46,6.88,None
124,1.04,0.1,0.35,0.45,None
124,1.03,0.4,3.74,18.08,None
124,1.02,0.1,3.02,1.83,None
124,0.08,0.3,0.87,3.56,None
125,1.07,0.1,0.89,0.59,None
125,1.05,0.1,0.94,1.32,None
125,1.05,0.2,2.67,7.55,None
125,1.04,0.2,2.54,7.37,None
125,1.03,0.4,3.4,14.33,None
125,0.85,0.1,4.06,3.9,None
125,0.08,0.3,0.96,3.36,None
126,1.04,1.8,3.29,64.62,None
126,1.03,2,4.05,94.09,None
126,1.01,0.3,2.6,8.64,None
126,1.01,0.1,3.33,2.23,None
126,1,0.2,2.08,6.14,None
126,0.86,0.1,2.15,2.13,None
126,0.84,0.1,31.73,30.2,None
126,0.08,0.3,1.14,4.73,None
126,0.07,0.1,2.03,1.38,None
128,1.04,1.5,3.3,55.27,None
128,1.03,1.6,4.01,79.44,None
128,1.02,0.1,2.68,5.21,None
128,1,0.2,2.29,3.87,None
128,0.85,0.1,1.9,1.12,None
128,0.84,0.1,37.88,30.7,None
128,0.08,0.3,0.93,3.58,None
129,1.03,0.3,3.31,12.25,None
129,1.03,0.2,2.68,6.13,None
129,0.08,0.3,1.03,3.34,None
130,1.07,0.1,0.77,0.69,None
130,1.05,0.1,0.64,0.84,None
130,1.05,1.2,2.94,43.18,None
130,1.04,0.9,2.47,25.56,None
130,1.03,1.7,3.76,69.95,None
130,1.02,0.2,2.4,4.88,None
130,1.01,0.1,5.5,3.12,None
130,1,0.2,1.82,3.42,None
130,0.87,0.1,30.98,27.91,None
130,0.86,0.1,1.16,0.9,None
130,0.08,0.3,0.77,2.91,None
136,1.05,0.2,1.02,3.1,None
136,1.05,0.3,2.61,7.89,None
136,1.04,0.2,2.68,8.62,None
136,1.04,0.1,0.93,1.17,None
136,1.03,0.3,2.85,9.65,None
136,1.03,0.2,2.61,6.88,None
136,0.08,0.4,0.98,4.83,None
138,1.07,0.1,0.8,0.76,None
138,1.05,0.2,0.82,1.4,None
138,1.04,1.4,3.27,50.68,None
138,1.03,1.5,4.2,78.95,None
138,1.02,0.1,1.69,1.82,None
138,1,0.2,2.07,3.21,None
138,0.86,0.1,1.78,2.04,None
138,0.84,0.1,6,6.24,None
138,0.08,0.3,0.87,3.14,None
139,1.16,0.1,1.79,1.54,None
139,1.16,0.1,2.54,2.55,None
139,1.14,0.1,2.5,3.63,None
139,1.07,0.3,1.3,3.9,None
139,1.05,0.5,1.23,5.99,None
139,1.04,1.5,3.71,62.57,None
139,1.04,0.2,1.54,4.12,None
139,1.03,1.6,4.19,81.87,None
139,1.02,0.2,3.47,10.29,None
139,1,0.2,3.39,9.15,None
139,0.85,0.1,4.77,4.25,None
139,0.83,0.1,57.24,80.19,None
139,0.08,0.3,1.39,5.26,None
141,1.19,0.1,1.65,1.53,None
141,1.15,0.1,3.77,2.44,None
141,1.07,0.4,1.23,6.32,None
141,1.05,0.9,1.28,14.2,None
141,1.05,0.2,2.32,5.37,None
141,1.04,0.6,1.68,12.96,None
141,1.04,0.5,1.25,7.42,None
141,1.03,0.6,1.8,12.81,None
141,0.86,0.1,6.71,5.32,None
142,1.15,0.1,3.74,2.49,None
142,1.07,0.3,1.14,4.6,None
142,1.05,0.7,1.23,10.99,None
142,1.05,0.2,2.29,6.07,None
142,1.04,0.6,1.79,13.33,None
142,1.04,0.4,1.36,7.24,None
142,1.03,0.2,2.04,5.21,None
142,1.03,0.5,1.68,10.9,None
142,1.02,0.1,3.22,2.43,None
145,0.96,0.1,9,12.67,None
145,0.91,0.1,5.91,3.91,None
145,0.87,0.1,3.82,2.76,None
145,0.85,0.1,2.86,4.9,None
145,0.84,0.1,6.61,8.54,None
145,0.81,0.1,1.98,1.73,None
145,0.8,0.1,1.95,1.92,None
145,0.79,0.1,55.74,55.89,None
145,0.77,0.1,3.41,2.6,None
146,1.07,0.3,1.1,4.18,None
146,1.05,0.6,1.07,8.05,None
146,1.05,0.7,2.73,24.11,None
146,1.04,1,2.11,27.8,None
146,1.04,0.4,1.53,8.87,None
146,1.03,0.7,2.43,18.65,None
146,1.03,1.1,2.25,33.51,None
146,1.02,0.1,3.12,4.91,None
146,1,0.1,2.29,3.24,None
146,0.84,0.1,17.13,14.25,None
147,1.07,0.4,1.18,6.08,None
147,1.05,0.9,1.22,13.63,None
147,1.05,0.2,2.19,5.45,None
147,1.04,0.6,1.58,13.07,None
147,1.04,0.5,1.44,9.32,None
147,1.03,0.2,1.99,4.69,None
147,1.03,0.6,1.59,11.64,None
147,1.02,0.1,3.68,2.71,None
147,0.84,0.1,36.84,25.71,None
148,1.19,0.1,1.56,1.49,None
148,1.15,0.1,3.16,2.11,None
148,1.07,0.4,1.22,5.79,None
148,1.05,0.8,1.27,13.72,None
148,1.05,0.5,2.55,15.85,None
148,1.04,0.8,1.88,18.49,None
148,1.04,0.5,1.43,8.58,None
148,1.03,0.5,2.37,14.74,None
148,1.03,0.7,1.75,16.48,None
148,1.02,0.1,2.86,2.81,None
148,0.86,0.1,2.5,2.77,None
148,0.85,0.1,2.2,1.75,None
149,1.05,0.1,0.96,0.85,None
149,1.04,1.6,3.58,64.41,None
149,1.03,1.7,4.43,95.4,None
149,1.02,0.1,2.31,3.36,None
149,1,0.2,2.44,4.29,None
149,0.86,0.1,1.27,0.85,None
149,0.13,0.1,0.96,0.74,None
149,0.08,1.7,1,19.89,None
149,0.07,0.2,1.18,3.26,None
151,1.05,0.2,2.83,7.43,None
151,1.04,0.1,2.19,3.36,None
151,1.03,0.3,4.05,13.87,None
151,0.86,0.1,10.76,7.94,None
151,0.08,0.4,1.05,5.08,None
152,1.05,0.3,2.64,8.35,None
152,1.04,0.2,2.39,6.44,None
152,1.03,0.4,3.6,16.3,None
152,0.86,0.1,2.29,1.73,None
152,0.85,0.1,4.41,3.58,None
152,0.08,0.3,1.02,3.33,None
155,1.07,0.1,0.95,0.99,None
155,1.05,0.2,1.01,2.11,None
155,1.05,0.3,2.68,9.5,None
155,1.04,0.2,2.42,6.81,None
155,1.04,0.1,0.46,0.44,None
155,1.03,0.4,3.54,17.3,None
155,0.84,0.1,18.41,22.68,None
155,0.08,0.6,0.97,6.98,None
155,0.07,0.1,1.05,0.72,None
156,1.24,0.4,7.93,44.83,None
156,1.23,0.4,3.02,12.96,None
156,1.17,0.1,8.13,6.28,None
156,1.12,0.1,0.97,1.72,None
156,1.1,0.1,0.97,1.69,None
156,1.07,0.1,0.87,0.65,None
156,1.05,0.1,0.72,0.91,None
156,1.04,1.5,3.62,63.81,None
156,1.03,1.5,3.88,68.7,None
156,1.01,0.2,2.17,4.18,None
156,1,0.1,4.01,2.87,None
156,1,0.1,1.91,3.32,None
156,0.86,0.1,1.25,1.01,None
158,1.03,0.3,3.4,11.93,None
158,0.86,0.1,2.1,1.48,None
158,0.83,0.1,22.1,15.59,None
158,0.08,0.3,1.01,3.54,None
159,1.15,0.1,3.01,1.77,None
159,1.07,0.1,0.97,0.94,None
159,1.05,0.1,0.78,1.36,None
159,1.04,1.5,3.63,61.49,None
159,1.03,1.6,4.02,74.63,None
159,1.02,0.2,2.58,5.37,None
159,1.01,0.1,4.12,3.1,None
159,1,0.2,2.08,4.26,None
159,0.85,0.1,4.27,4.86,None
159,0.08,0.3,1.07,4.05,None
160,1.05,0.2,2.82,8.34,None
160,1.04,0.2,2.58,6.42,None
160,1.03,0.3,2.78,8.99,None
160,1.03,0.2,2.31,5,None
160,0.86,0.1,3.08,2.3,None
160,0.84,0.1,34.52,26.08,None
160,0.08,0.3,1.01,3.5,None
160,0.07,0.1,1.95,1.29,None
19,1.91,0.9,0.87,9.4,None
19,1.25,0.1,42.1,46.3,None
19,1.23,0.2,4.44,13.62,None
19,1.11,0.2,0.96,2,None
19,1.07,0.5,0.81,4.69,None
19,1.05,0.9,0.88,10.01,None
19,1.05,0.1,1.94,3.09,None
19,1.04,0.5,1.19,8.44,None
19,1.04,0.5,0.94,6.13,None
19,1.03,0.1,1.93,3.03,None
19,1.03,0.5,1.18,7.79,None
22,1.27,0.1,6.44,4.12,None
22,1.25,0.4,5.65,29.14,None
22,1.23,0.2,3.76,11.07,None
22,1.11,0.1,1.44,1.79,None
22,1.04,1.8,3.73,72.2,None
22,1.03,1.8,3.81,78.2,None
22,1.02,0.2,2.39,5.06,None
22,1,0.2,2.15,4.49,None
22,0.87,0.1,9.57,8.9,None
22,0.86,0.1,2.29,2.38,None
22,0.83,0.1,6.98,5.48,None
24,1.05,0.3,2.46,8.05,None
24,1.04,0.3,2.61,10.43,None
24,1.03,0.5,3.41,17.85,None
24,1.02,0.1,4.07,3.04,None
24,0.86,0.1,2.25,1.58,None
24,0.85,0.1,6.75,6.6,None
24,0.07,0.1,1.91,1.34,None
27,1.01,0.2,1.7,3.08,None
27,1,0.2,1.72,3.09,None
27,0.86,0.1,1.91,1.77,None
27,0.85,0.1,2.12,1.98,None
27,0.84,0.1,20.88,37.39,None
27,0.84,0.1,2.84,2.8,None
27,0.82,0.1,13.14,11.59,None
28,1.03,0.2,1.31,4.35,None
28,0.86,0.1,2.59,2.53,None
28,0.85,0.1,2,1.92,None
28,0.85,0.1,2.77,2.67,None
28,0.85,0.1,2.8,3.01,None
28,0.84,0.1,3.71,4.92,None
28,0.83,0.1,6,4.63,None
28,0.8,0.1,14.62,10.83,None
30,1.24,0.1,12.6,14.43,None
30,1.23,0.2,4.23,13.66,None
30,1.14,0.1,3.74,2.89,None
30,1.11,0.2,0.91,2.48,None
30,1.07,0.5,0.83,5.09,None
30,1.05,1.1,0.83,10.75,None
30,1.05,0.2,2.48,6.58,None
30,1.04,0.7,1.25,12.19,None
30,1.04,0.6,0.91,6.29,None
30,1.03,0.7,1.48,14.01,None
30,1.02,0.1,4.65,3.88,None
32,1.04,1.3,3.78,55.96,None
32,1.03,1.4,3.79,61.06,None
32,1.01,0.1,2.42,3.68,None
32,1,0.1,2.51,4.32,None
32,0.86,0.1,2.16,1.58,None
34,1.26,0.1,6.15,4.45,None
34,1.25,0.4,5.57,32.83,None
34,1.23,0.1,3.44,6.21,None
34,1.11,0.1,1.39,1.73,None
34,1.04,1.7,3.43,64.96,None
34,1.03,1.7,3.7,72.45,None
34,1.01,0.2,2.43,5.5,None
34,1,0.2,2.15,4.4,None
34,0.87,0.1,8.4,7.35,None
34,0.86,0.1,2.07,2.16,None
37,4.63,0.3,2.93,13.65,None
37,4.61,0.3,2.72,11.3,None
37,4.59,0.5,2.2,13.17,None
37,4.58,0.5,2.2,14.61,None
37,4.49,0.3,2.32,8.39,None
37,4.47,0.6,2.57,18.99,None
37,4.46,0.3,2.7,10.57,None
37,4.45,0.3,2.59,9.99,None
37,4.43,0.3,2.45,9.35,None
37,4.42,0.1,4.11,6.46,None
37,4.4,0.1,3.42,6.03,None
37,4.37,0.2,2.91,9.37,None
37,4.36,0.1,2.34,4.04,None
37,4.35,0.5,3.16,19.43,None
37,4.34,0.4,3.03,15.66,None
37,4.34,0.2,3.26,9.65,None
37,4.33,0.2,3.15,8.52,None
37,4.32,0.1,3.81,3.64,None
37,4.28,0.4,1.65,7.88,None
37,4.26,0.5,2.85,17.12,None
37,4.25,0.4,1.83,9.84,None
38,4.35,0.4,3.2,15.6,None
38,4.34,0.5,2.95,19.23,None
38,4.33,0.1,2.36,3.05,None
38,4.33,0.2,2.84,6.93,None
38,4.32,0.1,3,2.87,None
38,4.28,0.3,1.71,5.46,None
38,4.26,0.4,2.98,11.45,None
38,4.25,0.3,1.82,6.32,None
38,4.13,0.1,2.95,3.45,None
38,4.12,0.1,3.12,3.91,None
38,4.04,0.1,4.63,4.4,None
39,3.68,0.1,2.06,2.09,None
39,3.68,0.1,2.07,2.55,None
39,3.67,0.1,2.68,4.86,None
39,3.66,0.1,2.33,4.39,None
39,3.57,0.4,2.76,11.98,None
39,3.5,0.5,2.2,13.54,None
40,3.57,0.3,2.69,10.71,None
40,3.5,0.6,2.32,18,None
40,3.4,1.1,137.2,1993.95,None
41,3.5,0.7,2.32,18.2,None
43,1.91,0.1,0.88,0.89,None
43,1.24,0.1,5.01,6.82,None
44,3.58,0.1,1.93,2.23,None
44,3.57,0.1,1.21,0.97,None
44,3.57,0.1,2.86,5.2,None
44,3.56,0.1,1.96,2.19,None
71,1.25,0.1,12.92,14.33,None
71,1.23,0.7,3.93,35.69,None
71,1.11,0.1,1.23,1.26,None
71,1.07,0.1,0.9,0.88,None
71,1.05,0.2,1.15,2.89,None
71,1.04,0.4,3.71,17.48,None
71,1.04,0.1,0.7,0.42,None
71,1.03,0.5,3.62,18.13,None
71,1.02,0.1,3.71,3.28,None
71,0.87,0.1,6.09,5.75,None
71,0.86,0.1,4.38,6.76,None
71,0.85,0.2,3.3,6.6,None
72,2.08,0.1,0.88,1.11,None
72,2.07,0.1,0.86,0.62,None
72,1.91,0.6,1.1,8.42,None
72,1.51,0.1,22.18,14.91,None
72,1.4,0.2,3.99,10.27,None
72,1.39,0.2,4.93,9.91,None
80,1.26,0.1,10.81,9.22,None
80,1.24,0.3,5.31,18.83,None
80,1.23,0.5,3.42,24.71,None
80,1.11,0.2,1.14,2.8,None
80,1.04,1.4,3.4,51.1,None
80,1.03,1.6,4.86,97.77,None
80,1.02,0.2,4.17,9.82,None
80,1,0.2,2.57,5.22,None
80,0.85,0.1,1.87,1.38,None
80,0.84,0.1,26.33,32.18,None
82,1.05,0.3,1.22,4.77,None
82,1.05,0.2,2.87,8.57,None
82,1.04,0.2,2.34,4.55,None
82,1.04,0.1,1.24,2.16,None
82,1.03,0.3,3.45,12.92,None
82,0.85,0.1,4.66,4.64,None
82,0.08,0.4,1.19,5.57,None
83,1.03,0.1,1.69,1.46,None
83,0.08,0.3,0.79,2.83,None
84,1.05,0.2,1.12,2.33,None
84,1.05,0.2,2.63,6.64,None
84,1.04,0.2,2.44,6.29,None
84,1.04,0.1,0.44,0.32,None
84,1.03,0.4,3.68,14.99,None
84,0.86,0.1,2.72,1.78,None
84,0.08,0.3,1.03,3.68,None
90,1.07,0.1,1.05,0.69,None
90,1.05,0.1,0.9,1.21,None
90,1.04,1.3,3.9,57.97,None
90,1.03,1.3,3.74,62.01,None
90,1.01,0.1,3.03,5.84,None
90,1,0.1,2.57,4.63,None
90,0.84,0.1,23.9,30.28,None
90,0.08,0.4,1.09,5.45,None
90,0.08,0.1,1.6,0.97,None
91,4.04,0.1,4.02,3.71,None
91,3.68,0.1,2.28,2.03,None
91,3.68,0.1,2.09,1.95,None
91,3.67,0.1,2.66,4.14,None
91,3.66,0.1,2.09,3.19,None
91,3.65,0.2,3.6,7.1,None
91,3.65,0.1,2.92,3.32,None
91,3.64,0.2,4.09,9.62,None
91,3.63,0.1,3.12,4.52,None
91,3.62,0.1,2.3,1.61,None
91,3.61,0.1,2,1.28,None
92,2.87,0.1,4.21,6.48,None
92,1.91,0.1,3.06,3.72,None
93,3.13,0.2,3.88,8.88,None
93,3.11,0.2,4.23,11.14,None
93,3.1,0.2,3.99,8.11,None
93,3.05,0.1,2.83,4.37,None
93,3.04,0.2,3.36,9.98,None
93,2.91,0.1,3.14,2.37,None
93,2.9,0.1,3.01,2.79,None
93,2.89,0.1,3.8,4.36,None
93,2.87,0.1,4.21,6.48,None
93,2.85,0.1,2.9,2.21,None
94,3.13,0.1,3.5,4.67,None
94,3.11,0.1,2.93,3.31,None
94,3.1,0.1,3.21,3.48,None
94,3.1,0.1,3.72,2.96,None
94,3.08,0.1,2.08,1.32,None
94,3.08,0.1,3.01,1.71,None
94,3.04,0.1,2.42,2.49,None
94,3.03,0.1,4.24,3.5,None
95,3.13,0.2,3.44,7.5,None
95,3.11,0.2,3.27,8.73,None
95,3.1,0.2,3.69,8.14,None
95,3.08,0.1,2.99,5.4,None
95,3.06,0.1,2.46,4.4,None
96,3.16,0.1,1.48,1.11,None
96,3.13,0.1,2.79,2.09,None
96,3.11,0.1,1.97,2.2,None
96,3.1,0.1,2.69,2.05,None
96,3.1,0.1,2.41,2.12,None
96,3.08,0.1,2.37,1.84,None
96,3.06,0.1,2.09,1.53,None
96,3.04,0.1,2.44,3.23,None
96,3.03,0.1,1.79,1.02,None
96,2.96,0.1,1.72,2.03,None
96,2.95,0.1,1.86,3.69,None
96,2.95,0.1,1.85,2.39,None
97,4.04,0.1,4.31,2.69,None
98,2.08,0.1,0.91,0.66,None
98,1.91,0.9,1.17,13.06,None
98,1.23,0.2,7.2,23.95,None
98,1.11,0.2,1.2,2.93,None
98,1.09,0.1,1.51,2.19,None
98,1.07,0.1,1.18,1.24,None
98,1.07,0.2,1.21,2.82,None
99,3.65,0.1,4.08,4.14,None
99,3.64,0.1,3.93,3.69,None
113,0.86,0.1,2.7,4.16,None
113,0.85,0.1,2.54,3.28,None
113,0.85,0.1,4.96,10.04,None
113,0.84,0.1,3.8,6.43,None
113,0.83,0.1,4.15,3.74,None
113,0.82,0.1,3.79,2.88,None
113,0.8,0.1,8.32,6.76,None
115,0.87,0.1,4.93,3.33,None
115,0.86,0.1,2.42,2.1,None
115,0.85,0.2,4.28,9.08,None
115,0.84,0.1,3.53,4.32,None
115,0.84,0.1,3.81,7.35,None
115,0.83,0.1,4.42,4.61,None
115,0.82,0.1,4.09,2.97,None
115,0.8,0.1,13.47,15.25,None
156,0.77,0.1,2.89,2.06,None
156,0.08,0.4,0.95,4.88,None
156,0.07,0.1,1.83,1.35,None
19,0.87,0.1,6.71,5,None
19,0.86,0.1,2.15,2.67,None
19,0.86,0.1,2.62,4.4,None
19,0.85,0.1,2.84,2.6,None
19,0.85,0.1,2.93,4.72,None
19,0.84,0.2,4.14,8.86,None
19,0.83,0.1,5.27,5.87,None
19,0.82,0.1,3.71,2.96,None
19,0.81,0.1,5.31,4.12,None
30,0.86,0.1,2.77,4.37,None
30,0.85,0.1,3.27,5.2,None
30,0.85,0.1,3.54,6.82,None
30,0.84,0.1,3.59,5.83,None
30,0.83,0.1,4.22,4.1,None
30,0.82,0.1,3.73,2.41,None
30,0.8,0.1,8.58,6.2,None
37,4.15,0.1,4.26,5.04,None
37,4.13,0.1,5.16,7.25,None
37,3.95,0.1,15.36,10.58,None
37,3.92,0.1,3.14,1.95,None
37,3.9,0.1,3.51,2.35,None
38,3.68,0.1,2.48,3.15,None
38,3.68,0.1,2.46,3.05,None
40,3.04,0.4,2.78,14.66,None
40,2.91,0.1,1.83,2.55,None
42,3.06,0.2,2.2,5.2,None
42,3.06,0.2,2.11,4.21,None
42,3.05,0.2,2.68,5.89,None
42,3.04,0.4,2.61,11.51,None
42,3.03,0.2,2.63,7.14,None
42,3.02,0.1,4.31,5.2,None
42,3.01,0.1,4.2,5.55,None
42,2.96,0.1,1.95,3.48,None
42,2.95,0.2,2.12,5.94,None
42,2.95,0.2,2.27,4.75,None
42,2.91,0.1,2.07,2.92,None
42,2.9,0.1,1.98,2.72,None
42,2.89,0.1,2.49,3.13,None
42,2.88,0.2,3.88,8.76,None
42,2.87,0.1,1.54,1.31,None
43,1.23,0.2,2.39,5.21,None
43,1.09,0.1,1.31,0.94,None
43,1.07,0.1,0.92,0.64,None
43,1.05,0.1,0.85,1.08,None
43,1.05,0.1,2.9,2.67,None
43,1.03,0.1,4.67,5.13,None
43,0.08,0.1,0.79,0.59,None
44,3.12,0.1,2.18,1.89,None
44,3.11,0.2,2.26,4.58,None
44,3.1,0.1,2.66,3.8,None
44,3.1,0.1,2.47,3.82,None
44,3.09,0.1,2.38,3.59,None
44,3.07,0.1,2.03,2.22,None
44,3.06,0.1,2.18,3.48,None
44,3.06,0.1,1.6,1.64,None
44,3.05,0.1,2.33,3.24,None
44,3.04,0.2,2.35,6.51,None
44,3.03,0.1,1.81,2.77,None
44,3.02,0.1,1.73,1.11,None
44,3.01,0.1,3.22,2.32,None
71,0.85,0.1,2.38,2.75,None
71,0.84,0.1,5.14,9.08,None
71,0.82,0.1,16.43,20.81,None
71,0.08,1.1,1.06,14.13,None
71,0.07,0.2,1.78,4.35,None
72,1.26,0.1,9.29,10.52,None
72,1.25,0.2,4.97,10.01,None
72,1.24,0.2,3.61,7.05,None
72,1.23,0.3,3.17,13.53,None
72,1.07,0.5,0.92,5.36,None
72,1.05,0.9,0.84,8.86,None
72,1.04,2.3,3.12,87.86,None
72,1.04,0.4,0.82,4.14,None
72,1.03,2.3,2.67,81.68,None
72,1.01,0.2,2.32,5.31,None
72,1,0.1,2.91,1.95,None
92,1.51,0.1,26.91,22.14,None
92,1.27,0.1,108.32,186.89,None
92,1.24,0.3,7.82,35.56,None
92,1.23,0.2,4.67,10.97,None
92,1.14,0.1,6.84,6.59,None
92,1.11,0.1,15.99,22.15,None
92,1.09,0.2,3.21,9.87,None
92,1.07,0.2,3.72,11.68,None
92,1.04,1.3,4.88,77.99,None
92,1.03,1.4,5.28,94.61,None
92,1.01,0.1,3.25,4.58,None
92,1,0.1,5.28,10.32,None
92,0.87,0.2,44.54,99.27,None
92,0.83,0.1,12.7,9.54,None
92,0.08,0.5,2.87,17.67,None
92,0.07,0.1,4.69,7.67,None
93,1.91,0.1,2.2,2.87,None
95,3.05,0.1,2.58,4.13,None
95,3.04,0.2,3.24,10.47,None
95,3.03,0.1,3.21,5.57,None
95,2.91,0.1,2.27,2,None
95,2.9,0.1,2.55,2.62,None
95,2.89,0.1,3.09,3.61,None
95,2.87,0.1,3.95,6.52,None
95,2.85,0.1,2.71,2.15,None
98,1.05,0.3,0.98,4.08,None
98,1.05,0.1,2.7,4.65,None
98,1.04,0.3,1.8,8.12,None
98,1.04,0.2,1.12,2.64,None
98,1.03,0.1,2.36,3.88,None
98,1.03,0.3,1.9,8.87,None
98,0.85,0.1,13.29,28,None
98,0.84,0.1,3.87,4.17,None
98,0.82,0.1,26.05,39.87,None
99,3.08,0.1,3.72,3.41,None
99,3.07,0.1,2.21,2.4,None
99,3.06,0.1,1.72,1.13,None
99,3.06,0.1,2.5,2.59,None
99,3.05,0.1,2.21,3.88,None
99,3.04,0.1,2.02,2.09,None
100,3.04,0.3,2.35,9.42,None
100,3.03,0.2,2.57,6.94,None
100,3.02,0.1,2.6,3.37,None
39,3.04,0.4,2.8,15.62,None
39,3.03,0.2,2.46,7.33,None
39,2.91,0.1,1.9,2.86,None
39,2.89,0.1,2.07,3.48,None
39,2.89,0.2,2.7,4.58,None
39,2.87,0.2,3.69,9.76,None
39,2.86,0.1,2.19,2.7,None
39,2.85,0.1,2.2,3.19,None
40,2.9,0.1,2.07,2.93,None
40,2.89,0.1,2.85,4.51,None
40,2.87,0.2,3.52,7.76,None
40,2.86,0.1,2.44,2.73,None
40,2.85,0.1,2.08,2.49,None
41,2.91,0.1,2.06,2.41,None
41,2.89,0.1,2.11,2.35,None
41,2.89,0.1,2.71,3.63,None
41,2.87,0.1,3.09,5.34,None
41,2.86,0.1,2,1.76,None
41,2.85,0.1,1.95,1.88,None
42,2.85,0.1,2.08,2.12,None
42,2.08,0.1,1.11,1.77,None
44,2.96,0.1,1.93,2.71,None
44,2.95,0.1,1.69,3.06,None
44,2.95,0.1,1.82,2.39,None
44,2.91,0.1,1.59,1.56,None
44,2.9,0.1,1.71,1.67,None
44,2.89,0.1,1.64,1.5,None
44,2.88,0.1,1.69,1.19,None
44,2.88,0.1,1.77,1.81,None
44,2.87,0.1,1.54,1.04,None
44,2.87,0.1,1.83,1.34,None
44,2.85,0.1,1.59,1.2,None
72,1,0.2,2.06,5.54,None
72,0.87,0.1,3.78,2.79,None
72,0.85,0.1,5.07,8.9,None
72,0.85,0.1,43.65,40.05,None
72,0.84,0.1,4.5,5,None
72,0.07,0.1,1.8,1.13,None
91,3.06,0.1,1.93,2.99,None
91,3.05,0.2,2.75,5.39,None
91,3.04,0.3,2.45,8.74,None
91,3.03,0.2,2.32,4.96,None
91,3.02,0.1,3.61,3.24,None
91,3.01,0.1,3.67,4.49,None
91,2.96,0.1,2.07,2.97,None
91,2.95,0.2,2.09,4.32,None
91,2.95,0.1,1.87,2.57,None
91,2.91,0.1,1.83,2.31,None
91,2.9,0.1,1.71,2.18,None
91,2.89,0.1,2.63,3.61,None
91,2.88,0.1,3.03,4.9,None
91,2.87,0.1,1.95,1.92,None
91,2.85,0.1,1.85,1.84,None
93,1.26,0.1,7.98,6.61,None
93,1.24,0.1,5.71,8.12,None
93,1.23,0.2,4.67,11.46,None
93,1.14,0.1,4.82,3.3,None
93,1.09,0.2,2.36,6.74,None
93,1.07,0.2,2.32,6.44,None
93,1.05,0.3,5.41,22.04,None
93,1.03,0.3,4.53,15.59,None
94,1.91,0.1,1.09,1.2,None
94,1.35,0.1,1.9,1.55,None
94,1.26,0.1,173.79,127.02,None
94,1.24,0.1,4.49,8.24,None
94,1.23,0.1,2.91,4.66,None
94,1.15,0.1,3.92,2.65,None
94,1.09,0.1,1.52,2.85,None
95,2.24,0.1,1.59,1.37,None
95,1.91,0.1,1.42,2.58,None
95,1.51,0.1,24.6,17.75,None
96,2.08,0.1,0.83,0.81,None
96,1.91,0.9,0.99,11,None
96,1.27,0.1,109.58,80.84,None
96,1.23,0.4,4.52,24.85,None
96,1.11,0.2,0.99,2.25,None
96,1.09,0.1,1.16,1.34,None
96,1.07,0.1,0.9,0.77,None
96,1.07,0.3,1,4.16,None
96,1.05,0.6,0.93,7.54,None
96,1.05,0.1,2.35,4.13,None
96,1.04,0.4,1.25,8,None
96,1.04,0.3,1.09,5.06,None
96,1.03,0.1,1.62,2.21,None
96,1.03,0.5,1.5,10.08,None
99,2.97,0.1,1.93,2.64,None
99,2.96,0.2,1.95,4.08,None
99,2.96,0.1,1.61,1.95,None
99,2.88,0.1,2.55,1.74,None
100,3.02,0.1,1.92,1.56,None
100,3.01,0.1,2.28,2.76,None
100,3,0.1,2.19,1.35,None
100,2.96,0.1,1.9,3.05,None
100,2.95,0.2,1.98,4.79,None
100,2.95,0.1,1.82,2.9,None
100,2.91,0.1,1.82,2.52,None
100,2.9,0.1,1.79,2.39,None
100,2.89,0.1,2.28,3.75,None
100,2.88,0.1,2.84,4.91,None
100,2.87,0.1,1.95,2.08,None
100,2.85,0.1,1.83,1.94,None
38,2.98,0.1,1.92,1.23,None
38,2.96,0.1,2.19,3.74,None
38,2.95,0.2,2.22,5.28,None
38,2.95,0.1,1.97,3.11,None
38,2.91,0.1,1.92,3.11,None
38,2.9,0.1,1.83,2.91,None
38,2.89,0.2,2.87,5,None
38,2.87,0.2,3.08,6.91,None
38,2.86,0.1,2.24,2.99,None
38,2.85,0.1,1.97,2.52,None
39,2.24,0.1,1.47,1.65,None
40,2.24,0.1,1.39,1.88,None
40,2.08,0.1,0.92,0.86,None
40,1.91,0.2,1.05,2.29,None
41,2.21,0.1,3.88,4.6,None
41,1.91,0.1,1.28,1.71,None
42,1.91,1,1.16,13.36,None
42,1.24,0.2,16.58,40.4,None
42,1.23,0.2,3.85,8.33,None
42,1.14,0.1,3.79,2.43,None
42,1.11,0.2,1.25,3.16,None
42,1.09,0.2,1.53,3.13,None
42,1.07,0.1,0.88,0.72,None
42,1.07,0.6,1.25,10,None
42,1.05,1.1,1.06,14.39,None
42,1.05,0.2,2.15,4.84,None
44,2.13,0.1,0.72,0.48,None
44,2.12,0.1,0.71,0.45,None
44,2.08,0.1,0.79,1.03,None
94,1.07,0.1,1.35,2.28,None
94,1.05,0.1,0.92,1.13,None
94,1.05,0.2,4.26,9.95,None
94,1.03,0.2,2.86,5.06,None
94,1.03,0.1,2.6,3.61,None
94,0.86,0.1,27.32,26.5,None
94,0.08,0.1,0.96,0.69,None
95,1.25,0.1,14.31,16.18,None
95,1.24,0.3,5.08,20.47,None
95,1.23,0.1,3.11,4.25,None
95,1.09,0.3,1.71,7.33,None
95,1.07,0.3,1.71,7,None
95,1.04,1.3,4.24,66.27,None
95,1.03,1.2,3.96,54.57,None
95,1.02,0.1,3.57,5.45,None
95,1,0.1,2.37,3.25,None
95,0.87,0.1,24.97,31.54,None
95,0.85,0.1,2.64,1.77,None
96,0.86,0.1,1.86,1.68,None
96,0.86,0.1,3.33,4.16,None
96,0.85,0.1,2.09,1.71,None
96,0.85,0.1,2.44,3.02,None
96,0.84,0.1,5.45,10.58,None
96,0.82,0.1,44.87,87.17,None
97,2.95,0.1,1.78,3.35,None
97,2.91,0.1,1.89,2.72,None
97,2.9,0.1,1.7,2.26,None
97,2.89,0.1,2.85,4.89,None
97,2.87,0.2,2.99,5.7,None
97,2.86,0.1,1.82,1.94,None
97,2.85,0.1,1.9,2.19,None
99,2.09,0.1,0.77,1.21,None
100,2.24,0.1,1.22,0.85,None
100,2.13,0.1,0.84,0.55,None
100,2.12,0.1,0.82,0.52,None
100,2.08,0.1,0.87,1.61,None
37,2.96,0.1,2.23,3.9,None
37,2.95,0.2,1.99,4.79,None
37,2.95,0.3,2.91,12.55,None
37,2.91,0.2,1.92,4.47,None
37,2.9,0.2,1.95,4.5,None
37,2.89,0.2,2.96,7.52,None
37,2.88,0.3,2.97,9.52,None
37,2.87,0.1,2.32,4.59,None
37,2.85,0.2,2.08,4.2,None
39,1.91,0.1,1.23,1.53,None
39,1.35,0.1,1.9,2.85,None
39,1.26,0.1,6.78,6.17,None
39,1.24,0.2,4.44,9.76,None
39,1.23,0.2,3.69,12.21,None
39,1.11,0.1,1.24,1.71,None
39,1.09,0.4,1.53,7.58,None
39,1.07,0.3,1.09,3.71,None
39,1.07,0.4,1.38,7.44,None
39,1.05,0.7,1.01,9.26,None
39,1.05,0.2,2.6,7.62,None
40,1.26,0.1,37.71,61.9,None
40,1.24,0.2,5.03,9.87,None
40,1.23,0.3,3.62,16.98,None
40,1.14,0.1,4.57,3.24,None
40,1.11,0.1,1.18,2.43,None
40,1.1,0.1,246.37,280.72,None
40,1.09,0.4,1.47,8.28,None
40,1.07,0.4,1.23,5.72,None
40,1.07,0.3,1.12,4.32,None
40,1.05,0.5,0.95,6.63,None
40,1.05,0.3,2.34,7.06,None
40,1.04,0.5,1.76,13.25,None
40,1.04,0.3,1.06,4.38,None
40,1.03,0.2,2,4.88,None
41,1.5,0.1,8.91,6.75,None
41,1.35,0.1,1.66,1.76,None
41,1.26,0.1,7.54,9.73,None
41,1.24,0.2,4.35,8.92,None
41,1.23,0.2,3.62,11.09,None
41,1.14,0.1,3.55,2.52,None
41,1.11,0.1,1.24,1.49,None
41,1.09,0.2,1.59,3.39,None
41,1.07,0.1,1.2,1.38,None
41,1.07,0.6,1.2,9.03,None
41,1.05,1.2,1.05,15.13,None
41,1.05,0.2,2.3,6.65,None
41,1.04,0.8,1.67,18.94,None
41,1.04,0.7,1.32,10.89,None
42,1.04,0.8,1.66,17.66,None
42,1.04,0.6,1.21,9.71,None
42,1.03,0.8,2.28,26.46,None
42,1.02,0.1,2.5,2.69,None
42,0.86,0.1,2.67,3.84,None
42,0.85,0.1,3.8,5.54,None
42,0.85,0.2,4.56,11.21,None
42,0.84,0.1,4.28,7.54,None
42,0.83,0.1,4.95,6.06,None
42,0.82,0.1,4.78,4.3,None
42,0.81,0.1,5.71,4.66,None
44,1.91,0.9,0.87,9.47,None
44,1.4,0.2,3.56,6.96,None
44,1.39,0.1,4.13,6.92,None
44,1.25,0.1,43,56.75,None
44,1.24,0.2,6.27,18.52,None
44,1.23,0.1,2.42,4.25,None
44,1.11,0.2,0.93,2.03,None
44,1.09,0.1,1.25,1.64,None
44,1.07,0.1,1.04,1.14,None
44,1.07,0.2,0.85,2.34,None
44,1.05,0.4,0.82,4.36,None
44,1.04,1.1,2.79,35.28,None
44,1.04,0.2,0.97,2.83,None
91,2.24,0.1,1.42,1.62,None
91,2.13,0.1,0.87,0.97,None
91,2.12,0.1,0.84,0.91,None
91,2.08,0.2,0.95,2,None
91,1.91,1.1,1.13,14.51,None
91,1.75,0.1,1.49,0.85,None
97,2.13,0.1,0.76,0.71,None
97,2.12,0.1,0.75,0.65,None
97,2.08,0.2,0.81,1.91,None
97,1.91,1,0.94,11.59,None
99,1.92,0.9,0.94,9.95,None
99,1.24,0.3,5.85,26.02,None
99,1.16,0.1,3.14,1.74,None
99,1.12,0.2,0.98,2.41,None
99,1.1,0.2,1.11,2.42,None
99,1.08,0.1,1.13,2.16,None
99,1.08,0.5,0.79,5.12,None
99,1.06,1.1,0.83,12.67,None
99,1.06,0.2,1.97,5.14,None
99,1.05,0.7,1.4,13.93,None
99,1.05,0.5,0.8,5.51,None
99,1.04,0.3,2.32,7.47,None
100,1.91,1,0.95,10.68,None
100,1.75,0.1,1.36,0.85,None
100,1.41,0.2,3.38,10.07,None
100,1.39,0.2,4.55,9.43,None
37,2.24,0.1,1.36,1.83,None
38,2.24,0.1,1.26,1.42,None
38,2.13,0.1,0.81,0.68,None
38,2.12,0.1,0.95,0.84,None
38,2.08,0.2,0.96,2.15,None
38,1.91,0.9,1.1,11.8,None
38,1.75,0.1,1.51,1.1,None
39,1.04,0.6,1.57,13.42,None
39,1.04,0.4,1.11,5.83,None
39,1.03,0.2,2.2,4.8,None
39,1.03,0.6,1.92,17.52,None
39,1.02,0.1,4.19,4.88,None
39,0.87,0.1,10.75,12.6,None
39,0.86,0.1,2.31,2.13,None
39,0.85,0.1,3.73,6.78,None
39,0.85,0.1,2.89,4.38,None
39,0.84,0.1,4.01,7.8,None
39,0.83,0.1,5.25,5.82,None
39,0.82,0.1,3.78,2.56,None
40,1.03,0.5,1.98,14.92,None
40,1.02,0.1,3.25,3.77,None
40,0.87,0.1,14.15,19.61,None
40,0.86,0.1,2.59,3.36,None
40,0.85,0.1,2.93,4.22,None
40,0.85,0.2,4.21,10.6,None
40,0.84,0.2,3.41,7.75,None
40,0.83,0.1,4.49,5.93,None
40,0.81,0.1,23.95,35.99,None
41,1.03,0.8,1.85,18.46,None
41,1.02,0.1,3.86,3.46,None
41,0.87,0.1,9.14,11.13,None
41,0.86,0.1,2.65,3.87,None
41,0.85,0.2,2.82,6.32,None
41,0.85,0.2,3.67,7.82,None
41,0.84,0.2,3.49,8.03,None
41,0.83,0.1,3.77,4.45,None
41,0.82,0.1,4.69,4.81,None
41,0.81,0.1,4.36,2.97,None
41,0.8,0.1,4.08,3.61,None
44,1.03,1.1,2.91,41.94,None
44,1.01,0.1,1.89,2.2,None
44,1,0.1,1.61,2.04,None
44,0.87,0.1,23.14,30.95,None
44,0.85,0.1,1.85,1.34,None
44,0.85,0.1,2.18,2.15,None
44,0.85,0.1,2.83,2.51,None
44,0.84,0.1,3.51,4.91,None
44,0.82,0.1,19.54,24.25,None
91,1.4,0.1,4.98,8.26,None
91,1.38,0.1,5.13,7.33,None
91,1.25,0.1,32.44,33.17,None
91,1.25,0.1,6.48,7.1,None
91,1.24,0.2,4.08,8.92,None
91,1.23,0.3,3.71,13.18,None
91,1.14,0.1,4.25,2.66,None
91,1.11,0.2,1.13,2.25,None
91,1.09,0.4,1.46,6.56,None
91,1.07,0.4,1.38,6.05,None
91,1.04,1.5,3.58,59.48,None
91,1.03,1.4,3.77,62.54,None
91,1.01,0.2,2.41,4.96,None
91,1,0.1,3.02,2.48,None
91,1,0.2,2.08,4.05,None
91,0.87,0.1,13.99,14.91,None
91,0.85,0.1,4.66,6.83,None
97,1.75,0.1,1.38,0.95,None
97,1.27,0.1,157.24,138.55,None
97,1.25,0.1,24.3,27.97,None
97,1.24,0.1,6.08,9.29,None
97,1.23,0.2,3.42,9.46,None
97,1.14,0.1,3.74,2.47,None
97,1.11,0.2,1,2.75,None
97,1.09,0.2,1.22,2.72,None
97,1.07,0.1,1.23,1.89,None
97,1.07,0.7,0.87,7.24,None
97,1.05,1.3,0.82,13.37,None
97,1.05,0.3,2.7,10.73,None
97,1.04,0.8,1.26,14.32,None
97,1.04,0.7,0.9,7.4,None
97,1.03,0.8,1.44,16.87,None
97,1.02,0.1,2.18,1.69,None
99,1.04,0.6,1.22,10.48,None
99,0.88,0.1,7.55,5.66,None
99,0.87,0.1,2.6,4,None
99,0.86,0.1,2.32,2.65,None
99,0.86,0.1,2.93,3,None
99,0.86,0.1,3.09,5.22,None
99,0.85,0.1,4.46,7.73,None
99,0.83,0.1,6.55,6.17,None
100,1.25,0.1,24.51,40.06,None
100,1.24,0.2,6.52,19.58,None
100,1.23,0.2,2.81,7.71,None
100,1.15,0.1,3.55,2.37,None
100,1.11,0.2,0.96,2.28,None
100,1.09,0.2,1.19,3.36,None
100,1.07,0.2,1.16,2.67,None
100,1.07,0.5,0.93,6.34,None
100,1.05,1,0.87,10.34,None
100,1.04,1.7,2.77,59.96,None
100,1.04,0.5,0.83,5.08,None
100,1.03,1.6,2.84,59.13,None
100,1.01,0.1,2.05,3.48,None
100,1,0.1,1.83,3.42,None
100,0.87,0.1,7.05,5.57,None
100,0.86,0.1,3.74,4.13,None
100,0.85,0.1,2.31,3.72,None
37,2.13,0.1,0.85,0.74,None
37,2.12,0.1,0.92,0.93,None
37,2.09,0.1,1.47,1.14,None
37,2.08,0.3,0.93,3.11,None
37,2.07,0.1,1.57,1.24,None
37,1.91,1.1,1.09,14.19,None
37,1.82,0.1,2.11,1.52,None
37,1.75,0.1,1.45,1.66,None
38,1.25,0.1,12.6,10.24,None
38,1.24,0.1,6.55,8.88,None
38,1.23,0.2,4.14,10.24,None
38,1.11,0.2,1.19,3.29,None
38,1.09,0.3,1.43,6.62,None
38,1.07,0.3,1.45,5.64,None
38,1.07,0.6,0.9,6.46,None
38,1.05,1.2,0.99,15.11,None
38,1.05,0.2,1.9,4.66,None
38,1.04,0.7,1.33,12.74,None
38,1.04,0.6,1.14,9.52,None
38,1.03,0.7,1.58,15.52,None
91,0.85,0.1,3.94,4.46,None
91,0.84,0.1,3.95,6.59,None
91,0.83,0.1,3.98,3.43,None
91,0.82,0.1,5.28,4.14,None
91,0.08,1.7,0.97,19.2,None
91,0.07,0.2,1.2,3.36,None
91,0.06,0.1,1.41,1.1,None
97,0.89,0.1,12.29,9.7,None
97,0.87,0.1,6.23,5.12,None
97,0.86,0.1,2.77,4.62,None
97,0.85,0.1,3.37,5.77,None
97,0.85,0.2,3.69,7.81,None
97,0.84,0.1,4.21,7.37,None
97,0.83,0.1,3.67,3.5,None
97,0.82,0.1,5.19,4.93,None
97,0.81,0.1,7.91,5.93,None
100,0.85,0.1,2.36,2.87,None
100,0.85,0.1,3.61,5.96,None
100,0.84,0.2,3.63,7.51,None
100,0.83,0.1,3.81,4.45,None
100,0.81,0.1,9.39,12.39,None
37,1.24,0.2,11.24,27.99,None
37,1.23,0.3,3.46,14.33,None
37,1.14,0.1,4.52,4.03,None
37,1.11,0.2,1.2,3.87,None
37,1.09,0.4,1.41,8.41,None
37,1.07,0.3,1.29,5.25,None
37,1.07,0.7,1.03,9.57,None
37,1.05,1.4,0.98,17.59,None
37,1.05,0.2,2.55,8.32,None
37,1.04,0.9,1.51,19.84,None
37,1.03,0.7,1,8.68,None
37,1.03,0.9,1.84,21.12,None
37,1.02,0.1,2.62,2.13,None
37,1,0.1,3.9,2.41,None
38,0.87,0.1,5.47,4.13,None
38,0.86,0.1,3.39,5.58,None
38,0.85,0.1,4.38,7.45,None
38,0.85,0.2,4.54,10.02,None
38,0.84,0.1,3.57,5.46,None
38,0.83,0.1,4.23,3.85,None
38,0.82,0.1,8.41,8.82,None
38,0.81,0.1,12.43,9.59,None
37,0.87,0.1,8.62,14.33,None
37,0.86,0.1,2.72,4.79,None
37,0.85,0.2,3.07,6.27,None
37,0.85,0.2,4.32,11.64,None
37,0.84,0.2,3.52,8.06,None
37,0.83,0.1,4.3,6.67,None
37,0.82,0.1,3.47,3.16,None
37,0.81,0.1,3.79,3.2,None
37,0.8,0.1,3.73,3.14,None
