1.65098	0.0077378	
1.65129	0.00774153	
1.65159	0.00774488	
1.6519	0.0077486	
1.6522	0.00775196	
1.65251	0.00775568	
1.65281	0.00775941	
1.65312	0.00776313	
1.65342	0.00776649	
1.65373	0.00777021	
1.65404	0.00777394	
1.65434	0.00777766	
1.65465	0.00778139	
1.65495	0.00778548	
1.65526	0.00778884	
1.65556	0.00779256	
1.65587	0.00779666	
1.65618	0.00780076	
1.65648	0.00780448	
1.65679	0.00780821	
1.65709	0.00781193	
1.6574	0.00781603	
1.6577	0.00782013	
1.65801	0.00782423	
1.65831	0.00782795	
1.65862	0.00783205	
1.65893	0.00783615	
1.65923	0.00784025	
1.65954	0.00784434	
1.65984	0.00784844	
1.66015	0.00785254	
1.66045	0.00785664	
1.66076	0.00786074	
1.66106	0.00786521	
1.66137	0.00786893	
1.66168	0.00787303	
1.66198	0.0078775	
1.66229	0.00788197	
1.66259	0.00788607	
1.6629	0.00789016	
1.6632	0.00789426	
1.66351	0.00789873	
1.66381	0.00790283	
1.66412	0.0079073	
1.66443	0.0079114	
1.66473	0.00791587	
1.66504	0.00792034	
1.66534	0.00792481	
1.66565	0.00792891	
1.66595	0.00793338	
1.66626	0.00793785	
1.66656	0.00794232	
1.66687	0.00794679	
1.66718	0.00795163	
1.66748	0.00795573	
1.66779	0.0079602	
1.66809	0.00796504	
1.6684	0.00796989	
1.6687	0.00797436	
1.66901	0.00797883	
1.66931	0.0079833	
1.66962	0.00798814	
1.66993	0.00799298	
1.67023	0.00799783	
1.67054	0.0080023	
1.67084	0.00800714	
1.67115	0.00801198	
1.67145	0.00801682	
1.67176	0.00802167	
1.67206	0.00802651	
1.67237	0.00803135	
1.67268	0.0080362	
1.67298	0.00804104	
1.67329	0.00804588	
1.67359	0.00805072	
1.6739	0.00805557	
1.6742	0.00806078	
1.67451	0.008066	
1.67481	0.00807084	
1.67512	0.00807568	
1.67543	0.00808053	
1.67573	0.00808537	
1.67604	0.00809059	
1.67634	0.00809617	
1.67665	0.00810102	
1.67695	0.00810623	
1.67726	0.00811145	
1.67756	0.00811666	
1.67787	0.00812188	
1.67818	0.00812709	
1.67848	0.00813231	
1.67879	0.00813752	
1.67909	0.00814274	
1.6794	0.00814833	
1.6797	0.00815354	
1.68001	0.00815876	
1.68031	0.00816435	
1.68062	0.00816993	
1.68093	0.00817515	
1.68123	0.00818036	
1.68154	0.00818595	
1.68184	0.00819191	
1.68215	0.00819713	
1.68245	0.00820272	
1.68276	0.00820793	
1.68306	0.00821352	
1.68337	0.00821911	
1.68368	0.0082247	
1.68398	0.00823028	
1.68429	0.00823624	
1.68459	0.00824183	
1.6849	0.00824742	
1.6852	0.00825338	
1.68551	0.00825934	
1.68581	0.00826493	
1.68612	0.00827089	
1.68643	0.00827648	
1.68673	0.00828207	
1.68704	0.00828803	
1.68734	0.00829436	
1.68765	0.00829995	
1.68795	0.00830591	
1.68826	0.00831187	
1.68856	0.00831783	
1.68887	0.00832379	
1.68918	0.00832975	
1.68948	0.00833571	
1.68979	0.00834204	
1.69009	0.008348	
1.6904	0.00835434	
1.6907	0.0083603	
1.69101	0.00836663	
1.69132	0.00837296	
1.69162	0.00837967	
1.69193	0.00838563	
1.69223	0.00839196	
1.69254	0.00839829	
1.69284	0.00840463	
1.69315	0.00841096	
1.69345	0.00841729	
1.69376	0.00842363	
1.69407	0.00843033	
1.69437	0.00843666	
1.69468	0.00844337	
1.69498	0.00845008	
1.69529	0.00845678	
1.69559	0.00846311	
1.6959	0.00846945	
1.6962	0.00847615	
1.69651	0.00848286	
1.69682	0.00848956	
1.69712	0.00849664	
1.69743	0.00850335	
1.69773	0.00851005	
1.69804	0.00851676	
1.69834	0.00852384	
1.69865	0.00853054	
1.69895	0.00853762	
1.69926	0.0085447	
1.69957	0.00855178	
1.69987	0.00855848	
1.70018	0.00856556	
1.70048	0.00857264	
1.70079	0.00858009	
1.70109	0.00858717	
1.7014	0.00859462	
1.7017	0.0086017	
1.70201	0.00860915	
1.70232	0.00861622	
1.70262	0.00862367	
1.70293	0.00863113	
1.70323	0.00863858	
1.70354	0.00864603	
1.70384	0.00865348	
1.70415	0.0086613	
1.70445	0.00866912	
1.70476	0.00867657	
1.70507	0.00868402	
1.70537	0.00869185	
1.70568	0.00869967	
1.70598	0.00870749	
1.70629	0.00871532	
1.70659	0.00872314	
1.7069	0.00873134	
1.7072	0.00873916	
1.70751	0.00874735	
1.70782	0.00875518	
1.70812	0.00876337	
1.70843	0.00877157	
1.70873	0.00878014	
1.70904	0.00878833	
1.70934	0.0087969	
1.70965	0.0088051	
1.70995	0.00881366	
1.71026	0.00882186	
1.71057	0.00883043	
1.71087	0.008839	
1.71118	0.00884794	
1.71148	0.00885651	
1.71179	0.00886545	
1.71209	0.00887401	
1.7124	0.00888295	
1.7127	0.0088919	
1.71301	0.00890084	
1.71332	0.00891015	
1.71362	0.00891946	
1.71393	0.00892878	
1.71423	0.00893809	
1.71454	0.0089474	
1.71484	0.00895672	
1.71515	0.00896603	
1.71545	0.00897534	
1.71576	0.00898503	
1.71607	0.00899509	
1.71637	0.00900514	
1.71668	0.0090152	
1.71698	0.00902526	
1.71729	0.00903532	
1.71759	0.00904538	
1.7179	0.00905544	
1.7182	0.00906587	
1.71851	0.0090763	
1.71882	0.00908673	
1.71912	0.00909716	
1.71943	0.00910796	
1.71973	0.00911914	
1.72004	0.00912994	
1.72034	0.00914112	
1.72065	0.00915229	
1.72095	0.00916384	
1.72126	0.00917539	
1.72157	0.00918694	
1.72187	0.00919886	
1.72218	0.00921078	
1.72248	0.0092227	
1.72279	0.00923499	
1.72309	0.00924729	
1.7234	0.00925995	
1.72371	0.00927262	
1.72401	0.00928529	
1.72432	0.00929832	
1.72462	0.00931174	
1.72493	0.00932477	
1.72523	0.00933819	
1.72554	0.00935197	
1.72584	0.00936612	
1.72615	0.00938028	
1.72646	0.00939444	
1.72676	0.00940934	
1.72707	0.00942461	
1.72737	0.00943951	
1.72768	0.00945479	
1.72798	0.00947081	
1.72829	0.0094872	
1.72859	0.00950322	
1.7289	0.00951961	
1.72921	0.00953712	
1.72951	0.00955462	
1.72982	0.00957213	
1.73012	0.00958964	
1.73043	0.00960864	
1.73073	0.00962801	
1.73104	0.00964701	
1.73134	0.00966638	
1.73165	0.00968762	
1.73196	0.00970885	
1.73226	0.00973009	
1.73257	0.00975132	
1.73287	0.00977442	
1.73318	0.00979863	
1.73348	0.00982173	
1.73379	0.00984594	
1.73409	0.00987127	
1.7344	0.00989772	
1.73471	0.00992529	
1.73501	0.00995398	
1.73532	0.00998341	
1.73562	0.0100136	
1.73593	0.0100452	
1.73623	0.010078	
1.73654	0.0101119	
1.73684	0.0101469	
1.73715	0.0101838	
1.73746	0.0102229	
1.73776	0.0102632	
1.73807	0.010306	
1.73837	0.01035	
1.73868	0.0103965	
1.73898	0.0104461	
1.73929	0.0104979	
1.73959	0.0105519	
1.7399	0.0106096	
1.74021	0.0106707	
1.74051	0.0107359	
1.74082	0.0108045	
1.74112	0.0108782	
1.74143	0.0109568	
1.74173	0.011041	
1.74204	0.0111315	
1.74234	0.0112291	
1.74265	0.0113346	
1.74296	0.0114482	
1.74326	0.0115708	
1.74357	0.0117049	
1.74387	0.0118505	
1.74418	0.0120107	
1.74448	0.0121865	
1.74479	0.012381	
1.74509	0.0125948	
1.7454	0.0128336	
1.74571	0.0131	
1.74601	0.0133988	
1.74632	0.0137344	
1.74662	0.0141144	
1.74693	0.0145473	
1.74723	0.0150423	
1.74754	0.0156123	
1.74784	0.0162728	
1.74815	0.0170406	
1.74846	0.0179417	
1.74876	0.0190053	
1.74907	0.0202678	
1.74937	0.0217725	
1.74968	0.0235733	
1.74998	0.0257283	
1.75029	0.0282943	
1.75059	0.0313088	
1.7509	0.0347607	
1.75121	0.0385508	
1.75151	0.0424623	
1.75182	0.0461534	
1.75212	0.0492062	
1.75243	0.0511993	
1.75273	0.0518106	
1.75304	0.0509385	
1.75334	0.0487395	
1.75365	0.0455678	
1.75396	0.0418529	
1.75426	0.0380021	
1.75457	0.0343312	
1.75487	0.031032	
1.75518	0.0281807	
1.75548	0.0257749	
1.75579	0.0237722	
1.75609	0.0221148	
1.7564	0.0207461	
1.75671	0.0196163	
1.75701	0.0186823	
1.75732	0.0179108	
1.75762	0.0172757	
1.75793	0.0167537	
1.75823	0.0163313	
1.75854	0.0159934	
1.75885	0.0157326	
1.75915	0.0155404	
1.75946	0.0154149	
1.75976	0.0153515	
1.76007	0.0153515	
1.76037	0.015416	
1.76068	0.0155482	
1.76098	0.0157543	
1.76129	0.0160418	
1.7616	0.0164215	
1.7619	0.0169061	
1.76221	0.0175092	
1.76251	0.0182506	
1.76282	0.0191499	
1.76312	0.0202291	
1.76343	0.0215087	
1.76373	0.0230055	
1.76404	0.0247285	
1.76435	0.0266697	
1.76465	0.028795	
1.76496	0.0310432	
1.76526	0.0333153	
1.76557	0.0354853	
1.76587	0.0374183	
1.76618	0.0389989	
1.76648	0.0401616	
1.76679	0.0409082	
1.7671	0.0413094	
1.7674	0.0414744	
1.76771	0.0415158	
1.76801	0.0415087	
1.76832	0.0414673	
1.76862	0.0413377	
1.76893	0.0410195	
1.76923	0.0403952	
1.76954	0.0393767	
1.76985	0.0379302	
1.77015	0.0360962	
1.77046	0.0339713	
1.77076	0.0316873	
1.77107	0.0293761	
1.77137	0.0271473	
1.77168	0.025079	
1.77198	0.0232138	
1.77229	0.0215683	
1.7726	0.02014	
1.7729	0.0189137	
1.77321	0.0178676	
1.77351	0.0169802	
1.77382	0.0162292	
1.77412	0.0155952	
1.77443	0.015058	
1.77473	0.0146039	
1.77504	0.0142194	
1.77535	0.0138938	
1.77565	0.0136163	
1.77596	0.0133801	
1.77626	0.0131786	
1.77657	0.0130065	
1.77687	0.0128578	
1.77718	0.0127312	
1.77748	0.0126228	
1.77779	0.01253	
1.7781	0.0124495	
1.7784	0.0123803	
1.77871	0.0123218	
1.77901	0.0122719	
1.77932	0.012229	
1.77962	0.0121932	
1.77993	0.0121623	
1.78023	0.012137	
1.78054	0.0121154	
1.78085	0.0120994	
1.78115	0.0120852	
1.78146	0.0120748	
1.78176	0.0120677	
1.78207	0.0120629	
1.78237	0.0120595	
1.78268	0.0120588	
1.78298	0.0120595	
1.78329	0.0120625	
1.7836	0.012067	
1.7839	0.012074	
1.78421	0.0120819	
1.78451	0.0120897	
1.78482	0.0121001	
1.78512	0.0121105	
1.78543	0.0121225	
1.78573	0.0121348	
1.78604	0.0121489	
1.78635	0.0121634	
1.78665	0.0121783	
1.78696	0.0121932	
1.78726	0.0122104	
1.78757	0.0122279	
1.78787	0.0122461	
1.78818	0.0122644	
1.78848	0.0122838	
1.78879	0.0123035	
1.7891	0.0123244	
1.7894	0.0123452	
1.78971	0.0123672	
1.79001	0.0123892	
1.79032	0.0124119	
1.79062	0.012435	
1.79093	0.0124592	
1.79124	0.0124834	
1.79154	0.0125084	
1.79185	0.0125337	
1.79215	0.0125598	
1.79246	0.0125863	
1.79276	0.0126138	
1.79307	0.0126418	
1.79337	0.0126705	
1.79368	0.0126995	
1.79399	0.0127286	
1.79429	0.0127587	
1.7946	0.01279	
1.7949	0.0128224	
1.79521	0.0128549	
1.79551	0.012888	
1.79582	0.0129227	
1.79612	0.012958	
1.79643	0.0129938	
1.79674	0.0130307	
1.79704	0.0130687	
1.79735	0.0131078	
1.79765	0.0131484	
1.79796	0.0131898	
1.79826	0.013233	
1.79857	0.0132788	
1.79887	0.0133246	
1.79918	0.013373	
1.79949	0.0134245	
1.79979	0.0134785	
1.8001	0.0135344	
1.8004	0.0135943	
1.80071	0.0136577	
1.80101	0.0137266	
1.80132	0.0137992	
1.80162	0.0138786	
1.80193	0.0139639	
1.80224	0.0140592	
1.80254	0.014165	
1.80285	0.0142835	
1.80315	0.0144184	
1.80346	0.0145733	
1.80376	0.014754	
1.80407	0.0149686	
1.80437	0.0152264	
1.80468	0.0155419	
1.80499	0.0159334	
1.80529	0.0164241	
1.8056	0.0170428	
1.8059	0.0178266	
1.80621	0.0188231	
1.80651	0.0201005	
1.80682	0.0216056	
1.80712	0.0227746	
1.80743	0.0227906	
1.80774	0.0216946	
1.80804	0.0203233	
1.80835	0.0191957	
1.80865	0.0183463	
1.80896	0.0177078	
1.80926	0.0172321	
1.80957	0.0168871	
1.80987	0.0166416	
1.81018	0.0164747	
1.81049	0.0163682	
1.81079	0.0163104	
1.8111	0.0162911	
1.8114	0.0163052	
1.81171	0.0163458	
1.81201	0.0164129	
1.81232	0.0165045	
1.81262	0.0166196	
1.81293	0.0167575	
1.81324	0.0169214	
1.81354	0.017111	
1.81385	0.0173315	
1.81415	0.0175852	
1.81446	0.0178788	
1.81476	0.0182163	
1.81507	0.0186071	
1.81537	0.0190597	
1.81568	0.0195865	
1.81599	0.0201989	
1.81629	0.0209134	
1.8166	0.0217449	
1.8169	0.0227083	
1.81721	0.0238139	
1.81751	0.0250623	
1.81782	0.0264376	
1.81812	0.0279021	
1.81843	0.0293918	
1.81874	0.0308227	
1.81904	0.0321113	
1.81935	0.0331879	
1.81965	0.0340119	
1.81996	0.0345748	
1.82026	0.0348829	
1.82057	0.0349462	
1.82087	0.0347655	
1.82118	0.0343308	
1.82149	0.0336353	
1.82179	0.0326846	
1.8221	0.031516	
1.8224	0.030195	
1.82271	0.0288058	
1.82301	0.0274338	
1.82332	0.0261448	
1.82362	0.0249788	
1.82393	0.0239544	
1.82424	0.0230722	
1.82454	0.0223223	
1.82485	0.0216901	
1.82515	0.0211604	
1.82546	0.0207178	
1.82576	0.0203479	
1.82607	0.0200402	
1.82638	0.0197843	
1.82668	0.0195719	
1.82699	0.0193954	
1.82729	0.0192497	
1.8276	0.0191305	
1.8279	0.019034	
1.82821	0.0189554	
1.82851	0.0188936	
1.82882	0.018847	
1.82913	0.0188123	
1.82943	0.0187885	
1.82974	0.0187736	
1.83004	0.018768	
1.83035	0.0187699	
1.83065	0.0187777	
1.83096	0.0187911	
1.83126	0.0188109	
1.83157	0.0188351	
1.83188	0.0188638	
1.83218	0.0188962	
1.83249	0.0189316	
1.83279	0.018971	
1.8331	0.0190128	
1.8334	0.0190575	
1.83371	0.0191055	
1.83401	0.0191551	
1.83432	0.0192076	
1.83463	0.019262	
1.83493	0.0193182	
1.83524	0.0193764	
1.83554	0.0194356	
1.83585	0.0194963	
1.83615	0.0195596	
1.83646	0.0196237	
1.83676	0.0196896	
1.83707	0.0197563	
1.83738	0.0198245	
1.83768	0.0198934	
1.83799	0.0199635	
1.83829	0.0200342	
1.8386	0.0201065	
1.8389	0.0201795	
1.83921	0.0202529	
1.83951	0.0203274	
1.83982	0.0204034	
1.84013	0.0204802	
1.84043	0.0205562	
1.84074	0.0206333	
1.84104	0.0207115	
1.84135	0.0207908	
1.84165	0.0208698	
1.84196	0.0209499	
1.84226	0.0210308	
1.84257	0.0211116	
1.84288	0.0211932	
1.84318	0.0212755	
1.84349	0.0213575	
1.84379	0.0214394	
1.8441	0.0215225	
1.8444	0.0216063	
1.84471	0.0216898	
1.84501	0.0217732	
1.84532	0.0218574	
1.84563	0.021942	
1.84593	0.0220265	
1.84624	0.0221111	
1.84654	0.022196	
1.84685	0.022281	
1.84715	0.0223659	
1.84746	0.0224512	
1.84776	0.0225365	
1.84807	0.0226218	
1.84838	0.0227071	
1.84868	0.0227924	
1.84899	0.0228774	
1.84929	0.0229627	
1.8496	0.0230476	
1.8499	0.0231329	
1.85021	0.0232175	
1.85051	0.0233024	
1.85082	0.023387	
1.85113	0.0234719	
1.85143	0.0235558	
1.85174	0.0236392	
1.85204	0.0237234	
1.85235	0.0238068	
1.85265	0.0238899	
1.85296	0.0239722	
1.85326	0.0240553	
1.85357	0.024138	
1.85388	0.02422	
1.85418	0.0243012	
1.85449	0.024382	
1.85479	0.0244625	
1.8551	0.024543	
1.8554	0.0246227	
1.85571	0.024702	
1.85601	0.024781	
1.85632	0.0248592	
1.85663	0.0249371	
1.85693	0.0250146	
1.85724	0.0250913	
1.85754	0.0251677	
1.85785	0.0252437	
1.85815	0.0253186	
1.85846	0.0253938	
1.85876	0.0254672	
1.85907	0.025541	
1.85938	0.0256136	
1.85968	0.0256859	
1.85999	0.0257574	
1.86029	0.0258282	
1.8606	0.0258986	
1.8609	0.0259683	
1.86121	0.0260375	
1.86152	0.0261061	
1.86182	0.0261731	
1.86213	0.0262398	
1.86243	0.0263061	
1.86274	0.0263728	
1.86304	0.0264369	
1.86335	0.0265013	
1.86365	0.026565	
1.86396	0.0266287	
1.86427	0.0266902	
1.86457	0.0267521	
1.86488	0.0268124	
1.86518	0.0268728	
1.86549	0.026932	
1.86579	0.0269912	
1.8661	0.027049	
1.8664	0.0271071	
1.86671	0.027163	
1.86702	0.0272188	
1.86732	0.0272743	
1.86763	0.0273302	
1.86793	0.0273835	
1.86824	0.0274371	
1.86854	0.0274893	
1.86885	0.0275418	
1.86915	0.0275929	
1.86946	0.0276443	
1.86977	0.0276946	
1.87007	0.0277452	
1.87038	0.0277933	
1.87068	0.0278417	
1.87099	0.0278898	
1.87129	0.0279382	
1.8716	0.0279844	
1.8719	0.0280306	
1.87221	0.0280764	
1.87252	0.0281222	
1.87282	0.0281669	
1.87313	0.028212	
1.87343	0.0282556	
1.87374	0.0282995	
1.87404	0.0283431	
1.87435	0.0283871	
1.87465	0.0284296	
1.87496	0.0284724	
1.87527	0.0285152	
1.87557	0.0285581	
1.87588	0.0285994	
1.87618	0.0286411	
1.87649	0.0286825	
1.87679	0.0287242	
1.8771	0.0287659	
1.8774	0.0288077	
1.87771	0.0288494	
1.87802	0.0288915	
1.87832	0.0289336	
1.87863	0.0289757	
1.87893	0.0290189	
1.87924	0.0290621	
1.87954	0.0291057	
1.87985	0.0291493	
1.88015	0.029194	
1.88046	0.0292391	
1.88077	0.0292853	
1.88107	0.0293318	
1.88138	0.0293802	
1.88168	0.029429	
1.88199	0.029479	
1.88229	0.0295289	
1.8826	0.0295814	
1.8829	0.0296362	
1.88321	0.0296917	
1.88352	0.0297494	
1.88382	0.0298087	
1.88413	0.0298705	
1.88443	0.0299342	
1.88474	0.0300005	
1.88504	0.0300687	
1.88535	0.030141	
1.88565	0.0302162	
1.88596	0.0302952	
1.88627	0.0303775	
1.88657	0.0304636	
1.88688	0.0305533	
1.88718	0.0306487	
1.88749	0.0307485	
1.88779	0.030854	
1.8881	0.0309646	
1.8884	0.0310823	
1.88871	0.0312075	
1.88902	0.0313394	
1.88932	0.0314783	
1.88963	0.031627	
1.88993	0.0317845	
1.89024	0.0319522	
1.89054	0.0321314	
1.89085	0.0323217	
1.89115	0.0325255	
1.89146	0.0327438	
1.89177	0.032977	
1.89207	0.0332274	
1.89238	0.0334959	
1.89268	0.0337847	
1.89299	0.0340953	
1.89329	0.0344306	
1.8936	0.034792	
1.89391	0.0351824	
1.89421	0.0356052	
1.89452	0.0360634	
1.89482	0.0365619	
1.89513	0.0371046	
1.89543	0.0376955	
1.89574	0.0383411	
1.89604	0.0390485	
1.89635	0.0398252	
1.89666	0.0406783	
1.89696	0.0416204	
1.89727	0.0426609	
1.89757	0.0438154	
1.89788	0.0450987	
1.89818	0.0465319	
1.89849	0.0481375	
1.89879	0.0499435	
1.8991	0.0519823	
1.89941	0.054295	
1.89971	0.056931	
1.90002	0.0599541	
1.90032	0.0634387	
1.90063	0.0674833	
1.90093	0.0722092	
1.90124	0.0777762	
1.90154	0.0843912	
1.90185	0.0923272	
1.90216	0.101949	
1.90246	0.113756	
1.90277	0.128435	
1.90307	0.146955	
1.90338	0.170693	
1.90368	0.201637	
1.90399	0.242649	
1.90429	0.297761	
1.9046	0.37221	
1.90491	0.471328	
1.90521	0.596447	
1.90552	0.737179	
1.90582	0.867793	
1.90613	0.959073	
1.90643	0.993303	
1.90674	0.965143	
1.90704	0.878909	
1.90735	0.750915	
1.90766	0.609703	
1.90796	0.482154	
1.90827	0.38023	
1.90857	0.303396	
1.90888	0.246467	
1.90918	0.204115	
1.90949	0.172181	
1.90979	0.147696	
1.9101	0.128599	
1.91041	0.113459	
1.91071	0.101274	
1.91102	0.0913344	
1.91132	0.0831254	
1.91163	0.0762694	
1.91193	0.0704855	
1.91224	0.0655614	
1.91254	0.0613347	
1.91285	0.0576798	
1.91316	0.0544958	
1.91346	0.0517052	
1.91377	0.0492446	
1.91407	0.0470638	
1.91438	0.0451215	
1.91468	0.0433829	
1.91499	0.0418201	
1.91529	0.0404097	
1.9156	0.0391308	
1.91591	0.0379685	
1.91621	0.0369083	
1.91652	0.0359379	
1.91682	0.0350464	
1.91713	0.0342261	
1.91743	0.0334695	
1.91774	0.0327688	
1.91804	0.0321183	
1.91835	0.0315137	
1.91866	0.0309505	
1.91896	0.0304244	
1.91927	0.0299323	
1.91957	0.0294711	
1.91988	0.0290379	
1.92018	0.0286303	
1.92049	0.0282466	
1.92079	0.0278842	
1.9211	0.0275418	
1.92141	0.0272173	
1.92171	0.0269096	
1.92202	0.0266179	
1.92232	0.0263412	
1.92263	0.0260778	
1.92293	0.0258267	
1.92324	0.0255872	
1.92354	0.0253584	
1.92385	0.0251397	
1.92416	0.0249304	
1.92446	0.02473	
1.92477	0.0245385	
1.92507	0.0243548	
1.92538	0.0241779	
1.92568	0.0240076	
1.92599	0.0238445	
1.92629	0.0236873	
1.9266	0.0235356	
1.92691	0.0233892	
1.92721	0.0232488	
1.92752	0.0231128	
1.92782	0.0229821	
1.92813	0.0228561	
1.92843	0.0227336	
1.92874	0.0226147	
1.92905	0.0225008	
1.92935	0.0223905	
1.92966	0.0222825	
1.92996	0.0221785	
1.93027	0.0220779	
1.93057	0.02198	
1.93088	0.021885	
1.93118	0.0217933	
1.93149	0.0217039	
1.9318	0.0216167	
1.9321	0.0215326	
1.93241	0.0214498	
1.93271	0.0213705	
1.93302	0.0212934	
1.93332	0.0212181	
1.93363	0.0211444	
1.93393	0.0210728	
1.93424	0.0210028	
1.93455	0.0209354	
1.93485	0.0208694	
1.93516	0.0208057	
1.93546	0.0207435	
1.93577	0.0206817	
1.93607	0.0206217	
1.93638	0.020564	
1.93668	0.0205077	
1.93699	0.0204526	
1.9373	0.0203993	
1.9376	0.0203464	
1.93791	0.0202954	
1.93821	0.0202451	
1.93852	0.0201959	
1.93882	0.0201486	
1.93913	0.020102	
1.93943	0.0200562	
1.93974	0.0200123	
1.94005	0.019969	
1.94035	0.019927	
1.94066	0.0198863	
1.94096	0.0198457	
1.94127	0.0198066	
1.94157	0.0197679	
1.94188	0.019731	
1.94218	0.0196941	
1.94249	0.0196587	
1.9428	0.0196233	
1.9431	0.0195894	
1.94341	0.0195559	
1.94371	0.0195235	
1.94402	0.0194915	
1.94432	0.0194609	
1.94463	0.0194304	
1.94493	0.0194013	
1.94524	0.0193726	
1.94555	0.0193443	
1.94585	0.0193164	
1.94616	0.0192896	
1.94646	0.0192631	
1.94677	0.0192378	
1.94707	0.0192128	
1.94738	0.0191886	
1.94768	0.0191648	
1.94799	0.0191417	
1.9483	0.0191189	
1.9486	0.019097	
1.94891	0.0190753	
1.94921	0.0190545	
1.94952	0.019034	
1.94982	0.0190143	
1.95013	0.0189945	
1.95043	0.0189755	
1.95074	0.0189569	
1.95105	0.018939	
1.95135	0.0189215	
1.95166	0.0189047	
1.95196	0.0188883	
1.95227	0.0188723	
1.95257	0.0188567	
1.95288	0.0188414	
1.95318	0.0188265	
1.95349	0.018812	
1.9538	0.0187978	
1.9541	0.0187844	
1.95441	0.018771	
1.95471	0.0187583	
1.95502	0.0187457	
1.95532	0.0187337	
1.95563	0.0187218	
1.95593	0.0187106	
1.95624	0.0186998	
1.95655	0.0186894	
1.95685	0.018679	
1.95716	0.0186693	
1.95746	0.0186596	
1.95777	0.0186503	
1.95807	0.0186414	
1.95838	0.0186328	
1.95868	0.0186246	
1.95899	0.0186168	
1.9593	0.0186093	
1.9596	0.0186019	
1.95991	0.0185948	
1.96021	0.0185881	
1.96052	0.0185814	
1.96082	0.0185754	
1.96113	0.0185698	
1.96144	0.0185646	
1.96174	0.0185594	
1.96205	0.0185546	
1.96235	0.0185497	
1.96266	0.0185456	
1.96296	0.0185415	
1.96327	0.0185374	
1.96357	0.0185337	
1.96388	0.0185307	
1.96419	0.0185277	
1.96449	0.0185248	
1.9648	0.0185218	
1.9651	0.0185195	
1.96541	0.0185177	
1.96571	0.0185154	
1.96602	0.0185136	
1.96632	0.0185125	
1.96663	0.0185113	
1.96694	0.0185102	
1.96724	0.0185095	
1.96755	0.0185091	
1.96785	0.0185087	
1.96816	0.0185084	
1.96846	0.0185084	
1.96877	0.0185091	
1.96907	0.0185098	
1.96938	0.0185106	
1.96969	0.0185113	
1.96999	0.0185125	
1.9703	0.0185139	
1.9706	0.0185154	
1.97091	0.0185169	
1.97121	0.0185192	
1.97152	0.0185218	
1.97182	0.018524	
1.97213	0.0185266	
1.97244	0.0185296	
1.97274	0.0185326	
1.97305	0.0185356	
1.97335	0.0185389	
1.97366	0.0185426	
1.97396	0.0185464	
1.97427	0.0185501	
1.97457	0.0185538	
1.97488	0.0185583	
1.97519	0.0185627	
1.97549	0.0185672	
1.9758	0.0185717	
1.9761	0.0185765	
1.97641	0.0185817	
1.97671	0.018587	
1.97702	0.0185922	
1.97732	0.0185978	
1.97763	0.0186037	
1.97794	0.0186093	
1.97824	0.0186153	
1.97855	0.0186216	
1.97885	0.0186279	
1.97916	0.0186343	
1.97946	0.018641	
1.97977	0.0186477	
1.98007	0.0186548	
1.98038	0.0186618	
1.98069	0.0186689	
1.98099	0.0186764	
1.9813	0.0186842	
1.9816	0.0186916	
1.98191	0.0186995	
1.98221	0.0187077	
1.98252	0.0187159	
1.98282	0.0187241	
1.98313	0.0187322	
1.98344	0.0187408	
1.98374	0.0187498	
1.98405	0.0187583	
1.98435	0.0187673	
1.98466	0.0187766	
1.98496	0.0187859	
1.98527	0.0187952	
1.98557	0.0188045	
1.98588	0.0188142	
1.98619	0.0188243	
1.98649	0.018834	
1.9868	0.018844	
1.9871	0.0188541	
1.98741	0.0188645	
1.98771	0.0188746	
1.98802	0.018885	
1.98832	0.0188958	
1.98863	0.0189066	
1.98894	0.0189174	
1.98924	0.0189286	
1.98955	0.0189397	
1.98985	0.0189509	
1.99016	0.0189621	
1.99046	0.0189736	
1.99077	0.0189856	
1.99107	0.0189975	
1.99138	0.0190094	
1.99169	0.0190213	
1.99199	0.0190336	
1.9923	0.0190459	
1.9926	0.0190582	
1.99291	0.0190705	
1.99321	0.0190832	
1.99352	0.0190962	
1.99382	0.0191089	
1.99413	0.0191219	
1.99444	0.019135	
1.99474	0.0191484	
1.99505	0.0191614	
1.99535	0.0191748	
1.99566	0.0191886	
1.99596	0.0192024	
1.99627	0.0192162	
1.99658	0.0192299	
1.99688	0.0192441	
1.99719	0.0192583	
1.99749	0.0192724	
1.9978	0.0192866	
1.9981	0.0193011	
1.99841	0.019316	
1.99871	0.0193305	
1.99902	0.0193454	
1.99933	0.0193603	
1.99963	0.0193756	
1.99994	0.0193905	
2.00024	0.0194058	
2.00055	0.0194214	
2.00085	0.0194371	
2.00116	0.0194527	
2.00146	0.0194684	
2.00177	0.019484	
2.00208	0.0195	
2.00238	0.0195161	
2.00269	0.0195321	
2.00299	0.0195485	
2.0033	0.0195652	
2.0036	0.0195816	
2.00391	0.0195984	
2.00421	0.0196151	
2.00452	0.0196319	
2.00483	0.0196487	
2.00513	0.0196658	
2.00544	0.0196833	
2.00574	0.0197008	
2.00605	0.0197183	
2.00635	0.0197358	
2.00666	0.0197537	
2.00696	0.0197716	
2.00727	0.0197895	
2.00758	0.0198074	
2.00788	0.0198256	
2.00819	0.0198442	
2.00849	0.0198625	
2.0088	0.0198811	
2.0091	0.0198998	
2.00941	0.0199188	
2.00971	0.0199378	
2.01002	0.0199568	
2.01033	0.0199761	
2.01063	0.0199955	
2.01094	0.0200149	
2.01124	0.0200346	
2.01155	0.0200544	
2.01185	0.0200745	
2.01216	0.0200942	
2.01246	0.0201143	
2.01277	0.0201348	
2.01308	0.0201553	
2.01338	0.0201758	
2.01369	0.0201967	
2.01399	0.0202175	
2.0143	0.0202388	
2.0146	0.02026	
2.01491	0.0202812	
2.01521	0.0203028	
2.01552	0.0203248	
2.01583	0.0203464	
2.01613	0.0203684	
2.01644	0.0203907	
2.01674	0.0204131	
2.01705	0.0204355	
2.01735	0.0204582	
2.01766	0.0204816	
2.01796	0.0205051	
2.01827	0.0205286	
2.01858	0.0205521	
2.01888	0.0205763	
2.01919	0.0206005	
2.01949	0.0206247	
2.0198	0.0206489	
2.0201	0.0206739	
2.02041	0.0206988	
2.02071	0.0207249	
2.02102	0.020751	
2.02133	0.0207771	
2.02163	0.0208035	
2.02194	0.0208307	
2.02224	0.0208583	
2.02255	0.0208862	
2.02285	0.0209149	
2.02316	0.020944	
2.02346	0.0209741	
2.02377	0.0210043	
2.02408	0.0210356	
2.02438	0.021068	
2.02469	0.0211015	
2.02499	0.0211358	
2.0253	0.0211708	
2.0256	0.0212077	
2.02591	0.0212472	
2.02621	0.0212878	
2.02652	0.021331	
2.02683	0.0213776	
2.02713	0.0214282	
2.02744	0.021483	
2.02774	0.0215434	
2.02805	0.0216104	
2.02835	0.0216875	
2.02866	0.0217762	
2.02896	0.0218824	
2.02927	0.0220113	
2.02958	0.0221722	
2.02988	0.0223797	
2.03019	0.0226554	
2.03049	0.0230324	
2.0308	0.023564	
2.0311	0.0243228	
2.03141	0.0253942	
2.03172	0.0268046	
2.03202	0.0283845	
2.03233	0.029714	
2.03263	0.0304587	
2.03294	0.0306845	
2.03324	0.0305239	
2.03355	0.029844	
2.03385	0.0285797	
2.03416	0.0270657	
2.03447	0.0257228	
2.03477	0.0247203	
2.03508	0.0240285	
2.03538	0.0235647	
2.03569	0.0232551	
2.03599	0.0230473	
2.0363	0.0229076	
2.0366	0.0228155	
2.03691	0.0227556	
2.03722	0.0227183	
2.03752	0.0226986	
2.03783	0.0226919	
2.03813	0.0226948	
2.03844	0.0227056	
2.03874	0.0227232	
2.03905	0.0227444	
2.03935	0.0227712	
2.03966	0.022801	
2.03997	0.0228349	
2.04027	0.0228722	
2.04058	0.022912	
2.04088	0.0229537	
2.04119	0.0229981	
2.04149	0.023045	
2.0418	0.0230946	
2.0421	0.0231456	
2.04241	0.0231989	
2.04272	0.0232555	
2.04302	0.0233144	
2.04333	0.0233743	
2.04363	0.0234384	
2.04394	0.0235036	
2.04424	0.0235729	
2.04455	0.0236444	
2.04485	0.02372	
2.04516	0.0237986	
2.04547	0.023881	
2.04577	0.0239663	
2.04608	0.0240572	
2.04638	0.0241507	
2.04669	0.0242498	
2.04699	0.0243541	
2.0473	0.0244636	
2.0476	0.0245798	
2.04791	0.0247028	
2.04822	0.024832	
2.04852	0.0249699	
2.04883	0.0251159	
2.04913	0.0252716	
2.04944	0.0254374	
2.04974	0.0256147	
2.05005	0.025804	
2.05035	0.0260077	
2.05066	0.0262249	
2.05097	0.0264592	
2.05127	0.0267114	
2.05158	0.0269838	
2.05188	0.0272766	
2.05219	0.0275925	
2.05249	0.0279322	
2.0528	0.0282984	
2.0531	0.0286911	
2.05341	0.0291117	
2.05372	0.0295609	
2.05402	0.0300393	
2.05433	0.0305455	
2.05463	0.0310808	
2.05494	0.0316504	
2.05524	0.0322644	
2.05555	0.0329409	
2.05585	0.0337124	
2.05616	0.0346154	
2.05647	0.0356805	
2.05677	0.0369035	
2.05708	0.03822	
2.05738	0.0394933	
2.05769	0.0405412	
2.05799	0.0411913	
2.0583	0.0413381	
2.0586	0.0409845	
2.05891	0.0402439	
2.05922	0.0392966	
2.05952	0.0383295	
2.05983	0.0374828	
2.06013	0.0368286	
2.06044	0.0363793	
2.06074	0.0361182	
2.06105	0.0360228	
2.06135	0.0360828	
2.06166	0.0363022	
2.06197	0.0366982	
2.06227	0.0372935	
2.06258	0.038103	
2.06288	0.0391155	
2.06319	0.0402749	
2.06349	0.0414707	
2.0638	0.0425622	
2.06411	0.043422	
2.06441	0.0439718	
2.06472	0.0441786	
2.06502	0.0440352	
2.06533	0.0435527	
2.06563	0.0427682	
2.06594	0.0417639	
2.06624	0.0406731	
2.06655	0.0396553	
2.06686	0.0388492	
2.06716	0.03835	
2.06747	0.0382159	
2.06777	0.0384942	
2.06808	0.0392418	
2.06838	0.0405423	
2.06869	0.0425082	
2.06899	0.0452477	
2.0693	0.0487652	
2.06961	0.0527907	
2.06991	0.0566892	
2.07022	0.0596527	
2.07052	0.0610247	
2.07083	0.0604995	
2.07113	0.0582099	
2.07144	0.0546873	
2.07174	0.0507105	
2.07205	0.0470199	
2.07236	0.0440303	
2.07266	0.0418194	
2.07297	0.0402935	
2.07327	0.0393223	
2.07358	0.0387929	
2.07388	0.0386227	
2.07419	0.0387564	
2.07449	0.0391733	
2.0748	0.0398945	
2.07511	0.0409629	
2.07541	0.0423338	
2.07572	0.0437252	
2.07602	0.0446409	
2.07633	0.0446875	
2.07663	0.0439055	
2.07694	0.0427339	
2.07724	0.0416491	
2.07755	0.0408843	
2.07786	0.0404518	
2.07816	0.0403035	
2.07847	0.0404131	
2.07877	0.0407886	
2.07908	0.0414617	
2.07938	0.0424821	
2.07969	0.0439201	
2.07999	0.0458755	
2.0803	0.0484936	
2.08061	0.0519842	
2.08091	0.0566505	
2.08122	0.062928	
2.08152	0.0714097	
2.08183	0.0828065	
2.08213	0.0976637	
2.08244	0.115593	
2.08274	0.134275	
2.08305	0.14957	
2.08336	0.157205	
2.08366	0.154748	
2.08397	0.142981	
2.08427	0.125423	
2.08458	0.106537	
2.08488	0.0897512	
2.08519	0.0763912	
2.08549	0.0662789	
2.0858	0.0587258	
2.08611	0.0530563	
2.08641	0.0487477	
2.08672	0.0454258	
2.08702	0.0428278	
2.08733	0.0407696	
2.08763	0.0391223	
2.08794	0.0377923	
2.08824	0.0367142	
2.08855	0.0358414	
2.08886	0.0351403	
2.08916	0.0345886	
2.08947	0.0341743	
2.08977	0.0338923	
2.09008	0.0337493	
2.09038	0.0337616	
2.09069	0.0339564	
2.09099	0.0343736	
2.0913	0.0350617	
2.09161	0.0360597	
2.09191	0.037365	
2.09222	0.0388701	
2.09252	0.0403296	
2.09283	0.0414297	
2.09313	0.0419926	
2.09344	0.0421178	
2.09374	0.0420596	
2.09405	0.0419501	
2.09436	0.0416551	
2.09466	0.0409171	
2.09497	0.0396349	
2.09527	0.0379827	
2.09558	0.0362709	
2.09588	0.0347432	
2.09619	0.0335019	
2.09649	0.0325456	
2.0968	0.0318296	
2.09711	0.0312995	
2.09741	0.0309076	
2.09772	0.0306178	
2.09802	0.0304021	
2.09833	0.0302408	
2.09863	0.0301197	
2.09894	0.0300292	
2.09925	0.0299618	
2.09955	0.0299118	
2.09986	0.0298765	
2.10016	0.0298522	
2.10047	0.0298373	
2.10077	0.0298299	
2.10108	0.0298284	
2.10138	0.0298321	
2.10169	0.0298403	
2.102	0.0298522	
2.1023	0.0298679	
2.10261	0.0298861	
2.10291	0.029907	
2.10322	0.0299305	
2.10352	0.0299562	
2.10383	0.0299841	
2.10413	0.0300135	
2.10444	0.0300448	
2.10475	0.0300776	
2.10505	0.0301123	
2.10536	0.0301488	
2.10566	0.0301871	
2.10597	0.0302263	
2.10627	0.0302669	
2.10658	0.030309	
2.10688	0.0303525	
2.10719	0.0303976	
2.1075	0.0304442	
2.1078	0.0304919	
2.10811	0.030541	
2.10841	0.0305921	
2.10872	0.0306446	
2.10902	0.0306994	
2.10933	0.0307545	
2.10963	0.0308122	
2.10994	0.0308715	
2.11025	0.0309333	
2.11055	0.030997	
2.11086	0.0310622	
2.11116	0.0311304	
2.11147	0.0312012	
2.11177	0.0312749	
2.11208	0.0313517	
2.11238	0.0314318	
2.11269	0.0315156	
2.113	0.0316035	
2.1133	0.0316963	
2.11361	0.0317939	
2.11391	0.0318974	
2.11422	0.0320069	
2.11452	0.0321243	
2.11483	0.0322502	
2.11513	0.0323858	
2.11544	0.032533	
2.11575	0.0326928	
2.11605	0.0328686	
2.11636	0.0330627	
2.11666	0.033278	
2.11697	0.0335194	
2.11727	0.0337936	
2.11758	0.0341069	
2.11788	0.034469	
2.11819	0.0348926	
2.1185	0.0353951	
2.1188	0.035999	
2.11911	0.0367373	
2.11941	0.0376556	
2.11972	0.0388205	
2.12002	0.0403292	
2.12033	0.0423253	
2.12063	0.0450231	
2.12094	0.0487275	
2.12125	0.0538107	
2.12155	0.0605099	
2.12186	0.0683695	
2.12216	0.0756722	
2.12247	0.0798535	
2.12277	0.0790603	
2.12308	0.0737488	
2.12338	0.0662509	
2.12369	0.058965	
2.124	0.053142	
2.1243	0.0489119	
2.12461	0.0459526	
2.12491	0.0439141	
2.12522	0.0425357	
2.12552	0.0416439	
2.12583	0.0411328	
2.12613	0.0409432	
2.12644	0.0410527	
2.12675	0.0414737	
2.12705	0.0422552	
2.12736	0.0434935	
2.12766	0.0453517	
2.12797	0.048086	
2.12827	0.0520587	
2.12858	0.0576273	
2.12888	0.0647087	
2.12919	0.0720665	
2.1295	0.0774693	
2.1298	0.0790242	
2.13011	0.0761565	
2.13041	0.0698779	
2.13072	0.0623103	
2.13102	0.055505	
2.13133	0.0503082	
2.13164	0.0465959	
2.13194	0.0439752	
2.13225	0.0421032	
2.13255	0.0407409	
2.13286	0.0397291	
2.13316	0.0389639	
2.13347	0.0383765	
2.13377	0.0379194	
2.13408	0.0375602	
2.13439	0.0372764	
2.13469	0.0370506	
2.135	0.0368703	
2.1353	0.0367273	
2.13561	0.036614	
2.13591	0.0365246	
2.13622	0.0364557	
2.13652	0.0364035	
2.13683	0.0363655	
2.13714	0.0363395	
2.13744	0.0363238	
2.13775	0.0363171	
2.13805	0.0363182	
2.13836	0.0363261	
2.13866	0.0363398	
2.13897	0.0363588	
2.13927	0.0363827	
2.13958	0.0364106	
2.13989	0.0364423	
2.14019	0.0364769	
2.1405	0.0365149	
2.1408	0.0365563	
2.14111	0.0365995	
2.14141	0.0366453	
2.14172	0.0366934	
2.14202	0.0367429	
2.14233	0.0367947	
2.14264	0.0368483	
2.14294	0.0369038	
2.14325	0.0369608	
2.14355	0.0370186	
2.14386	0.0370782	
2.14416	0.0371389	
2.14447	0.0372007	
2.14477	0.0372633	
2.14508	0.0373278	
2.14539	0.0373933	
2.14569	0.0374597	
2.146	0.0375271	
2.1463	0.0375953	
2.14661	0.0376638	
2.14691	0.0377342	
2.14722	0.0378054	
2.14752	0.0378773	
2.14783	0.0379495	
2.14814	0.0380229	
2.14844	0.0380974	
2.14875	0.0381719	
2.14905	0.0382479	
2.14936	0.0383247	
2.14966	0.0384014	
2.14997	0.0384793	
2.15027	0.0385582	
2.15058	0.038638	
2.15089	0.0387177	
2.15119	0.0387985	
2.1515	0.0388801	
2.1518	0.0389628	
2.15211	0.0390455	
2.15241	0.039129	
2.15272	0.0392139	
2.15302	0.0392988	
2.15333	0.0393841	
2.15364	0.0394706	
2.15394	0.0395577	
2.15425	0.039646	
2.15455	0.0397347	
2.15486	0.0398241	
2.15516	0.0399139	
2.15547	0.0400048	
2.15577	0.040096	
2.15608	0.0401881	
2.15639	0.0402812	
2.15669	0.0403751	
2.157	0.0404689	
2.1573	0.0405639	
2.15761	0.0406601	
2.15791	0.0407569	
2.15822	0.0408541	
2.15852	0.0409521	
2.15883	0.0410512	
2.15914	0.041151	
2.15944	0.0412513	
2.15975	0.0413526	
2.16005	0.0414547	
2.16036	0.0415578	
2.16066	0.0416618	
2.16097	0.0417661	
2.16127	0.0418719	
2.16158	0.0419781	
2.16189	0.0420853	
2.16219	0.0421934	
2.1625	0.0423025	
2.1628	0.0424124	
2.16311	0.0425231	
2.16341	0.0426345	
2.16372	0.042747	
2.16402	0.0428606	
2.16433	0.0429753	
2.16464	0.0430912	
2.16494	0.0432074	
2.16525	0.0433251	
2.16555	0.0434436	
2.16586	0.0435628	
2.16616	0.0436831	
2.16647	0.0438046	
2.16678	0.0439275	
2.16708	0.0440512	
2.16739	0.044176	
2.16769	0.0443019	
2.168	0.0444289	
2.1683	0.0445567	
2.16861	0.0446863	
2.16891	0.0448171	
2.16922	0.044949	
2.16953	0.045082	
2.16983	0.0452161	
2.17014	0.0453517	
2.17044	0.0454884	
2.17075	0.0456259	
2.17105	0.0457656	
2.17136	0.045906	
2.17166	0.0460479	
2.17197	0.0461914	
2.17228	0.0463359	
2.17258	0.0464819	
2.17289	0.0466291	
2.17319	0.0467781	
2.1735	0.0469282	
2.1738	0.0470798	
2.17411	0.0472333	
2.17441	0.0473879	
2.17472	0.047544	
2.17503	0.0477016	
2.17533	0.0478607	
2.17564	0.0480212	
2.17594	0.0481836	
2.17625	0.0483483	
2.17655	0.0485137	
2.17686	0.0486806	
2.17716	0.0488497	
2.17747	0.0490207	
2.17778	0.0491928	
2.17808	0.0493664	
2.17839	0.0495423	
2.17869	0.04972	
2.179	0.0498984	
2.1793	0.0500795	
2.17961	0.0502624	
2.17991	0.0504468	
2.18022	0.0506323	
2.18053	0.05082	
2.18083	0.0510097	
2.18114	0.0512011	
2.18144	0.0513945	
2.18175	0.0515897	
2.18205	0.0517871	
2.18236	0.0519861	
2.18266	0.0521868	
2.18297	0.0523891	
2.18328	0.0525933	
2.18358	0.0528	
2.18389	0.0530083	
2.18419	0.0532184	
2.1845	0.0534307	
2.1848	0.0536446	
2.18511	0.0538602	
2.18541	0.0540778	
2.18572	0.0542972	
2.18603	0.0545185	
2.18633	0.0547424	
2.18664	0.0549678	
2.18694	0.0551954	
2.18725	0.0554249	
2.18755	0.055657	
2.18786	0.0558905	
2.18816	0.056126	
2.18847	0.0563636	
2.18878	0.0566036	
2.18908	0.0568461	
2.18939	0.0570916	
2.18969	0.0573397	
2.19	0.05759	
2.1903	0.0578433	
2.19061	0.0580989	
2.19091	0.0583578	
2.19122	0.0586208	
2.19153	0.0588872	
2.19183	0.0591569	
2.19214	0.0594303	
2.19244	0.0597078	
2.19275	0.0599902	
2.19305	0.0602774	
2.19336	0.0605702	
2.19366	0.0608675	
2.19397	0.0611708	
2.19428	0.0614807	
2.19458	0.061797	
2.19489	0.0621192	
2.19519	0.0624489	
2.1955	0.0627868	
2.1958	0.0631321	
2.19611	0.0634853	
2.19641	0.0638463	
2.19672	0.0642166	
2.19703	0.064595	
2.19733	0.0649825	
2.19764	0.0653781	
2.19794	0.0657827	
2.19825	0.0661954	
2.19855	0.0666164	
2.19886	0.0670448	
2.19916	0.0674807	
2.19947	0.0679225	
2.19978	0.0683695	
2.20008	0.0688214	
2.20039	0.0692777	
2.20069	0.0697367	
2.201	0.0701964	
2.2013	0.0706557	
2.20161	0.0711132	
2.20192	0.0715673	
2.20222	0.0720162	
2.20253	0.072458	
2.20283	0.0728913	
2.20314	0.0733145	
2.20344	0.0737246	
2.20375	0.0741199	
2.20405	0.0744995	
2.20436	0.0748616	
2.20467	0.0752032	
2.20497	0.0755236	
2.20528	0.075822	
2.20558	0.0760958	
2.20589	0.0763442	
2.20619	0.0765663	
2.2065	0.0767615	
2.2068	0.0769287	
2.20711	0.0770673	
2.20742	0.077178	
2.20772	0.0772599	
2.20803	0.0773128	
2.20833	0.0773381	
2.20864	0.0773359	
2.20894	0.0773076	
2.20925	0.0772532	
2.20955	0.0771746	
2.20986	0.0770729	
2.21017	0.0769492	
2.21047	0.0768054	
2.21078	0.0766438	
2.21108	0.0764657	
2.21139	0.0762716	
2.21169	0.0760652	
2.212	0.0758477	
2.2123	0.0756208	
2.21261	0.0753872	
2.21292	0.0751477	
2.21322	0.0749044	
2.21353	0.0746593	
2.21383	0.0744127	
2.21414	0.0741668	
2.21444	0.0739232	
2.21475	0.0736836	
2.21505	0.0734489	
2.21536	0.0732198	
2.21567	0.0729967	
2.21597	0.0727803	
2.21628	0.0725716	
2.21658	0.0723716	
2.21689	0.0721797	
2.21719	0.0719965	
2.2175	0.0718221	
2.2178	0.071656	
2.21811	0.0714995	
2.21842	0.0713516	
2.21872	0.0712126	
2.21903	0.0710819	
2.21933	0.0709582	
2.21964	0.0708431	
2.21994	0.0707354	
2.22025	0.070636	
2.22055	0.0705417	
2.22086	0.0704546	
2.22117	0.0703733	
2.22147	0.0702992	
2.22178	0.0702295	
2.22208	0.0701655	
2.22239	0.0701059	
2.22269	0.0700515	
2.223	0.0700008	
2.2233	0.0699554	
2.22361	0.0699133	
2.22392	0.0698753	
2.22422	0.0698406	
2.22453	0.0698097	
2.22483	0.0697818	
2.22514	0.0697576	
2.22544	0.0697356	
2.22575	0.0697177	
2.22605	0.0697024	
2.22636	0.0696912	
2.22667	0.0696819	
2.22697	0.0696763	
2.22728	0.0696722	
2.22758	0.0696722	
2.22789	0.0696741	
2.22819	0.0696797	
2.2285	0.0696883	
2.2288	0.0697009	
2.22911	0.0697151	
2.22942	0.069733	
2.22972	0.0697538	
2.23003	0.0697788	
2.23033	0.0698056	
2.23064	0.0698365	
2.23094	0.0698719	
2.23125	0.069911	
2.23155	0.0699539	
2.23186	0.0700004	
2.23217	0.0700518	
2.23247	0.070107	
2.23278	0.0701677	
2.23308	0.0702336	
2.23339	0.0703048	
2.23369	0.0703827	
2.234	0.0704657	
2.23431	0.0705559	
2.23461	0.0706542	
2.23492	0.0707608	
2.23522	0.0708763	
2.23553	0.0710029	
2.23583	0.0711404	
2.23614	0.071292	
2.23644	0.0714578	
2.23675	0.0716422	
2.23706	0.0718463	
2.23736	0.0720754	
2.23767	0.0723336	
2.23797	0.0726268	
2.23828	0.0729632	
2.23858	0.0733525	
2.23889	0.0738081	
2.23919	0.0743497	
2.2395	0.0750009	
2.23981	0.0757974	
2.24011	0.0767868	
2.24042	0.0780381	
2.24072	0.0796478	
2.24103	0.081747	
2.24133	0.0844963	
2.24164	0.088045	
2.24194	0.0923928	
2.24225	0.0971634	
2.24256	0.101512	
2.24286	0.104397	
2.24317	0.10502	
2.24347	0.103226	
2.24378	0.0995979	
2.24408	0.095135	
2.24439	0.0908107	
2.24469	0.0871949	
2.245	0.0844084	
2.24531	0.0823408	
2.24561	0.0808273	
2.24592	0.0797231	
2.24622	0.078918	
2.24653	0.0783361	
2.24683	0.0779197	
2.24714	0.0776324	
2.24744	0.0774458	
2.24775	0.0773404	
2.24806	0.0773013	
2.24836	0.0773195	
2.24867	0.0773858	
2.24897	0.0774965	
2.24928	0.0776466	
2.24958	0.0778351	
2.24989	0.0780605	
2.25019	0.0783242	
2.2505	0.0786252	
2.25081	0.0789676	
2.25111	0.0793528	
2.25142	0.0797853	
2.25172	0.0802722	
2.25203	0.0808183	
2.25233	0.0814326	
2.25264	0.0821266	
2.25294	0.0829134	
2.25325	0.0838097	
2.25356	0.0848353	
2.25386	0.0860181	
2.25417	0.087389	
2.25447	0.0889905	
2.25478	0.0908721	
2.25508	0.0930991	
2.25539	0.09575	
2.25569	0.0989206	
2.256	0.102722	
2.25631	0.107284	
2.25661	0.112745	
2.25692	0.119234	
2.25722	0.126796	
2.25753	0.135146	
2.25783	0.143275	
2.25814	0.149306	
2.25844	0.151275	
2.25875	0.148483	
2.25906	0.142067	
2.25936	0.134097	
2.25967	0.126255	
2.25997	0.119328	
2.26028	0.113481	
2.26058	0.108632	
2.26089	0.104649	
2.26119	0.101392	
2.2615	0.0987373	
2.26181	0.096577	
2.26211	0.0948206	
2.26242	0.0933927	
2.26272	0.092233	
2.26303	0.0912949	
2.26333	0.0905391	
2.26364	0.0899345	
2.26394	0.0894569	
2.26425	0.0890873	
2.26456	0.0888105	
2.26486	0.0886135	
2.26517	0.0884864	
2.26547	0.0884213	
2.26578	0.0884112	
2.26608	0.0884525	
2.26639	0.0885412	
2.26669	0.0886738	
2.267	0.0888489	
2.26731	0.089065	
2.26761	0.0893231	
2.26792	0.0896223	
2.26822	0.0899624	
2.26853	0.0903469	
2.26883	0.0907782	
2.26914	0.0912584	
2.26945	0.0917915	
2.26975	0.092382	
2.27006	0.0930361	
2.27036	0.0937615	
2.27067	0.0945646	
2.27097	0.0954568	
2.27128	0.096447	
2.27158	0.0975486	
2.27189	0.098775	
2.2722	0.100142	
2.2725	0.101666	
2.27281	0.103364	
2.27311	0.105253	
2.27342	0.107352	
2.27372	0.109681	
2.27403	0.112269	
2.27433	0.115165	
2.27464	0.118449	
2.27495	0.122231	
2.27525	0.1266	
2.27556	0.131477	
2.27586	0.136449	
2.27617	0.14073	
2.27647	0.143385	
2.27678	0.143751	
2.27708	0.141786	
2.27739	0.138091	
2.2777	0.133592	
2.278	0.129111	
2.27831	0.12511	
2.27861	0.121696	
2.27892	0.118796	
2.27922	0.116295	
2.27953	0.114108	
2.27983	0.112185	
2.28014	0.110494	
2.28045	0.109013	
2.28075	0.107726	
2.28106	0.106613	
2.28136	0.105658	
2.28167	0.104843	
2.28197	0.104153	
2.28228	0.103575	
2.28258	0.103095	
2.28289	0.102701	
2.2832	0.102384	
2.2835	0.102135	
2.28381	0.101947	
2.28411	0.101813	
2.28442	0.101727	
2.28472	0.101687	
2.28503	0.101686	
2.28533	0.101721	
2.28564	0.101791	
2.28595	0.101891	
2.28625	0.102022	
2.28656	0.102181	
2.28686	0.102367	
2.28717	0.102579	
2.28747	0.102818	
2.28778	0.103082	
2.28808	0.103373	
2.28839	0.10369	
2.2887	0.104035	
2.289	0.104409	
2.28931	0.104815	
2.28961	0.105254	
2.28992	0.105732	
2.29022	0.10625	
2.29053	0.106815	
2.29083	0.107431	
2.29114	0.108106	
2.29145	0.108849	
2.29175	0.10967	
2.29206	0.110577	
2.29236	0.111584	
2.29267	0.112698	
2.29297	0.113929	
2.29328	0.115275	
2.29358	0.116726	
2.29389	0.118255	
2.2942	0.11982	
2.2945	0.121362	
2.29481	0.122812	
2.29511	0.124103	
2.29542	0.125169	
2.29572	0.125958	
2.29603	0.126444	
2.29633	0.126621	
2.29664	0.126518	
2.29695	0.126183	
2.29725	0.125682	
2.29756	0.125085	
2.29786	0.124464	
2.29817	0.123881	
2.29847	0.123384	
2.29878	0.123007	
2.29908	0.122765	
2.29939	0.122664	
2.2997	0.122704	
2.3	0.12288	
2.30031	0.123189	
2.30061	0.12363	
2.30092	0.124204	
2.30122	0.124916	
2.30153	0.125778	
2.30184	0.126803	
2.30214	0.12801	
2.30245	0.129422	
2.30275	0.131066	
2.30306	0.132975	
2.30336	0.135205	
2.30367	0.137851	
2.30397	0.140984	
2.30428	0.144337	
2.30459	0.147043	
2.30489	0.148106	
2.3052	0.147393	
2.3055	0.145778	
2.30581	0.144244	
2.30611	0.14319	
2.30642	0.142591	
2.30672	0.142348	
2.30703	0.142398	
2.30734	0.14271	
2.30764	0.143257	
2.30795	0.144019	
2.30825	0.144979	
2.30856	0.146123	
2.30886	0.147441	
2.30917	0.148931	
2.30947	0.150592	
2.30978	0.152426	
2.31009	0.154442	
2.31039	0.15665	
2.3107	0.159063	
2.311	0.161698	
2.31131	0.164576	
2.31161	0.167721	
2.31192	0.171161	
2.31222	0.174929	
2.31253	0.179061	
2.31284	0.183599	
2.31314	0.188588	
2.31345	0.194075	
2.31375	0.200112	
2.31406	0.206754	
2.31436	0.214061	
2.31467	0.222102	
2.31497	0.230975	
2.31528	0.240832	
2.31559	0.2519	
2.31589	0.264458	
2.3162	0.278687	
2.3165	0.294379	
2.31681	0.310623	
2.31711	0.325823	
2.31742	0.338204	
2.31772	0.346638	
2.31803	0.351254	
2.31834	0.353424	
2.31864	0.355136	
2.31895	0.358179	
2.31925	0.363646	
2.31956	0.371966	
2.31986	0.383255	
2.32017	0.397655	
2.32047	0.415475	
2.32078	0.437029	
2.32109	0.462098	
2.32139	0.489181	
2.3217	0.515123	
2.322	0.53577	
2.32231	0.54761	
2.32261	0.5495	
2.32292	0.5433	
2.32322	0.532961	
2.32353	0.522726	
2.32384	0.51563	
2.32414	0.513092	
2.32445	0.515424	
2.32475	0.522581	
2.32506	0.534564	
2.32536	0.551369	
2.32567	0.572526	
2.32597	0.596465	
2.32628	0.620111	
2.32659	0.639193	
2.32689	0.649396	
2.3272	0.647915	
2.3275	0.634602	
2.32781	0.612047	
2.32811	0.584556	
2.32842	0.556612	
2.32872	0.531648	
2.32903	0.511628	
2.32934	0.497343	
2.32964	0.488959	
2.32995	0.486371	
2.33025	0.489187	
2.33056	0.496417	
2.33086	0.506062	
2.33117	0.514935	
2.33147	0.519038	
2.33178	0.514769	
2.33209	0.500599	
2.33239	0.477932	
2.3327	0.45026	
2.333	0.421484	
2.33331	0.394709	
2.33361	0.371845	
2.33392	0.353748	
2.33422	0.340548	
2.33453	0.331911	
2.33484	0.327089	
2.33514	0.324875	
2.33545	0.323715	
2.33575	0.322085	
2.33606	0.31883	
2.33636	0.313248	
2.33667	0.305071	
2.33698	0.294435	
2.33728	0.281905	
2.33759	0.268445	
2.33789	0.255212	
2.3382	0.243137	
2.3385	0.232681	
2.33881	0.22389	
2.33911	0.216588	
2.33942	0.210529	
2.33973	0.205477	
2.34003	0.201233	
2.34034	0.197637	
2.34064	0.194564	
2.34095	0.19192	
2.34125	0.189627	
2.34156	0.187629	
2.34186	0.185879	
2.34217	0.184338	
2.34248	0.182979	
2.34278	0.181777	
2.34309	0.180711	
2.34339	0.179766	
2.3437	0.178928	
2.344	0.178183	
2.34431	0.177525	
2.34461	0.176942	
2.34492	0.176428	
2.34523	0.175976	
2.34553	0.175582	
2.34584	0.17524	
2.34614	0.174947	
2.34645	0.174696	
2.34675	0.174487	
2.34706	0.174315	
2.34736	0.174178	
2.34767	0.174073	
2.34798	0.173999	
2.34828	0.173953	
2.34859	0.173935	
2.34889	0.173941	
2.3492	0.17397	
2.3495	0.174021	
2.34981	0.174093	
2.35011	0.174185	
2.35042	0.174297	
2.35073	0.174425	
2.35103	0.174571	
2.35134	0.174732	
2.35164	0.174909	
2.35195	0.1751	
2.35225	0.175306	
2.35256	0.175525	
2.35286	0.175757	
2.35317	0.176002	
2.35348	0.176258	
2.35378	0.176525	
2.35409	0.176803	
2.35439	0.177093	
2.3547	0.177392	
2.355	0.177701	
2.35531	0.17802	
2.35561	0.178349	
2.35592	0.178687	
2.35623	0.179032	
2.35653	0.179387	
2.35684	0.17975	
2.35714	0.180122	
2.35745	0.180501	
2.35775	0.180888	
2.35806	0.181282	
2.35836	0.181685	
2.35867	0.182094	
2.35898	0.182511	
2.35928	0.182934	
2.35959	0.183364	
2.35989	0.183801	
2.3602	0.184245	
2.3605	0.184695	
2.36081	0.185153	
2.36111	0.185616	
2.36142	0.186085	
2.36173	0.186561	
2.36203	0.187044	
2.36234	0.187531	
2.36264	0.188025	
2.36295	0.188525	
2.36325	0.189032	
2.36356	0.189543	
2.36386	0.190061	
2.36417	0.190584	
2.36448	0.191115	
2.36478	0.191651	
2.36509	0.192191	
2.36539	0.192739	
2.3657	0.193291	
2.366	0.193849	
2.36631	0.194413	
2.36661	0.194982	
2.36692	0.195557	
2.36723	0.196138	
2.36753	0.196724	
2.36784	0.197316	
2.36814	0.197914	
2.36845	0.198517	
2.36875	0.199126	
2.36906	0.19974	
2.36936	0.200361	
2.36967	0.200987	
2.36998	0.201618	
2.37028	0.202256	
2.37059	0.202898	
2.37089	0.203547	
2.3712	0.204201	
2.3715	0.204861	
2.37181	0.205527	
2.37212	0.206198	
2.37242	0.206877	
2.37273	0.207559	
2.37303	0.208249	
2.37334	0.208944	
2.37364	0.209644	
2.37395	0.21035	
2.37425	0.211064	
2.37456	0.211782	
2.37487	0.212507	
2.37517	0.213238	
2.37548	0.213976	
2.37578	0.214719	
2.37609	0.215468	
2.37639	0.216223	
2.3767	0.216985	
2.377	0.217753	
2.37731	0.218527	
2.37762	0.219307	
2.37792	0.220095	
2.37823	0.220887	
2.37853	0.221687	
2.37884	0.222493	
2.37914	0.223305	
2.37945	0.224125	
2.37975	0.224951	
2.38006	0.225783	
2.38037	0.226622	
2.38067	0.227468	
2.38098	0.22832	
2.38128	0.22918	
2.38159	0.230046	
2.38189	0.230919	
2.3822	0.231799	
2.3825	0.232686	
2.38281	0.233579	
2.38312	0.23448	
2.38342	0.235388	
2.38373	0.236303	
2.38403	0.237225	
2.38434	0.238154	
2.38464	0.239091	
2.38495	0.240035	
2.38525	0.240985	
2.38556	0.241943	
2.38587	0.242908	
2.38617	0.243882	
2.38648	0.244863	
2.38678	0.245851	
2.38709	0.246846	
2.38739	0.24785	
2.3877	0.248861	
2.388	0.249879	
2.38831	0.250905	
2.38862	0.251939	
2.38892	0.252981	
2.38923	0.254031	
2.38953	0.255088	
2.38984	0.256153	
2.39014	0.257226	
2.39045	0.258307	
2.39075	0.259396	
2.39106	0.260493	
2.39137	0.261598	
2.39167	0.262711	
2.39198	0.263832	
2.39228	0.264962	
2.39259	0.2661	
2.39289	0.267246	
2.3932	0.268399	
2.3935	0.269562	
2.39381	0.270733	
2.39412	0.271912	
2.39442	0.273099	
2.39473	0.274295	
2.39503	0.275499	
2.39534	0.276712	
2.39564	0.277932	
2.39595	0.279162	
2.39625	0.2804	
2.39656	0.281647	
2.39687	0.282903	
2.39717	0.284167	
2.39748	0.28544	
2.39778	0.286721	
2.39809	0.288012	
2.39839	0.289311	
2.3987	0.290618	
2.399	0.291934	
2.39931	0.29326	
2.39962	0.294595	
2.39992	0.295938	
2.40023	0.29729	
2.40053	0.298651	
2.40084	0.300021	
2.40114	0.301401	
2.40145	0.302788	
2.40175	0.304185	
2.40206	0.305591	
2.40237	0.307007	
2.40267	0.308431	
2.40298	0.309865	
2.40328	0.311308	
2.40359	0.31276	
2.40389	0.314221	
2.4042	0.315692	
2.40451	0.317172	
2.40481	0.318661	
2.40512	0.320159	
2.40542	0.321668	
2.40573	0.323185	
2.40603	0.324712	
2.40634	0.326249	
2.40664	0.327796	
2.40695	0.329351	
2.40726	0.330917	
2.40756	0.332492	
2.40787	0.334077	
2.40817	0.335672	
2.40848	0.337277	
2.40878	0.338891	
2.40909	0.340515	
2.40939	0.34215	
2.4097	0.343794	
2.41001	0.345448	
2.41031	0.347114	
2.41062	0.348788	
2.41092	0.350473	
2.41123	0.352168	
2.41153	0.353874	
2.41184	0.355591	
2.41214	0.357318	
2.41245	0.359056	
2.41276	0.360804	
2.41306	0.362563	
2.41337	0.364334	
2.41367	0.366114	
2.41398	0.367906	
2.41428	0.369709	
2.41459	0.371524	
2.41489	0.37335	
2.4152	0.375187	
2.41551	0.377035	
2.41581	0.378896	
2.41612	0.380768	
2.41642	0.382652	
2.41673	0.384548	
2.41703	0.386457	
2.41734	0.388377	
2.41764	0.390311	
2.41795	0.392256	
2.41826	0.394214	
2.41856	0.396186	
2.41887	0.398171	
2.41917	0.400168	
2.41948	0.402179	
2.41978	0.404204	
2.42009	0.406243	
2.42039	0.408295	
2.4207	0.410362	
2.42101	0.412442	
2.42131	0.414538	
2.42162	0.416649	
2.42192	0.418776	
2.42223	0.420916	
2.42253	0.423072	
2.42284	0.425244	
2.42314	0.427433	
2.42345	0.429637	
2.42376	0.431859	
2.42406	0.434098	
2.42437	0.436354	
2.42467	0.438627	
2.42498	0.440918	
2.42528	0.443226	
2.42559	0.445554	
2.42589	0.4479	
2.4262	0.450266	
2.42651	0.452651	
2.42681	0.455057	
2.42712	0.457483	
2.42742	0.459929	
2.42773	0.462397	
2.42803	0.464886	
2.42834	0.467398	
2.42864	0.469932	
2.42895	0.472488	
2.42926	0.475069	
2.42956	0.477673	
2.42987	0.480302	
2.43017	0.482956	
2.43048	0.485635	
2.43078	0.488341	
2.43109	0.491074	
2.43139	0.493833	
2.4317	0.496621	
2.43201	0.499437	
2.43231	0.502283	
2.43262	0.505158	
2.43292	0.508065	
2.43323	0.511001	
2.43353	0.51397	
2.43384	0.516972	
2.43414	0.520008	
2.43445	0.523077	
2.43476	0.526181	
2.43506	0.529322	
2.43537	0.532499	
2.43567	0.535714	
2.43598	0.538969	
2.43628	0.542261	
2.43659	0.545595	
2.43689	0.54897	
2.4372	0.552387	
2.43751	0.555848	
2.43781	0.559354	
2.43812	0.562905	
2.43842	0.566503	
2.43873	0.570149	
2.43903	0.573844	
2.43934	0.57759	
2.43965	0.581386	
2.43995	0.585236	
2.44026	0.589141	
2.44056	0.5931	
2.44087	0.597117	
2.44117	0.601193	
2.44148	0.605328	
2.44178	0.609525	
2.44209	0.613785	
2.4424	0.618109	
2.4427	0.6225	
2.44301	0.626959	
2.44331	0.631489	
2.44362	0.63609	
2.44392	0.640765	
2.44423	0.645515	
2.44453	0.650343	
2.44484	0.65525	
2.44515	0.660238	
2.44545	0.665311	
2.44576	0.670471	
2.44606	0.675718	
2.44637	0.681056	
2.44667	0.686487	
2.44698	0.692014	
2.44728	0.69764	
2.44759	0.703367	
2.4479	0.709197	
2.4482	0.715134	
2.44851	0.721181	
2.44881	0.727341	
2.44912	0.733616	
2.44942	0.74001	
2.44973	0.746526	
2.45003	0.753168	
2.45034	0.75994	
2.45065	0.766845	
2.45095	0.773886	
2.45126	0.781069	
2.45156	0.788396	
2.45187	0.795872	
2.45217	0.803501	
2.45248	0.811288	
2.45278	0.819238	
2.45309	0.827354	
2.4534	0.835644	
2.4537	0.844111	
2.45401	0.85276	
2.45431	0.861597	
2.45462	0.870628	
2.45492	0.879859	
2.45523	0.889296	
2.45553	0.898945	
2.45584	0.908813	
2.45615	0.918907	
2.45645	0.929233	
2.45676	0.9398	
2.45706	0.950615	
2.45737	0.961685	
2.45767	0.973019	
2.45798	0.984626	
2.45828	0.996515	
2.45859	1.00869	
2.4589	1.02118	
2.4592	1.03397	
2.45951	1.04708	
2.45981	1.06052	
2.46012	1.07431	
2.46042	1.08845	
2.46073	1.10296	
2.46103	1.11785	
2.46134	1.13314	
2.46165	1.14883	
2.46195	1.16495	
2.46226	1.1815	
2.46256	1.19851	
2.46287	1.21599	
2.46317	1.23396	
2.46348	1.25243	
2.46378	1.27143	
2.46409	1.29098	
2.4644	1.31109	
2.4647	1.3318	
2.46501	1.35312	
2.46531	1.37507	
2.46562	1.39769	
2.46592	1.421	
2.46623	1.44503	
2.46653	1.4698	
2.46684	1.49536	
2.46715	1.52173	
2.46745	1.54895	
2.46776	1.57705	
2.46806	1.60608	
2.46837	1.63608	
2.46867	1.66708	
2.46898	1.69914	
2.46928	1.73231	
2.46959	1.76663	
2.4699	1.80216	
2.4702	1.83896	
2.47051	1.87709	
2.47081	1.91662	
2.47112	1.95761	
2.47142	2.00015	
2.47173	2.04431	
2.47204	2.09017	
2.47234	2.13783	
2.47265	2.18738	
2.47295	2.23892	
2.47326	2.29257	
2.47356	2.34845	
2.47387	2.40668	
2.47417	2.4674	
2.47448	2.53076	
2.47479	2.59691	
2.47509	2.66603	
2.4754	2.73831	
2.4757	2.81394	
2.47601	2.89313	
2.47631	2.97613	
2.47662	3.0632	
2.47692	3.1546	
2.47723	3.25065	
2.47754	3.35167	
2.47784	3.45803	
2.47815	3.57013	
2.47845	3.68839	
2.47876	3.81331	
2.47906	3.94542	
2.47937	4.08529	
2.47967	4.23359	
2.47998	4.39102	
2.48029	4.5584	
2.48059	4.73662	
2.4809	4.92668	
2.4812	5.12971	
2.48151	5.34698	
2.48181	5.57991	
2.48212	5.83014	
2.48242	6.09951	
2.48273	6.3901	
2.48304	6.70434	
2.48334	7.04497	
2.48365	7.41518	
2.48395	7.81864	
2.48426	8.2596	
2.48456	8.74303	
2.48487	9.27471	
2.48517	9.8614	
2.48548	10.511	
2.48579	11.2329	
2.48609	12.038	
2.4864	12.939	
2.4867	13.9509	
2.48701	15.091	
2.48731	16.3791	
2.48762	17.8372	
2.48792	19.4897	
2.48823	21.3617	
2.48854	23.4769	
2.48884	25.8526	
2.48915	28.4907	
2.48945	31.36	
2.48976	34.3741	
2.49006	37.3719	
2.49037	40.1266	
2.49067	42.3994	
2.49098	44.0281	
2.49129	45.0056	
2.49159	45.496	
2.4919	45.777	
2.4922	46.1493	
2.49251	46.8658	
2.49281	48.1065	
2.49312	49.9878	
2.49342	52.5822	
2.49373	55.9264	
2.49404	60.0029	
2.49434	64.6828	
2.49465	69.6433	
2.49495	74.3265	
2.49526	78.0364	
2.49556	80.1926	
2.49587	80.6102	
2.49617	79.6049	
2.49648	77.8377	
2.49679	76.0237	
2.49709	74.7066	
2.4974	74.2003	
2.4977	74.6514	
2.49801	76.1236	
2.49831	78.6385	
2.49862	82.1531	
2.49892	86.4792	
2.49923	91.1856	
2.49954	95.5675	
2.49984	98.7608	
2.50015	100	
2.50045	98.9046	
2.50076	95.6357	
2.50106	90.8269	
2.50137	85.3332	
2.50167	79.944	
2.50198	75.2052	
2.50229	71.3987	
2.50259	68.6256	
2.5029	66.9014	
2.5032	66.2089	
2.50351	66.496	
2.50381	67.6227	
2.50412	69.2697	
2.50442	70.8563	
2.50473	71.5863	
2.50504	70.7133	
2.50534	67.9168	
2.50565	63.4875	
2.50595	58.1458	
2.50626	52.6691	
2.50656	47.6301	
2.50687	43.3552	
2.50718	40.0048	
2.50748	37.6551	
2.50779	36.3144	
2.50809	35.8567	
2.5084	35.91	
2.5087	35.8877	
2.50901	35.3364	
2.50931	34.2655	
2.50962	32.9371	
2.50993	31.379	
2.51023	29.2935	
2.51054	26.4835	
2.51084	23.2108	
2.51115	19.995	
2.51145	17.208	
2.51176	14.9559	
2.51206	13.1848	
2.51237	11.7924	
2.51268	10.683	
2.51298	9.78183	
2.51329	9.03485	
2.51359	8.40374	
2.5139	7.8614	
2.5142	7.38846	
2.51451	6.97091	
2.51481	6.5984	
2.51512	6.26314	
2.51543	5.95915	
2.51573	5.68179	
2.51604	5.42736	
2.51634	5.19288	
2.51665	4.97592	
2.51695	4.77446	
2.51726	4.58682	
2.51756	4.41157	
2.51787	4.24748	
2.51818	4.0935	
2.51848	3.94871	
2.51879	3.81232	
2.51909	3.68362	
2.5194	3.56199	
2.5197	3.44688	
2.52001	3.33779	
2.52031	3.23428	
2.52062	3.13596	
2.52093	3.04248	
2.52123	2.95352	
2.52154	2.8688	
2.52184	2.78808	
2.52215	2.71114	
2.52245	2.63782	
2.52276	2.56799	
2.52306	2.50153	
2.52337	2.43837	
2.52368	2.37831	
2.52398	2.321	
2.52429	2.26581	
2.52459	2.21213	
2.5249	2.15974	
2.5252	2.10892	
2.52551	2.05994	
2.52581	2.01259	
2.52612	1.96633	
2.52643	1.92084	
2.52673	1.87632	
2.52704	1.83324	
2.52734	1.7919	
2.52765	1.75237	
2.52795	1.71453	
2.52826	1.67824	
2.52856	1.64336	
2.52887	1.60975	
2.52918	1.57734	
2.52948	1.54602	
2.52979	1.51574	
2.53009	1.48643	
2.5304	1.45806	
2.5307	1.43056	
2.53101	1.4039	
2.53131	1.37804	
2.53162	1.35296	
2.53193	1.3286	
2.53223	1.30496	
2.53254	1.28199	
2.53284	1.25967	
2.53315	1.23797	
2.53345	1.21688	
2.53376	1.19636	
2.53406	1.1764	
2.53437	1.15698	
2.53468	1.13807	
2.53498	1.11966	
2.53529	1.10173	
2.53559	1.08427	
2.5359	1.06725	
2.5362	1.05066	
2.53651	1.03449	
2.53681	1.01872	
2.53712	1.00334	
2.53743	0.988335	
2.53773	0.973695	
2.53804	0.959407	
2.53834	0.945458	
2.53865	0.93184	
2.53895	0.918539	
2.53926	0.905548	
2.53957	0.892855	
2.53987	0.880453	
2.54018	0.868332	
2.54048	0.856483	
2.54079	0.844898	
2.54109	0.833569	
2.5414	0.822488	
2.5417	0.81165	
2.54201	0.801044	
2.54232	0.790667	
2.54262	0.78051	
2.54293	0.770568	
2.54323	0.760833	
2.54354	0.751302	
2.54384	0.741968	
2.54415	0.732825	
2.54445	0.723868	
2.54476	0.715093	
2.54507	0.706493	
2.54537	0.698066	
2.54568	0.689805	
2.54598	0.681707	
2.54629	0.673768	
2.54659	0.665983	
2.5469	0.658348	
2.5472	0.65086	
2.54751	0.643516	
2.54782	0.636311	
2.54812	0.629241	
2.54843	0.622305	
2.54873	0.615498	
2.54904	0.608818	
2.54934	0.602261	
2.54965	0.595826	
2.54995	0.589507	
2.55026	0.583306	
2.55057	0.577217	
2.55087	0.571239	
2.55118	0.56537	
2.55148	0.559607	
2.55179	0.553948	
2.55209	0.548391	
2.5524	0.542934	
2.5527	0.537577	
2.55301	0.532316	
2.55332	0.527152	
2.55362	0.522081	
2.55393	0.517104	
2.55423	0.512219	
2.55454	0.507426	
2.55484	0.502723	
2.55515	0.49811	
2.55545	0.493587	
2.55576	0.489153	
2.55607	0.484809	
2.55637	0.480556	
2.55668	0.476392	
2.55698	0.472318	
2.55729	0.468337	
2.55759	0.464448	
2.5579	0.460653	
2.5582	0.45695	
2.55851	0.453342	
2.55882	0.44983	
2.55912	0.446411	
2.55943	0.443088	
2.55973	0.439862	
2.56004	0.43674	
2.56034	0.433732	
2.56065	0.430862	
2.56095	0.428159	
2.56126	0.425654	
2.56157	0.423351	
2.56187	0.421201	
2.56218	0.419085	
2.56248	0.416821	
2.56279	0.414213	
2.56309	0.411122	
2.5634	0.407518	
2.5637	0.403488	
2.56401	0.399209	
2.56432	0.394874	
2.56462	0.390635	
2.56493	0.386575	
2.56523	0.382707	
2.56554	0.379011	
2.56584	0.375451	
2.56615	0.372	
2.56645	0.368639	
2.56676	0.365359	
2.56707	0.362153	
2.56737	0.359019	
2.56768	0.355954	
2.56798	0.352958	
2.56829	0.350026	
2.56859	0.347157	
2.5689	0.344348	
2.5692	0.341597	
2.56951	0.3389	
2.56982	0.336256	
2.57012	0.333661	
2.57043	0.331113	
2.57073	0.32861	
2.57104	0.326151	
2.57134	0.323731	
2.57165	0.321351	
2.57195	0.319008	
2.57226	0.316702	
2.57257	0.314431	
2.57287	0.312193	
2.57318	0.309987	
2.57348	0.307813	
2.57379	0.305668	
2.57409	0.303554	
2.5744	0.301468	
2.57471	0.29941	
2.57501	0.297378	
2.57532	0.295373	
2.57562	0.293394	
2.57593	0.291439	
2.57623	0.289509	
2.57654	0.287602	
2.57684	0.285719	
2.57715	0.283859	
2.57746	0.282021	
2.57776	0.280204	
2.57807	0.278409	
2.57837	0.276636	
2.57868	0.274882	
2.57898	0.273148	
2.57929	0.271434	
2.57959	0.269741	
2.5799	0.268066	
2.58021	0.266409	
2.58051	0.264771	
2.58082	0.263151	
2.58112	0.261549	
2.58143	0.259964	
2.58173	0.258396	
2.58204	0.256845	
2.58234	0.255311	
2.58265	0.253794	
2.58296	0.252292	
2.58326	0.250806	
2.58357	0.249335	
2.58387	0.24788	
2.58418	0.24644	
2.58448	0.245016	
2.58479	0.243605	
2.58509	0.242208	
2.5854	0.240827	
2.58571	0.23946	
2.58601	0.238105	
2.58632	0.236765	
2.58662	0.235438	
2.58693	0.234124	
2.58723	0.232823	
2.58754	0.231535	
2.58784	0.23026	
2.58815	0.228998	
2.58846	0.227746	
2.58876	0.226508	
2.58907	0.225282	
2.58937	0.224068	
2.58968	0.222865	
2.58998	0.221673	
2.59029	0.220494	
2.59059	0.219325	
2.5909	0.218167	
2.59121	0.217021	
2.59151	0.215884	
2.59182	0.214759	
2.59212	0.213644	
2.59243	0.21254	
2.59273	0.211445	
2.59304	0.210361	
2.59334	0.209287	
2.59365	0.208223	
2.59396	0.207167	
2.59426	0.206122	
2.59457	0.205087	
2.59487	0.204061	
2.59518	0.203044	
2.59548	0.202037	
2.59579	0.201038	
2.59609	0.200048	
2.5964	0.199066	
2.59671	0.198094	
2.59701	0.19713	
2.59732	0.196175	
2.59762	0.195228	
2.59793	0.19429	
2.59823	0.19336	
2.59854	0.192438	
2.59884	0.191524	
2.59915	0.190618	
2.59946	0.189719	
2.59976	0.188829	
2.60007	0.187946	
2.60037	0.187071	
2.60068	0.186203	
2.60098	0.185344	
2.60129	0.18449	
2.60159	0.183645	
2.6019	0.182806	
2.60221	0.181976	
2.60251	0.181152	
2.60282	0.180334	
2.60312	0.179523	
2.60343	0.178719	
2.60373	0.177923	
2.60404	0.177133	
2.60434	0.17635	
2.60465	0.175573	
2.60496	0.174802	
2.60526	0.174038	
2.60557	0.17328	
2.60587	0.172529	
2.60618	0.171784	
2.60648	0.171046	
2.60679	0.170312	
2.60709	0.169585	
2.6074	0.168865	
2.60771	0.16815	
2.60801	0.167441	
2.60832	0.166739	
2.60862	0.166041	
2.60893	0.165349	
2.60923	0.164663	
2.60954	0.163983	
2.60985	0.163309	
2.61015	0.162639	
2.61046	0.161976	
2.61076	0.161317	
2.61107	0.160665	
2.61137	0.160018	
2.61168	0.159376	
2.61198	0.158739	
2.61229	0.158107	
2.6126	0.15748	
2.6129	0.156859	
2.61321	0.156243	
2.61351	0.155632	
2.61382	0.155026	
2.61412	0.154424	
2.61443	0.153829	
2.61473	0.153237	
2.61504	0.152651	
2.61535	0.152069	
2.61565	0.151493	
2.61596	0.150921	
2.61626	0.150354	
2.61657	0.149792	
2.61687	0.149234	
2.61718	0.148682	
2.61748	0.148134	
2.61779	0.14759	
2.6181	0.147051	
2.6184	0.146516	
2.61871	0.145987	
2.61901	0.145461	
2.61932	0.144941	
2.61962	0.144425	
2.61993	0.143914	
2.62023	0.143406	
2.62054	0.142903	
2.62085	0.142405	
2.62115	0.141912	
2.62146	0.141421	
2.62176	0.140936	
2.62207	0.140456	
2.62237	0.13998	
2.62268	0.139509	
2.62298	0.139042	
2.62329	0.138578	
2.6236	0.13812	
2.6239	0.137666	
2.62421	0.137216	
2.62451	0.13677	
2.62482	0.136329	
2.62512	0.135893	
2.62543	0.13546	
2.62573	0.135032	
2.62604	0.134609	
2.62635	0.134189	
2.62665	0.133774	
2.62696	0.133364	
2.62726	0.132959	
2.62757	0.132557	
2.62787	0.13216	
2.62818	0.131769	
2.62848	0.131381	
2.62879	0.130997	
2.6291	0.130619	
2.6294	0.130245	
2.62971	0.129877	
2.63001	0.129512	
2.63032	0.129152	
2.63062	0.128797	
2.63093	0.128448	
2.63123	0.128103	
2.63154	0.127763	
2.63185	0.127428	
2.63215	0.127098	
2.63246	0.126773	
2.63276	0.126453	
2.63307	0.12614	
2.63337	0.125831	
2.63368	0.125528	
2.63398	0.125231	
2.63429	0.124938	
2.6346	0.124652	
2.6349	0.124371	
2.63521	0.124098	
2.63551	0.12383	
2.63582	0.123569	
2.63612	0.123313	
2.63643	0.123065	
2.63673	0.122823	
2.63704	0.122588	
2.63735	0.12236	
2.63765	0.12214	
2.63796	0.121927	
2.63826	0.121723	
2.63857	0.121526	
2.63887	0.121337	
2.63918	0.121156	
2.63948	0.120986	
2.63979	0.120823	
2.6401	0.12067	
2.6404	0.120527	
2.64071	0.120395	
2.64101	0.120272	
2.64132	0.120162	
2.64162	0.120062	
2.64193	0.119975	
2.64224	0.1199	
2.64254	0.119838	
2.64285	0.11979	
2.64315	0.119757	
2.64346	0.119739	
2.64376	0.119736	
2.64407	0.11975	
2.64437	0.119783	
2.64468	0.119832	
2.64499	0.119902	
2.64529	0.119993	
2.6456	0.120107	
2.6459	0.120243	
2.64621	0.120404	
2.64651	0.120592	
2.64682	0.120808	
2.64712	0.121055	
2.64743	0.121334	
2.64774	0.121648	
2.64804	0.121998	
2.64835	0.12239	
2.64865	0.122826	
2.64896	0.123307	
2.64926	0.12384	
2.64957	0.124427	
2.64987	0.125076	
2.65018	0.12579	
2.65049	0.126576	
2.65079	0.127441	
2.6511	0.128393	
2.6514	0.12944	
2.65171	0.130594	
2.65201	0.131865	
2.65232	0.133268	
2.65262	0.134817	
2.65293	0.136533	
2.65324	0.138434	
2.65354	0.140545	
2.65385	0.142895	
2.65415	0.145518	
2.65446	0.148452	
2.65476	0.151744	
2.65507	0.155449	
2.65537	0.159633	
2.65568	0.164369	
2.65599	0.16975	
2.65629	0.175878	
2.6566	0.182872	
2.6569	0.190861	
2.65721	0.19999	
2.65751	0.210398	
2.65782	0.222203	
2.65812	0.235455	
2.65843	0.250052	
2.65874	0.265598	
2.65904	0.28128	
2.65935	0.295868	
2.65965	0.307992	
2.65996	0.316672	
2.66026	0.321815	
2.66057	0.324323	
2.66087	0.32574	
2.66118	0.327692	
2.66149	0.331483	
2.66179	0.337985	
2.6621	0.347734	
2.6624	0.361083	
2.66271	0.378281	
2.66301	0.399383	
2.66332	0.423924	
2.66362	0.4504	
2.66393	0.475939	
2.66424	0.496713	
2.66454	0.509241	
2.66485	0.511974	
2.66515	0.506124	
2.66546	0.49512	
2.66576	0.483101	
2.66607	0.473479	
2.66637	0.468318	
2.66668	0.468551	
2.66699	0.474522	
2.66729	0.486364	
2.6676	0.504063	
2.6679	0.527104	
2.66821	0.553781	
2.66851	0.580502	
2.66882	0.601947	
2.66912	0.612617	
2.66943	0.609218	
2.66974	0.592324	
2.67004	0.566078	
2.67035	0.536133	
2.67065	0.50738	
2.67096	0.482802	
2.67126	0.463639	
2.67157	0.45013	
2.67187	0.442114	
2.67218	0.439254	
2.67249	0.440968	
2.67279	0.446166	
2.6731	0.452958	
2.6734	0.458615	
2.67371	0.460022	
2.67401	0.454639	
2.67432	0.441461	
2.67462	0.421417	
2.67493	0.396897	
2.67524	0.370764	
2.67554	0.345458	
2.67585	0.322614	
2.67615	0.303179	
2.67646	0.287733	
2.67676	0.276714	
2.67707	0.270348	
2.67738	0.268106	
2.67768	0.26792	
2.67799	0.266492	
2.67829	0.261754	
2.6786	0.254559	
2.6789	0.246451	
2.67921	0.23679	
2.67951	0.223596	
2.67982	0.206856	
2.68013	0.189207	
2.68043	0.173362	
2.68074	0.160426	
2.68104	0.150255	
2.68135	0.142277	
2.68165	0.135916	
2.68196	0.130729	
2.68226	0.1264	
2.68257	0.122708	
2.68288	0.119502	
2.68318	0.116676	
2.68349	0.114153	
2.68379	0.111877	
2.6841	0.109808	
2.6844	0.107912	
2.68471	0.106166	
2.68501	0.10455	
2.68532	0.103045	
2.68563	0.101641	
2.68593	0.100325	
2.68624	0.0990886	
2.68654	0.0979241	
2.68685	0.0968248	
2.68715	0.0957843	
2.68746	0.0947967	
2.68776	0.0938594	
2.68807	0.0929657	
2.68838	0.0921149	
2.68868	0.0913009	
2.68899	0.0905234	
2.68929	0.0897791	
2.6896	0.0890654	
2.6899	0.0883788	
2.69021	0.0877202	
2.69051	0.0870857	
2.69082	0.0864748	
2.69113	0.0858858	
2.69143	0.0853173	
2.69174	0.0847671	
2.69204	0.0842359	
2.69235	0.0837214	
2.69265	0.083223	
2.69296	0.0827398	
2.69326	0.0822712	
2.69357	0.0818159	
2.69388	0.0813734	
2.69418	0.0809435	
2.69449	0.0805248	
2.69479	0.0801176	
2.6951	0.0797201	
2.6954	0.0793334	
2.69571	0.0789564	
2.69601	0.0785876	
2.69632	0.0782274	
2.69663	0.0778761	
2.69693	0.077533	
2.69724	0.077197	
2.69754	0.0768676	
2.69785	0.0765461	
2.69815	0.0762314	
2.69846	0.0759218	
2.69876	0.0756189	
2.69907	0.0753224	
2.69938	0.0750314	
2.69968	0.0747457	
2.69999	0.0744656	
2.70029	0.0741899	
2.7006	0.0739194	
2.7009	0.0736527	
2.70121	0.0733912	
2.70151	0.0731345	
2.70182	0.072882	
2.70213	0.0726327	
2.70243	0.0723872	
2.70274	0.0721462	
2.70304	0.0719093	
2.70335	0.071675	
2.70365	0.0714447	
2.70396	0.0712171	
2.70426	0.0709936	
2.70457	0.0707719	
2.70488	0.070554	
2.70518	0.0703391	
2.70549	0.0701278	
2.70579	0.0699185	
2.7061	0.0697114	
2.7064	0.0695076	
2.70671	0.069306	
2.70701	0.0691067	
2.70732	0.06891	
2.70763	0.068716	
2.70793	0.0685245	
2.70824	0.0683349	
2.70854	0.0681475	
2.70885	0.0679616	
2.70915	0.0677783	
2.70946	0.0675969	
2.70977	0.0674177	
2.71007	0.06724	
2.71038	0.0670645	
2.71068	0.0668902	
2.71099	0.0667185	
2.71129	0.0665482	
2.7116	0.0663802	
2.7119	0.0662126	
2.71221	0.0660475	
2.71252	0.0658836	
2.71282	0.0657223	
2.71313	0.0655606	
2.71343	0.0654016	
2.71374	0.0652436	
2.71404	0.0650883	
2.71435	0.0649333	
2.71465	0.0647806	
2.71496	0.0646286	
2.71527	0.0644777	
2.71557	0.0643279	
2.71588	0.0641804	
2.71618	0.0640329	
2.71649	0.063888	
2.71679	0.0637431	
2.7171	0.0636004	
2.7174	0.0634577	
2.71771	0.0633173	
2.71802	0.0631776	
2.71832	0.0630386	
2.71863	0.0629012	
2.71893	0.0627648	
2.71924	0.0626296	
2.71954	0.0624951	
2.71985	0.0623621	
2.72015	0.0622299	
2.72046	0.0620984	
2.72077	0.0619676	
2.72107	0.0618383	
2.72138	0.0617102	
2.72168	0.0615817	
2.72199	0.0614557	
2.72229	0.0613302	
2.7226	0.0612054	
2.7229	0.0610813	
2.72321	0.0609577	
2.72352	0.0608359	
2.72382	0.060714	
2.72413	0.0605937	
2.72443	0.0604738	
2.72474	0.0603557	
2.72504	0.0602376	
2.72535	0.0601206	
2.72565	0.060004	
2.72596	0.0598881	
2.72627	0.0597727	
2.72657	0.0596587	
2.72688	0.0595447	
2.72718	0.0594325	
2.72749	0.0593204	
2.72779	0.059209	
2.7281	0.059098	
2.7284	0.0589885	
2.72871	0.0588793	
2.72902	0.0587709	
2.72932	0.0586625	
2.72963	0.058556	
2.72993	0.0584494	
2.73024	0.0583433	
2.73054	0.0582375	
2.73085	0.0581335	
2.73115	0.0580296	
2.73146	0.0579268	
2.73177	0.057824	
2.73207	0.0577223	
2.73238	0.0576209	
2.73268	0.0575207	
2.73299	0.0574205	
2.73329	0.0573203	
2.7336	0.0572205	
2.7339	0.0571229	
2.73421	0.0570253	
2.73452	0.0569277	
2.73482	0.05683	
2.73513	0.0567347	
2.73543	0.0566393	
2.73574	0.0565439	
2.73604	0.0564486	
2.73635	0.0563551	
2.73665	0.0562619	
2.73696	0.0561688	
2.73727	0.0560757	
2.73757	0.0559844	
2.73788	0.0558931	
2.73818	0.0558019	
2.73849	0.055711	
2.73879	0.0556219	
2.7391	0.0555329	
2.7394	0.0554439	
2.73971	0.0553548	
2.74002	0.0552677	
2.74032	0.0551805	
2.74063	0.0550933	
2.74093	0.0550061	
2.74124	0.0549208	
2.74154	0.0548359	
2.74185	0.0547506	
2.74215	0.0546657	
2.74246	0.0545822	
2.74277	0.0544988	
2.74307	0.0544153	
2.74338	0.0543322	
2.74368	0.0542507	
2.74399	0.0541691	
2.74429	0.0540875	
2.7446	0.0540059	
2.74491	0.0539258	
2.74521	0.0538461	
2.74552	0.0537664	
2.74582	0.0536866	
2.74613	0.0536084	
2.74643	0.0535302	
2.74674	0.053452	
2.74704	0.0533741	
2.74735	0.0532974	
2.74766	0.053221	
2.74796	0.0531442	
2.74827	0.0530679	
2.74857	0.052993	
2.74888	0.0529181	
2.74918	0.0528432	
2.74949	0.0527687	
2.74979	0.0526953	
2.7501	0.052622	
2.75041	0.0525486	
2.75071	0.0524756	
2.75102	0.0524037	
2.75132	0.0523321	
2.75163	0.0522606	
2.75193	0.0521891	
2.75224	0.0521187	
2.75254	0.0520483	
2.75285	0.0519779	
2.75316	0.0519078	
2.75346	0.0518389	
2.75377	0.0517704	
2.75407	0.0517018	
2.75438	0.0516333	
2.75468	0.0515658	
2.75499	0.0514988	
2.75529	0.0514314	
2.7556	0.0513643	
2.75591	0.0512984	
2.75621	0.0512324	
2.75652	0.0511665	
2.75682	0.0511009	
2.75713	0.0510365	
2.75743	0.050972	
2.75774	0.0509076	
2.75804	0.0508431	
2.75835	0.0507798	
2.75866	0.0507168	
2.75896	0.0506539	
2.75927	0.0505909	
2.75957	0.0505291	
2.75988	0.0504673	
2.76018	0.0504054	
2.76049	0.0503439	
2.76079	0.0502836	
2.7611	0.0502232	
2.76141	0.0501629	
2.76171	0.0501025	
2.76202	0.0500433	
2.76232	0.0499845	
2.76263	0.0499252	
2.76293	0.0498664	
2.76324	0.0498086	
2.76354	0.0497509	
2.76385	0.0496931	
2.76416	0.0496354	
2.76446	0.0495788	
2.76477	0.0495221	
2.76507	0.0494655	
2.76538	0.0494089	
2.76568	0.0493534	
2.76599	0.0492983	
2.76629	0.0492431	
2.7666	0.049188	
2.76691	0.049134	
2.76721	0.04908	
2.76752	0.0490259	
2.76782	0.0489719	
2.76813	0.048919	
2.76843	0.0488665	
2.76874	0.0488136	
2.76904	0.0487611	
2.76935	0.0487093	
2.76966	0.0486575	
2.76996	0.0486057	
2.77027	0.0485543	
2.77057	0.0485037	
2.77088	0.0484534	
2.77118	0.0484031	
2.77149	0.0483528	
2.77179	0.0483032	
2.7721	0.0482541	
2.77241	0.0482049	
2.77271	0.0481557	
2.77302	0.0481077	
2.77332	0.0480596	
2.77363	0.0480115	
2.77393	0.0479639	
2.77424	0.0479169	
2.77454	0.0478704	
2.77485	0.0478234	
2.77516	0.0477768	
2.77546	0.047731	
2.77577	0.0476852	
2.77607	0.0476394	
2.77638	0.0475939	
2.77668	0.0475492	
2.77699	0.0475045	
2.77729	0.0474598	
2.7776	0.0474151	
2.77791	0.0473715	
2.77821	0.0473283	
2.77852	0.0472847	
2.77882	0.0472415	
2.77913	0.0471991	
2.77943	0.0471566	
2.77974	0.0471141	
2.78005	0.047072	
2.78035	0.0470307	
2.78066	0.0469897	
2.78096	0.0469487	
2.78127	0.0469077	
2.78157	0.0468675	
2.78188	0.0468276	
2.78218	0.0467878	
2.78249	0.0467479	
2.7828	0.0467088	
2.7831	0.0466701	
2.78341	0.0466309	
2.78371	0.0465922	
2.78402	0.0465542	
2.78432	0.0465166	
2.78463	0.0464786	
2.78493	0.046441	
2.78524	0.0464045	
2.78555	0.0463679	
2.78585	0.0463314	
2.78616	0.0462949	
2.78646	0.0462592	
2.78677	0.0462238	
2.78707	0.046188	
2.78738	0.0461526	
2.78768	0.0461183	
2.78799	0.0460841	
2.7883	0.0460498	
2.7886	0.0460155	
2.78891	0.045982	
2.78921	0.0459488	
2.78952	0.0459153	
2.78982	0.0458822	
2.79013	0.0458501	
2.79043	0.0458181	
2.79074	0.0457861	
2.79105	0.045754	
2.79135	0.0457227	
2.79166	0.0456918	
2.79196	0.0456609	
2.79227	0.04563	
2.79257	0.0456002	
2.79288	0.0455707	
2.79318	0.0455409	
2.79349	0.0455115	
2.7938	0.0454828	
2.7941	0.0454541	
2.79441	0.0454254	
2.79471	0.0453968	
2.79502	0.0453692	
2.79532	0.045342	
2.79563	0.0453148	
2.79593	0.0452876	
2.79624	0.0452612	
2.79655	0.0452351	
2.79685	0.0452086	
2.79716	0.0451826	
2.79746	0.0451576	
2.79777	0.0451326	
2.79807	0.0451077	
2.79838	0.0450831	
2.79868	0.0450592	
2.79899	0.0450354	
2.7993	0.0450116	
2.7996	0.0449881	
2.79991	0.0449657	
2.80021	0.0449434	
2.80052	0.044921	
2.80082	0.0448987	
2.80113	0.0448775	
2.80143	0.0448562	
2.80174	0.044835	
2.80205	0.0448141	
2.80235	0.0447944	
2.80266	0.0447746	
2.80296	0.0447549	
2.80327	0.0447351	
2.80357	0.0447165	
2.80388	0.0446983	
2.80418	0.04468	
2.80449	0.0446618	
2.8048	0.0446446	
2.8051	0.0446279	
2.80541	0.0446107	
2.80571	0.044594	
2.80602	0.0445783	
2.80632	0.0445627	
2.80663	0.044547	
2.80693	0.0445314	
2.80724	0.0445172	
2.80755	0.0445034	
2.80785	0.0444897	
2.80816	0.0444759	
2.80846	0.0444632	
2.80877	0.0444509	
2.80907	0.0444386	
2.80938	0.0444263	
2.80968	0.0444155	
2.80999	0.0444051	
2.8103	0.0443947	
2.8106	0.0443842	
2.81091	0.0443742	
2.81121	0.0443645	
2.81152	0.0443559	
2.81182	0.0443473	
2.81213	0.0443395	
2.81244	0.0443321	
2.81274	0.0443254	
2.81305	0.044319	
2.81335	0.0443131	
2.81366	0.0443071	
2.81396	0.0443023	
2.81427	0.0442978	
2.81457	0.0442937	
2.81488	0.04429	
2.81519	0.0442874	
2.81549	0.0442848	
2.8158	0.0442829	
2.8161	0.044281	
2.81641	0.0442803	
2.81671	0.0442799	
2.81702	0.0442803	
2.81732	0.044281	
2.81763	0.0442829	
2.81794	0.0442848	
2.81824	0.0442874	
2.81855	0.0442903	
2.81885	0.0442944	
2.81916	0.0442985	
2.81946	0.0443041	
2.81977	0.0443097	
2.82007	0.0443164	
2.82038	0.0443235	
2.82069	0.0443317	
2.82099	0.0443403	
2.8213	0.04435	
2.8216	0.0443596	
2.82191	0.0443708	
2.82221	0.044382	
2.82252	0.044395	
2.82282	0.0444088	
2.82313	0.0444226	
2.82344	0.0444375	
2.82374	0.0444535	
2.82405	0.0444707	
2.82435	0.0444885	
2.82466	0.0445072	
2.82496	0.0445273	
2.82527	0.0445481	
2.82557	0.0445697	
2.82588	0.0445925	
2.82619	0.0446167	
2.82649	0.0446416	
2.8268	0.0446677	
2.8271	0.0446957	
2.82741	0.044724	
2.82771	0.0447541	
2.82802	0.0447851	
2.82832	0.0448171	
2.82863	0.0448518	
2.82894	0.0448879	
2.82924	0.0449244	
2.82955	0.0449624	
2.82985	0.0450026	
2.83016	0.0450447	
2.83046	0.0450879	
2.83077	0.0451326	
2.83107	0.0451796	
2.83138	0.0452284	
2.83169	0.0452798	
2.83199	0.0453327	
2.8323	0.0453878	
2.8326	0.0454448	
2.83291	0.0455044	
2.83321	0.0455663	
2.83352	0.0456311	
2.83382	0.0456981	
2.83413	0.0457678	
2.83444	0.0458401	
2.83474	0.0459161	
2.83505	0.0459954	
2.83535	0.0460781	
2.83566	0.0461638	
2.83596	0.0462532	
2.83627	0.0463463	
2.83657	0.0464432	
2.83688	0.0465445	
2.83719	0.0466511	
2.83749	0.0467621	
2.8378	0.0468783	
2.8381	0.0469998	
2.83841	0.0471268	
2.83871	0.0472598	
2.83902	0.0473995	
2.83932	0.0475459	
2.83963	0.0477005	
2.83994	0.0478636	
2.84024	0.0480335	
2.84055	0.0482135	
2.84085	0.0484031	
2.84116	0.0486039	
2.84146	0.0488155	
2.84177	0.0490401	
2.84207	0.0492781	
2.84238	0.0495318	
2.84269	0.0498008	
2.84299	0.0500869	
2.8433	0.0503935	
2.8436	0.0507217	
2.84391	0.051073	
2.84421	0.0514504	
2.84452	0.0518572	
2.84482	0.0522975	
2.84513	0.0527732	
2.84544	0.0532903	
2.84574	0.0538524	
2.84605	0.0544678	
2.84635	0.0551421	
2.84666	0.0558846	
2.84696	0.0567045	
2.84727	0.0576146	
2.84758	0.0586279	
2.84788	0.0597626	
2.84819	0.0610381	
2.84849	0.0624798	
2.8488	0.0641167	
2.8491	0.0659853	
2.84941	0.0681281	
2.84971	0.0705965	
2.85002	0.0734501	
2.85033	0.0767559	
2.85063	0.0805859	
2.85094	0.0850085	
2.85124	0.0900701	
2.85155	0.095775	
2.85185	0.102048	
2.85216	0.108704	
2.85246	0.115438	
2.85277	0.121844	
2.85308	0.127463	
2.85338	0.131849	
2.85369	0.134621	
2.85399	0.135531	
2.8543	0.134521	
2.8546	0.131735	
2.85491	0.127487	
2.85521	0.122195	
2.85552	0.116321	
2.85583	0.110311	
2.85613	0.104536	
2.85644	0.0992566	
2.85674	0.0946112	
2.85705	0.090643	
2.85735	0.087329	
2.85766	0.0846177	
2.85796	0.082444	
2.85827	0.0807453	
2.85858	0.079463	
2.85888	0.0785526	
2.85919	0.0779774	
2.85949	0.0777129	
2.8598	0.0777423	
2.8601	0.0780635	
2.86041	0.0786804	
2.86071	0.0796109	
2.86102	0.0808854	
2.86133	0.0825524	
2.86163	0.0846814	
2.86194	0.0873689	
2.86224	0.0907365	
2.86255	0.0949442	
2.86285	0.100166	
2.86316	0.106552	
2.86346	0.114124	
2.86377	0.122628	
2.86408	0.131416	
2.86438	0.139544	
2.86469	0.146102	
2.86499	0.150481	
2.8653	0.152392	
2.8656	0.151794	
2.86591	0.148882	
2.86621	0.144139	
2.86652	0.138384	
2.86683	0.132598	
2.86713	0.127585	
2.86744	0.123755	
2.86774	0.121184	
2.86805	0.119767	
2.86835	0.119334	
2.86866	0.119726	
2.86896	0.120809	
2.86927	0.122483	
2.86958	0.124672	
2.86988	0.127326	
2.87019	0.130411	
2.87049	0.133908	
2.8708	0.13781	
2.8711	0.142121	
2.87141	0.146848	
2.87171	0.152	
2.87202	0.157579	
2.87233	0.163567	
2.87263	0.169922	
2.87294	0.176557	
2.87324	0.183336	
2.87355	0.190067	
2.87385	0.196506	
2.87416	0.202377	
2.87446	0.207387	
2.87477	0.211262	
2.87508	0.213775	
2.87538	0.214774	
2.87569	0.214204	
2.87599	0.212111	
2.8763	0.208642	
2.8766	0.204018	
2.87691	0.198516	
2.87721	0.19243	
2.87752	0.18605	
2.87783	0.179628	
2.87813	0.17337	
2.87844	0.167429	
2.87874	0.161907	
2.87905	0.156868	
2.87935	0.152343	
2.87966	0.148355	
2.87997	0.144918	
2.88027	0.142055	
2.88058	0.139796	
2.88088	0.138187	
2.88119	0.137296	
2.88149	0.137204	
2.8818	0.138014	
2.8821	0.139847	
2.88241	0.142829	
2.88272	0.14708	
2.88302	0.152674	
2.88333	0.159604	
2.88363	0.167714	
2.88394	0.176641	
2.88424	0.185785	
2.88455	0.194371	
2.88485	0.201596	
2.88516	0.206871	
2.88547	0.210018	
2.88577	0.211325	
2.88608	0.211389	
2.88638	0.210843	
2.88669	0.210061	
2.88699	0.209	
2.8873	0.207216	
2.8876	0.204063	
2.88791	0.198983	
2.88822	0.19178	
2.88852	0.182725	
2.88883	0.172475	
2.88913	0.161851	
2.88944	0.151615	
2.88974	0.142331	
2.89005	0.134334	
2.89035	0.127764	
2.89066	0.122637	
2.89097	0.118893	
2.89127	0.116448	
2.89158	0.115215	
2.89188	0.115127	
2.89219	0.116136	
2.89249	0.118215	
2.8928	0.121357	
2.8931	0.125561	
2.89341	0.130813	
2.89372	0.137053	
2.89402	0.144098	
2.89433	0.151551	
2.89463	0.158716	
2.89494	0.164617	
2.89524	0.168213	
2.89555	0.168724	
2.89585	0.165949	
2.89616	0.160349	
2.89647	0.152845	
2.89677	0.144465	
2.89708	0.136054	
2.89738	0.128148	
2.89769	0.121008	
2.89799	0.114714	
2.8983	0.109255	
2.8986	0.104578	
2.89891	0.10062	
2.89922	0.0973135	
2.89952	0.0945974	
2.89983	0.0924174	
2.90013	0.0907257	
2.90044	0.0894878	
2.90074	0.0886749	
2.90105	0.0882711	
2.90135	0.0882652	
2.90166	0.0886582	
2.90197	0.089458	
2.90227	0.0906821	
2.90258	0.0923529	
2.90288	0.0945047	
2.90319	0.0971764	
2.90349	0.100416	
2.9038	0.104272	
2.9041	0.108802	
2.90441	0.114057	
2.90472	0.120078	
2.90502	0.126855	
2.90533	0.134272	
2.90563	0.142012	
2.90594	0.149477	
2.90624	0.155797	
2.90655	0.159996	
2.90685	0.161287	
2.90716	0.159364	
2.90747	0.15453	
2.90777	0.147567	
2.90808	0.139445	
2.90838	0.131031	
2.90869	0.122918	
2.90899	0.115419	
2.9093	0.108644	
2.9096	0.102594	
2.90991	0.0972252	
2.91022	0.0924751	
2.91052	0.0882804	
2.91083	0.0845801	
2.91113	0.0813153	
2.91144	0.0784345	
2.91174	0.075889	
2.91205	0.0736363	
2.91235	0.0716377	
2.91266	0.0698619	
2.91297	0.0682805	
2.91327	0.0668682	
2.91358	0.0656042	
2.91388	0.0644706	
2.91419	0.0634514	
2.91449	0.0625327	
2.9148	0.0617042	
2.91511	0.0609554	
2.91541	0.0602763	
2.91572	0.0596605	
2.91602	0.0591014	
2.91633	0.0585936	
2.91663	0.0581317	
2.91694	0.0577107	
2.91724	0.0573266	
2.91755	0.0569776	
2.91786	0.0566598	
2.91816	0.0563715	
2.91847	0.0561081	
2.91877	0.0558697	
2.91908	0.0556536	
2.91938	0.0554595	
2.91969	0.0552841	
2.91999	0.0551276	
2.9203	0.0549875	
2.92061	0.0548631	
2.92091	0.0547539	
2.92122	0.0546593	
2.92152	0.0545785	
2.92183	0.0545107	
2.92213	0.0544544	
2.92244	0.0544112	
2.92274	0.0543788	
2.92305	0.0543579	
2.92336	0.0543464	
2.92366	0.0543464	
2.92397	0.0543572	
2.92427	0.0543781	
2.92458	0.0544082	
2.92488	0.0544481	
2.92519	0.0544984	
2.92549	0.0545584	
2.9258	0.0546273	
2.92611	0.0547059	
2.92641	0.0547949	
2.92672	0.054894	
2.92702	0.0550024	
2.92733	0.0551205	
2.92763	0.0552498	
2.92794	0.0553902	
2.92824	0.0555411	
2.92855	0.0557031	
2.92886	0.055876	
2.92916	0.0560619	
2.92947	0.0562593	
2.92977	0.0564698	
2.93008	0.0566944	
2.93038	0.0569332	
2.93069	0.0571862	
2.93099	0.0574548	
2.9313	0.0577405	
2.93161	0.0580434	
2.93191	0.0583645	
2.93222	0.0587057	
2.93252	0.0590678	
2.93283	0.059453	
2.93313	0.0598606	
2.93344	0.0602946	
2.93374	0.0607558	
2.93405	0.0612479	
2.93436	0.0617724	
2.93466	0.0623319	
2.93497	0.0629295	
2.93527	0.0635698	
2.93558	0.0642557	
2.93588	0.0649933	
2.93619	0.065786	
2.93649	0.0666425	
2.9368	0.0675689	
2.93711	0.068574	
2.93741	0.0696685	
2.93772	0.070864	
2.93802	0.0721741	
2.93833	0.0736181	
2.93863	0.075217	
2.93894	0.0769954	
2.93924	0.0789858	
2.93955	0.0812292	
2.93986	0.0837713	
2.94016	0.0866722	
2.94047	0.0900012	
2.94077	0.0938393	
2.94108	0.0982676	
2.94138	0.103354	
2.94169	0.109123	
2.94199	0.115512	
2.9423	0.122333	
2.94261	0.129277	
2.94291	0.135987	
2.94322	0.142162	
2.94352	0.147628	
2.94383	0.152325	
2.94413	0.15626	
2.94444	0.159485	
2.94474	0.162105	
2.94505	0.164319	
2.94536	0.16645	
2.94566	0.16893	
2.94597	0.172202	
2.94627	0.176634	
2.94658	0.182479	
2.94688	0.189903	
2.94719	0.198982	
2.94749	0.209659	
2.9478	0.221621	
2.94811	0.234191	
2.94841	0.246297	
2.94872	0.256653	
2.94902	0.264098	
2.94933	0.267982	
2.94963	0.268415	
2.94994	0.266239	
2.95025	0.262757	
2.95055	0.259339	
2.95086	0.257092	
2.95116	0.256724	
2.95147	0.25858	
2.95177	0.262779	
2.95208	0.269319	
2.95238	0.278091	
2.95269	0.288791	
2.953	0.300747	
2.9533	0.312766	
2.95361	0.323169	
2.95391	0.330113	
2.95422	0.332133	
2.95452	0.328683	
2.95483	0.320346	
2.95513	0.308624	
2.95544	0.295396	
2.95575	0.28238	
2.95605	0.2708	
2.95636	0.261352	
2.95666	0.254343	
2.95697	0.249846	
2.95727	0.2478	
2.95758	0.247999	
2.95788	0.250005	
2.95819	0.253018	
2.9585	0.255816	
2.9588	0.256909	
2.95911	0.254942	
2.95941	0.249191	
2.95972	0.239855	
2.96002	0.227951	
2.96033	0.214875	
2.96063	0.201942	
2.96094	0.190096	
2.96125	0.179886	
2.96155	0.171562	
2.96186	0.165144	
2.96216	0.160423	
2.96247	0.156902	
2.96277	0.153854	
2.96308	0.150608	
2.96338	0.146889	
2.96369	0.142846	
2.964	0.138683	
2.9643	0.134328	
2.96461	0.129424	
2.96491	0.123688	
2.96522	0.117255	
2.96552	0.110653	
2.96583	0.104455	
2.96613	0.0990093	
2.96644	0.0944089	
2.96675	0.0905886	
2.96705	0.0874236	
2.96736	0.0847865	
2.96766	0.0825673	
2.96797	0.0806801	
2.96827	0.0790574	
2.96858	0.077647	
2.96888	0.076412	
2.96919	0.0753228	
2.9695	0.0743564	
2.9698	0.0734944	
2.97011	0.0727229	
2.97041	0.0720304	
2.97072	0.0714086	
2.97102	0.0708498	
2.97133	0.0703469	
2.97163	0.069895	
2.97194	0.0694904	
2.97225	0.0691302	
2.97255	0.068811	
2.97286	0.0685297	
2.97316	0.0682853	
2.97347	0.0680756	
2.97377	0.0679012	
2.97408	0.0677589	
2.97438	0.0676502	
2.97469	0.0675738	
2.975	0.0675313	
2.9753	0.0675239	
2.97561	0.0675518	
2.97591	0.067617	
2.97622	0.0677221	
2.97652	0.0678711	
2.97683	0.0680674	
2.97713	0.0683147	
2.97744	0.0686213	
2.97775	0.0689942	
2.97805	0.0694443	
2.97836	0.0699833	
2.97866	0.0706259	
2.97897	0.0713915	
2.97927	0.0723027	
2.97958	0.073386	
2.97988	0.0746761	
2.98019	0.076209	
2.9805	0.0780243	
2.9808	0.0801556	
2.98111	0.0826228	
2.98141	0.0854105	
2.98172	0.088454	
2.98202	0.0916202	
2.98233	0.0947174	
2.98264	0.0975292	
2.98294	0.099862	
2.98325	0.101577	
2.98355	0.102587	
2.98386	0.102851	
2.98416	0.102364	
2.98447	0.101155	
2.98477	0.0992928	
2.98508	0.0968978	
2.98539	0.0941474	
2.98569	0.0912551	
2.986	0.0884265	
2.9863	0.0858176	
2.98661	0.0835184	
2.98691	0.0815563	
2.98722	0.0799242	
2.98752	0.0785921	
2.98783	0.0775218	
2.98814	0.0766762	
2.98844	0.076022	
2.98875	0.0755288	
2.98905	0.0751752	
2.98936	0.0749398	
2.98966	0.0748098	
2.98997	0.0747722	
2.99027	0.0748187	
2.99058	0.074942	
2.99089	0.0751376	
2.99119	0.0754029	
2.9915	0.0757378	
2.9918	0.0761405	
2.99211	0.0766173	
2.99241	0.0771727	
2.99272	0.0778154	
2.99302	0.0785589	
2.99333	0.0794273	
2.99364	0.0804529	
2.99394	0.0816938	
2.99425	0.0832435	
2.99455	0.0852652	
2.99486	0.0880249	
2.99516	0.0918806	
2.99547	0.0969425	
2.99577	0.102236	
2.99608	0.106039	
2.99639	0.107988	
2.99669	0.108269	
2.997	0.106683	
2.9973	0.104405	
2.99761	0.103069	
2.99791	0.103071	
2.99822	0.104135	
2.99852	0.105958	
2.99883	0.108352	
2.99914	0.111213	
2.99944	0.114489	
2.99975	0.118154	
3.00005	0.122193	
3.00036	0.126591	
3.00066	0.131332	
3.00097	0.136388	
3.00127	0.141718	
3.00158	0.147262	
3.00189	0.152945	
3.00219	0.158674	
3.0025	0.164341	
3.0028	0.169835	
3.00311	0.175047	
3.00341	0.17988	
3.00372	0.184258	
3.00402	0.188135	
3.00433	0.191493	
3.00464	0.194341	
3.00494	0.196707	
3.00525	0.198631	
3.00555	0.200155	
3.00586	0.201314	
3.00616	0.202125	
3.00647	0.202592	
3.00677	0.202699	
3.00708	0.202416	
3.00739	0.20171	
3.00769	0.200548	
3.008	0.19891	
3.0083	0.196796	
3.00861	0.194234	
3.00891	0.191285	
3.00922	0.188034	
3.00952	0.184588	
3.00983	0.181069	
3.01014	0.177599	
3.01044	0.174298	
3.01075	0.171266	
3.01105	0.168592	
3.01136	0.166346	
3.01166	0.164581	
3.01197	0.163335	
3.01227	0.162633	
3.01258	0.162493	
3.01289	0.162924	
3.01319	0.163933	
3.0135	0.165529	
3.0138	0.167733	
3.01411	0.170581	
3.01441	0.174121	
3.01472	0.178378	
3.01502	0.183282	
3.01533	0.188573	
3.01564	0.193793	
3.01594	0.1984	
3.01625	0.201984	
3.01655	0.204454	
3.01686	0.206063	
3.01716	0.207251	
3.01747	0.208437	
3.01778	0.209854	
3.01808	0.211537	
3.01839	0.213401	
3.01869	0.215326	
3.019	0.217204	
3.0193	0.218956	
3.01961	0.220531	
3.01991	0.221895	
3.02022	0.223039	
3.02053	0.223972	
3.02083	0.224723	
3.02114	0.225338	
3.02144	0.225884	
3.02175	0.226439	
3.02205	0.227094	
3.02236	0.227947	
3.02266	0.229103	
3.02297	0.230671	
3.02328	0.232763	
3.02358	0.235487	
3.02389	0.238953	
3.02419	0.243261	
3.0245	0.248504	
3.0248	0.254758	
3.02511	0.262076	
3.02541	0.270467	
3.02572	0.279864	
3.02603	0.290074	
3.02633	0.300743	
3.02664	0.311303	
3.02694	0.32099	
3.02725	0.328917	
3.02755	0.334216	
3.02786	0.336219	
3.02816	0.334623	
3.02847	0.329563	
3.02878	0.321573	
3.02908	0.311464	
3.02939	0.300135	
3.02969	0.288416	
3.03	0.276962	
3.0303	0.266222	
3.03061	0.256459	
3.03091	0.247808	
3.03122	0.24032	
3.03153	0.233998	
3.03183	0.22883	
3.03214	0.224795	
3.03244	0.221879	
3.03275	0.220071	
3.03305	0.219374	
3.03336	0.219806	
3.03366	0.2214	
3.03397	0.224208	
3.03428	0.228305	
3.03458	0.233784	
3.03489	0.240762	
3.03519	0.249378	
3.0355	0.259781	
3.0358	0.27212	
3.03611	0.286529	
3.03641	0.303086	
3.03672	0.321765	
3.03703	0.342386	
3.03733	0.36456	
3.03764	0.38766	
3.03794	0.410844	
3.03825	0.433137	
3.03855	0.453534	
3.03886	0.471118	
3.03916	0.485117	
3.03947	0.49495	
3.03978	0.500248	
3.04008	0.500881	
3.04039	0.496974	
3.04069	0.488903	
3.041	0.477264	
3.0413	0.462856	
3.04161	0.446642	
3.04191	0.429697	
3.04222	0.413105	
3.04253	0.397833	
3.04283	0.384634	
3.04314	0.373974	
3.04344	0.366033	
3.04375	0.360725	
3.04405	0.357737	
3.04436	0.356584	
3.04466	0.356671	
3.04497	0.357363	
3.04528	0.358045	
3.04558	0.358172	
3.04589	0.357286	
3.04619	0.355035	
3.0465	0.351189	
3.0468	0.345645	
3.04711	0.338434	
3.04741	0.329702	
3.04772	0.319703	
3.04803	0.30878	
3.04833	0.297343	
3.04864	0.285842	
3.04894	0.274721	
3.04925	0.264369	
3.04955	0.255088	
3.04986	0.24708	
3.05017	0.240463	
3.05047	0.235287	
3.05078	0.231566	
3.05108	0.229289	
3.05139	0.228444	
3.05169	0.229026	
3.052	0.231039	
3.0523	0.2345	
3.05261	0.239437	
3.05292	0.24588	
3.05322	0.253838	
3.05353	0.263245	
3.05383	0.273863	
3.05414	0.285162	
3.05444	0.296242	
3.05475	0.305898	
3.05505	0.312887	
3.05536	0.316326	
3.05567	0.316032	
3.05597	0.312618	
3.05628	0.307276	
3.05658	0.301385	
3.05689	0.29615	
3.05719	0.292412	
3.0575	0.290649	
3.0578	0.29106	
3.05811	0.293658	
3.05842	0.2983	
3.05872	0.304669	
3.05903	0.312238	
3.05933	0.320226	
3.05964	0.327607	
3.05994	0.333204	
3.06025	0.335878	
3.06055	0.334802	
3.06086	0.32969	
3.06117	0.320879	
3.06147	0.309198	
3.06178	0.295723	
3.06208	0.281509	
3.06239	0.267426	
3.06269	0.254086	
3.063	0.241864	
3.0633	0.230937	
3.06361	0.221346	
3.06392	0.213049	
3.06422	0.205963	
3.06453	0.199981	
3.06483	0.194997	
3.06514	0.190908	
3.06544	0.187628	
3.06575	0.185076	
3.06605	0.18319	
3.06636	0.181916	
3.06667	0.181213	
3.06697	0.18105	
3.06728	0.181405	
3.06758	0.182263	
3.06789	0.183617	
3.06819	0.185468	
3.0685	0.187819	
3.0688	0.190679	
3.06911	0.194063	
3.06942	0.197985	
3.06972	0.202458	
3.07003	0.207493	
3.07033	0.213095	
3.07064	0.219261	
3.07094	0.22597	
3.07125	0.233182	
3.07155	0.240836	
3.07186	0.248844	
3.07217	0.257092	
3.07247	0.265444	
3.07278	0.273746	
3.07308	0.281835	
3.07339	0.289548	
3.07369	0.296733	
3.074	0.303249	
3.0743	0.308976	
3.07461	0.313811	
3.07492	0.317679	
3.07522	0.32053	
3.07553	0.322343	
3.07583	0.323129	
3.07614	0.322931	
3.07644	0.321819	
3.07675	0.319891	
3.07705	0.31727	
3.07736	0.314103	
3.07767	0.310551	
3.07797	0.306793	
3.07828	0.303018	
3.07858	0.299414	
3.07889	0.296164	
3.07919	0.293432	
3.0795	0.291362	
3.0798	0.290071	
3.08011	0.289652	
3.08042	0.290176	
3.08072	0.291695	
3.08103	0.294243	
3.08133	0.297844	
3.08164	0.302503	
3.08194	0.308203	
3.08225	0.31489	
3.08255	0.322445	
3.08286	0.330663	
3.08317	0.33923	
3.08347	0.34771	
3.08378	0.355569	
3.08408	0.362219	
3.08439	0.367096	
3.08469	0.369745	
3.085	0.369895	
3.08531	0.367512	
3.08561	0.362804	
3.08592	0.356179	
3.08622	0.348173	
3.08653	0.339361	
3.08683	0.330281	
3.08714	0.321377	
3.08744	0.31298	
3.08775	0.305303	
3.08806	0.29847	
3.08836	0.292539	
3.08867	0.287531	
3.08897	0.283447	
3.08928	0.280282	
3.08958	0.278028	
3.08989	0.276688	
3.09019	0.276262	
3.0905	0.276759	
3.09081	0.278192	
3.09111	0.28058	
3.09142	0.283944	
3.09172	0.288311	
3.09203	0.293704	
3.09233	0.300142	
3.09264	0.307634	
3.09294	0.316175	
3.09325	0.32573	
3.09356	0.336224	
3.09386	0.347532	
3.09417	0.35946	
3.09447	0.371743	
3.09478	0.384032	
3.09508	0.395914	
3.09539	0.406936	
3.09569	0.416653	
3.096	0.424686	
3.09631	0.430782	
3.09661	0.434864	
3.09692	0.437044	
3.09722	0.437602	
3.09753	0.436939	
3.09783	0.435509	
3.09814	0.433756	
3.09844	0.432054	
3.09875	0.430677	
3.09906	0.429782	
3.09936	0.429406	
3.09967	0.429482	
3.09997	0.429858	
3.10028	0.430322	
3.10058	0.430641	
3.10089	0.43059	
3.10119	0.429994	
3.1015	0.42875	
3.10181	0.426853	
3.10211	0.424388	
3.10242	0.421521	
3.10272	0.418479	
3.10303	0.415522	
3.10333	0.412913	
3.10364	0.410913	
3.10394	0.40976	
3.10425	0.409672	
3.10456	0.410838	
3.10486	0.413417	
3.10517	0.417515	
3.10547	0.423151	
3.10578	0.43021	
3.10608	0.438379	
3.10639	0.447115	
3.10669	0.455641	
3.107	0.463018	
3.10731	0.468263	
3.10761	0.470515	
3.10792	0.469194	
3.10822	0.464113	
3.10853	0.455518	
3.10883	0.444026	
3.10914	0.430505	
3.10944	0.415905	
3.10975	0.401105	
3.11006	0.386808	
3.11036	0.373488	
3.11067	0.361411	
3.11097	0.350681	
3.11128	0.341305	
3.11158	0.333247	
3.11189	0.326462	
3.11219	0.320914	
3.1125	0.316584	
3.11281	0.313463	
3.11311	0.311545	
3.11342	0.310809	
3.11372	0.311208	
3.11403	0.312648	
3.11433	0.314976	
3.11464	0.317968	
