m/z,I,S/N,Res.
123.272253,843341,3,457681
123.416039,852944,3.1,1178296
123.974274,903303,3.3,1224805
124.341918,883385,3.2,922829
125.415897,869111,3.2,1047005
126.86376,876939,3.2,1336206
127.193431,909356,3.4,1223848
127.850639,836859,3,1122525
127.984686,907307,3.4,1032142
128.948488,858173,3.1,1027052
129.117708,844415,3,1372562
129.156995,864822,3.1,1130037
129.341222,1052358,4.1,1558277
131.0241,858747,3.1,1238292
131.57552,880288,3.2,1180398
132.124648,949784,3.6,1091909
132.45622,1056669,4.1,1144212
133.185155,885952,3.2,1353015
133.431577,1315277,5.3,1376841
135.149751,863673,3.1,1305037
135.179697,931273,3.5,1049287
136.165863,841312,3,1336587
136.201256,850028,3.1,1177432
136.558364,835649,3,1315143
137.215574,857984,3.1,1097605
138.052599,844338,3,1190638
138.206792,937077,3.5,946326
138.594902,872383,3.2,1162662
138.979193,846164,3.1,904257
138.996664,869024,3.2,1100022
139.205848,886347,3.2,1183282
139.429482,852406,3.1,1217355
139.548114,895602,3.3,1009687
140.297621,927926,3.5,1083285
142.205982,881691,3.2,1075642
142.215924,865731,3.1,1097095
142.571895,868251,3.2,1003990
144.696356,850177,3.1,1033684
145.623211,940440,3.5,895766
147.307278,854665,3.1,1179449
147.697745,841630,3,1219324
147.992393,836067,3,1198951
148.487944,884250,3.2,1099370
148.562022,876396,3.2,1060583
149.651443,951392,3.6,1156707
149.907057,860605,3.1,850291
150.409354,911729,3.4,1124406
150.666941,910807,3.4,1031268
151.934151,892552,3.3,1053850
152.724504,845177,3,631957
153.427279,3580217,16.4,1078342
153.457072,1501690,6.3,955567
153.795945,837350,3,945897
154.667055,860967,3.1,1165447
155.244527,836702,3,874355
156.343183,858175,3.1,648162
161.616387,885775,3.2,1028039
162.432277,879172,3.2,995931
163.986083,858509,3.1,979398
164.241501,839999,3,1030620
164.341164,1027110,3.9,1021226
164.446582,871742,3.2,936604
166.270936,851860,3.1,1071292
166.800917,849949,3,1058912
167.362245,860008,3.1,1140716
168.10697,856964,3.1,1037946
168.287317,863506,3.1,772723
169.184706,850812,3,1038181
171.959418,918602,3.4,885604
174.371344,923844,3.4,817234
175.238433,869205,3.1,761844
177.51399,857712,3.1,820325
177.581781,945654,3.5,886611
177.971372,856988,3.1,1041890
178.153282,880494,3.2,867889
180.732944,862160,3.1,911152
181.17471,893532,3.2,886673
181.539843,847745,3,1041244
182.034826,932756,3.4,798419
182.727908,891195,3.2,731608
183.112656,864483,3.1,934074
183.302627,926198,3.4,757883
183.427603,895203,3.2,808978
184.279178,898108,3.3,763505
184.511997,858164,3.1,951240
185.021257,967849,3.6,958470
185.362554,858541,3.1,835322
187.910493,848472,3,588889
188.279702,868415,3.1,958844
190.070618,892348,3.2,653902
192.212915,865118,3.1,832982
192.273164,865380,3.1,741238
192.940826,886091,3.2,653241
193.975286,951703,3.5,973046
194.239594,959731,3.5,630629
194.316124,887611,3.2,568810
198.489168,868458,3.1,792416
198.558919,877681,3.1,680150
199.421006,1070537,4.1,614889
203.771252,862068,3.1,915790
204.982061,880935,3.1,822777
205.305468,911813,3.3,708231
205.334454,884423,3.2,611300
205.369285,861963,3,898510
208.838778,940931,3.4,741675
209.835661,937112,3.4,753470
210.546262,930196,3.4,695100
211.144217,864069,3.1,706615
211.971105,863048,3,658984
212.229896,930076,3.4,591590
212.89203,858641,3,945816
213.913798,889568,3.2,652058
214.058446,872747,3.1,791984
215.284511,910150,3.3,798771
222.006962,871443,3.1,673165
222.885593,879499,3.1,709777
223.44174,994542,3.7,648843
225.840669,909505,3.2,673745
230.149691,915837,3.3,305874
234.221715,954596,3.4,608652
236.028498,960330,3.5,615392
239.824083,861601,3,435543
239.874298,942052,3.4,574545
239.963049,936617,3.4,745389
240.854943,931292,3.3,609162
242.540735,889662,3.1,661332
244.696739,975807,3.5,667456
245.076262,895830,3.2,799217
247.35006,869282,3,630585
248.531666,999085,3.6,616747
249.381187,944228,3.4,562226
249.783216,872510,3,523700
251.228285,889566,3.1,661133
255.789844,873763,3,819703
257.096809,883334,3.1,608739
258.522441,1325943,5.2,629636
261.445815,878826,3.1,656805
264.542291,905346,3.2,598015
268.548462,923281,3.2,712317
271.842414,919036,3.2,603576
277.854975,897627,3.1,554471
278.563673,911031,3.1,470915
279.087574,920572,3.2,623930
279.1239,1016961,3.6,620963
279.163612,1349766,5.2,694890
279.303198,890392,3.1,624202
279.917383,5560554,24.6,451052
279.917953,10237162,46.2,604258
281.066696,1096324,4,645517
281.103167,1447817,5.6,664869
281.139456,1339022,5.1,623977
281.913743,1136632,4.2,223672
283.082409,1105817,4,289791
283.118111,986270,3.5,588446
283.118843,1117854,4.1,687678
285.098123,1102260,4,593240
286.369412,891882,3,602999
287.113653,1030229,3.7,588069
289.035464,1165549,4.3,585622
289.071796,1182195,4.3,240332
289.108194,1124088,4.1,727743
290.515026,1026120,3.6,520106
291.051327,1052696,3.8,223117
291.087507,1440285,5.5,541833
291.11197,977953,3.4,586434
291.123948,936354,3.2,295990
292.181232,1004224,3.5,603947
292.234032,904008,3.1,501484
293.030419,1094208,3.9,796614
293.066814,1749573,6.9,583319
293.103173,2562635,10.6,305404
293.175975,1641301,6.4,387577
293.179324,1408598,5.4,768569
295.046066,1157104,4.2,393198
295.082483,2055029,8.3,525865
295.118876,2479483,10.2,520278
295.155083,940672,3.2,492471
297.061671,1962658,7.9,514144
297.098162,2720935,11.3,555248
297.134454,2272941,9.3,494851
297.153118,2570928,10.6,497261
299.040819,923087,3.1,305979
299.077397,1763797,6.9,532652
299.113711,1718491,6.7,552823
299.150192,1146848,4.1,286995
301.035518,981504,3.4,316157
301.071892,1600517,6.2,461185
301.129424,1029390,3.6,684070
301.562279,912720,3.1,654995
303.051183,1482803,5.6,563382
303.087488,1086393,3.9,313270
303.123843,1144894,4.1,625378
305.030426,1592415,6.1,486483
305.066785,2229093,9,519343
305.10322,1913706,7.5,357066
305.139551,1150576,4.1,603695
306.505608,1003326,3.5,512146
306.656889,1871701,7.4,374045
306.65804,1474645,5.6,561814
306.907233,2099835,8.4,449236
307.046109,2388111,9.7,437179
307.08243,2561429,10.5,362694
307.118789,2366106,9.6,429749
307.155148,1152928,4.1,406427
307.158439,927392,3.1,566523
307.733188,1639670,6.3,323325
309.025397,1174455,4.2,590119
309.04055,905529,3,496253
309.061702,3508669,14.7,499722
309.098086,4652482,19.9,454380
309.134445,3033543,12.6,491804
309.170974,1003213,3.4,283907
309.174221,3215309,13.4,280152
311.04096,1996513,7.9,446919
311.077366,3563238,14.9,461161
311.113768,5222124,22.3,467984
311.15009,1627377,6.2,561889
311.16875,10727155,46.9,269730
312.117,1021566,3.5,373667
312.172162,1989510,7.8,264129
313.056654,2120198,8.4,474373
313.071995,1043208,3.6,459473
313.093015,3315724,13.8,446288
313.129438,3652113,15.3,451399
313.165837,1335318,4.9,305477
315.051168,1968163,7.7,472176
315.07232,1770790,6.9,337748
315.087533,2166057,8.6,526755
315.108659,2181420,8.7,478587
315.12394,1063598,3.7,406554
315.144993,1605169,6.1,528518
315.181426,940598,3.1,358875
317.030394,2060345,8.1,396915
317.066779,2485310,10,451443
317.088007,997185,3.4,550204
317.103216,1813571,7,533933
317.139547,1282120,4.7,603003
319.046022,3186509,13.1,491502
319.082474,2984274,12.2,457120
319.118814,2729815,11.1,503835
319.155216,1751899,6.7,445016
320.922867,3644487,15.1,511439
321.025292,2194004,8.7,492694
321.061715,4103257,17.2,496986
321.098117,4493406,18.9,487818
321.134488,3685475,15.3,502330
321.170801,1462375,5.4,564320
322.665951,930985,3.1,441923
323.040984,3393881,14,497624
323.077407,5661021,24.1,499406
323.11378,4946274,20.9,272621
323.149211,1283174,4.6,594377
323.150187,2587495,10.4,453096
323.189916,1994603,7.8,469756
323.282064,991095,3.3,477497
324.117255,1068256,3.7,589243
324.917764,1191235,4.2,445106
325.020311,951247,3.2,457928
325.03543,922193,3,749552
325.056683,4098644,17.1,270445
325.093035,7116377,30.5,487108
325.129459,5304925,22.5,470257
325.165747,1597537,6,452263
325.184471,13624931,59.4,462467
325.30897,933747,3.1,528331
326.096343,1094354,3.8,685647
326.187704,2844893,11.5,492471
327.034715,946625,3.1,525426
327.035906,1263041,4.5,282994
327.051201,1157699,4,253306
327.072296,4373318,18.2,480992
327.087554,1587015,5.9,585453
327.107494,1724746,6.5,625519
327.108708,6217546,26.3,465431
327.145035,2989902,12.1,529944
329.030412,1750054,6.7,420200
329.05157,1975848,7.6,487000
329.066857,2248746,8.8,488839
329.086671,1242924,4.4,599115
329.087919,3646509,15,457198
329.103189,2052142,8,484688
329.124372,3076145,12.5,470799
329.139587,1416754,5.2,494139
329.160708,2082869,8.1,534622
329.17609,935222,3.1,570851
330.80998,939498,3.1,541368
331.009659,974079,3.2,562644
331.046071,2948355,11.9,452726
331.067198,1111814,3.8,474009
331.082479,3549447,14.6,490902
331.103642,1652490,6.2,463386
331.118885,2182923,8.6,490528
331.140128,1084301,3.7,272054
331.155222,1897231,7.3,463491
333.025301,2065876,8,501350
333.061794,4442584,18.5,462603
333.098098,4294107,17.8,469563
333.134504,3287519,13.4,470135
333.170903,1507811,5.5,512516
334.938508,2362518,9.3,456656
335.04102,3888800,15.9,497526
335.077373,5773987,24.2,457816
335.113781,5565095,23.3,465081
335.150139,3659435,14.9,434831
335.186566,1481902,5.4,501863
335.189875,1046958,3.5,523767
336.117065,1681929,6.3,494047
337.020364,1057121,3.6,419202
337.056687,5475172,22.9,449278
337.093055,6937448,29.2,466276
337.129453,6305643,26.5,452844
337.165836,2885487,11.5,479080
337.205509,1653618,6.2,469986
338.060021,1011395,3.4,574128
338.096437,1597895,5.9,502636
338.132754,1291978,4.6,548935
338.932249,1765397,6.7,570098
338.933468,6407189,26.9,452184
339.035995,2330655,9.1,451661
339.051165,1180192,4.1,517832
339.072311,7220258,30.5,483443
339.087718,975139,3.2,482954
339.107658,2188325,8.5,400972
339.108709,8827941,37.5,463676
339.145085,5844009,24.5,487822
339.180233,1021228,3.4,476322
339.181562,1829420,6.9,525762
339.20012,3616814,14.7,481374
339.933048,1530481,5.6,541898
340.075654,1314174,4.7,258105
340.112077,1796225,6.8,399983
340.148465,1322117,4.7,583105
341.03043,1560021,5.8,480988
341.051573,4926679,20.5,478184
341.066837,1637848,6.1,464862
341.087946,8121562,34.4,465747
341.103257,1149915,4,201158
341.124372,6722781,28.3,435288
341.139628,963807,3.2,413737
341.160737,3217633,13,489113
341.197213,982244,3.2,249451
342.091251,1511220,5.5,545307
342.127713,1200951,4.2,527469
342.164205,945594,3.1,486244
343.030819,1148039,3.9,625010
343.046119,2675592,10.5,448735
343.06722,4324746,17.7,463667
343.082495,2716555,10.7,488788
343.103622,6720909,28.1,478265
343.118886,2233742,8.6,522277
343.139982,4266384,17.4,476377
343.15531,1134994,3.9,674770
343.176415,1758099,6.6,495342
343.212887,1514903,5.5,496247
344.10691,1257189,4.4,476146
344.759136,1015837,3.4,643968
345.025381,2855988,11.3,456522
345.046479,1074230,3.6,639560
345.061748,4308535,17.6,462808
345.082858,2528313,9.9,516418
345.098135,4108858,16.7,451502
345.119256,2508860,9.8,477843
345.134571,3158589,12.6,425487
345.155696,1656127,6.1,444696
345.170969,2184257,8.4,478283
346.757133,1235656,4.3,485292
347.004693,1198301,4.1,482745
347.041016,5050080,20.8,458104
347.077395,6469347,27,464217
347.098546,954597,3.1,246723
347.113795,6348518,26.4,458459
347.150141,4484841,18.4,456854
347.18651,2064620,7.9,456995
348.072765,1067831,3.6,529120
348.080777,1545528,5.6,532638
348.108914,1107514,3.7,488823
348.117069,1232443,4.3,513617
348.153517,1016638,3.4,438262
348.954201,1202817,4.2,507644
349.020234,2709895,10.7,471339
349.056651,7589770,31.8,445169
349.093061,8363917,35.2,444235
349.106084,3020174,12,477936
349.129436,7765904,32.6,466636
349.16582,4556691,18.7,484234
349.202215,1834390,6.9,517440
350.059991,1430493,5.1,537734
350.096355,1880032,7,478157
350.132752,1639907,6,459868
351.035907,4229167,17.1,436011
351.072327,8919090,37.2,455045
351.103169,1357620,4.8,434161
351.107461,1871413,7,471118
351.10871,10313781,43.2,449804
351.145094,8372280,34.9,431456
351.18146,3450939,13.8,440854
351.217826,1466430,5.3,493178
352.039326,976770,3.2,417595
352.075648,1755781,6.5,574311
352.112075,1544840,5.6,501941
352.148472,1511307,5.4,377760
352.948156,2498254,9.7,330354
352.949141,13254862,55.8,450311
353.015161,1136083,3.8,420722
353.051593,7123158,29.5,459066
353.066792,1282775,4.5,427499
353.087983,10055897,42.1,426300
353.124367,10586332,44.4,443350
353.160761,5929183,24.4,445743
353.197078,1556706,5.6,531414
353.200509,5511395,22.6,425275
353.948724,2925857,11.5,448813
354.054932,1078057,3.6,260660
354.091348,1701676,6.3,463075
354.12775,1779504,6.6,486732
354.164106,1259571,4.4,481973
354.203887,1146166,3.9,535978
354.946029,2094452,7.9,414945
355.009747,975737,3.1,414184
355.030902,2592635,10.1,428298
355.046062,2249596,8.6,432482
355.06726,8417662,35.1,456527
355.082533,2062207,7.8,469393
355.103652,10723713,45,445066
355.118743,1046914,3.5,553160
355.140038,7809412,32.5,458171
355.176429,3227527,12.8,435017
355.21287,1090186,3.6,513481
356.070632,1501650,5.4,549517
356.106986,2081749,7.9,469121
356.143363,1661400,6.1,506302
357.025455,2048546,7.7,480268
357.046543,2984483,11.8,465237
357.06183,3339813,13.3,457372
357.082904,6945319,28.8,454969
357.098206,3015208,11.9,477483
357.119308,6799914,28.1,451923
357.134469,1868843,7,494266
357.15565,3865133,15.5,439896
357.170893,1277742,4.4,443487
357.192133,2362928,9.1,461983
357.22835,1249843,4.3,402106
358.086168,1359995,4.8,513233
358.122658,950398,3,449212
359.041015,3690188,14.7,409536
359.062172,2698958,10.4,437048
359.077436,4801231,19.4,431963
359.098579,3519185,13.9,450193
359.112429,1401810,4.9,507824
359.113813,4077266,16.3,436202
359.134957,2734292,10.6,443003
359.150243,3412693,13.5,429725
359.171313,2037975,7.6,460990
359.186601,1205464,4.1,599550
359.207675,1226970,4.2,532931
359.54637,951671,3,387011
360.080846,1157925,3.9,365248
361.020289,2456438,9.4,428083
361.055466,1505145,5.4,360093
361.056687,6777721,27.8,443547
361.07778,959355,3,586479
361.093082,7068541,29,433605
361.114301,1344126,4.7,509021
361.129463,6181760,25.2,451449
361.165847,4653955,18.7,436780
361.202265,1123206,3.7,525111
362.060114,1209809,4.1,518161
362.096482,1347028,4.7,524802
362.132533,1020503,3.3,398099
362.16929,1205978,4.1,500753
363.035988,4620327,18.6,427601
363.051147,963752,3.1,424855
363.07236,9172010,38,428716
363.108717,9739309,40.4,435916
363.145112,8512560,35.1,436957
363.181508,4216884,16.9,437696
363.221312,1247287,4.3,399406
364.039123,1007232,3.2,459399
364.067773,1154435,3.9,467536
364.075662,1856644,6.9,458771
364.11206,1660039,6,439181
364.148469,1687690,6.1,536951
364.184919,1273486,4.4,379476
365.015273,1326041,4.6,331145
365.051604,8258780,34.1,425326
365.087994,11744479,48.9,430857
365.103298,1157345,3.9,351677
365.124373,10919139,45.4,416255
365.160764,8019174,33.1,457508
365.197166,3476713,13.7,437244
366.054965,1788728,6.6,515838
366.083292,1148219,3.8,494773
366.091388,1953084,7.3,357363
366.127643,2488127,9.5,401726
366.164114,1328962,4.6,492761
366.200602,1025606,3.3,439469
366.964809,9131405,37.8,425146
367.030882,3717523,14.8,425688
367.046119,1950613,7.3,458041
367.067245,10704278,44.5,426145
367.08254,1264280,4.3,546381
367.103659,14022042,58.6,426409
367.140039,12051869,50.2,425956
367.176411,5767585,23.5,412958
367.212805,1908132,7.1,447649
367.216198,3470757,13.7,416454
367.964433,1049835,3.4,517700
368.070576,2058230,7.7,468836
368.106999,2418169,9.2,450680
368.143351,2392573,9.1,429529
368.179698,1595904,5.7,506216
368.961559,1172299,3.9,450330
369.0254,1509458,5.3,483762
369.046522,6706772,27.2,433944
369.061789,2605141,9.9,421029
369.082919,11527767,47.5,412987
369.098171,2031705,7.5,441215
369.119287,13284955,54.9,415469
369.127466,1347932,4.6,457587
369.134429,1623644,5.8,513935
369.155665,8420958,34.4,432735
369.192084,3139170,12.2,419773
369.228408,1350245,4.7,515995
369.301255,986732,3.1,538959
370.049809,1028790,3.3,549468
370.086287,1778874,6.5,450205
370.12264,2296509,8.6,432108
370.159018,1552065,5.5,538365
370.195468,1116868,3.7,438279
370.868907,1236232,4.2,477706
371.025715,1338647,4.6,529470
371.041044,3377945,13.2,439599
371.054064,1042970,3.4,432229
371.062178,6598427,26.7,424324
371.077431,3169053,12.3,426829
371.098552,9482015,38.9,416838
371.101178,1006623,3.2,450100
371.113818,2902816,11.2,435169
371.134947,7524131,30.6,418247
371.150037,2115364,7.9,494750
371.17129,4271910,17,407807
371.186577,1260328,4.3,511173
371.20771,2269994,8.5,242315
371.243999,1232174,4.2,489374
372.044352,987519,3.1,539378
372.065636,1238913,4.2,479579
372.101955,1823621,6.7,477010
372.138278,1786249,6.5,430604
373.020324,2332645,8.8,460827
373.041488,1526503,5.4,449291
373.056699,5428200,21.8,416029
373.076627,1245674,4.2,460557
373.077837,5255147,21.1,427410
373.093071,6027244,24.3,424490
373.114223,5223407,21,429731
373.129491,4941808,19.8,435899
373.150623,3791858,14.9,430877
373.165873,3099636,12,441415
373.186929,2465782,9.4,450543
373.202304,1321976,4.5,485841
373.223302,1533434,5.4,436611
374.060057,1404499,4.9,476452
374.096475,1677911,6,483600
374.169279,1153374,3.8,471171
374.910317,1003951,3.2,518866
375.035961,5298364,21.3,413420
375.072327,8843456,36.2,413823
375.093547,2389187,9,437495
375.108729,7964868,32.5,412825
375.1299,1619143,5.8,488981
375.145125,7309512,29.7,415479
375.166214,1461451,5.1,516201
375.181516,3830988,15.1,432827
375.217808,1371856,4.7,494857
376.075757,2035503,7.5,485286
376.112163,1761587,6.4,551013
376.148491,1287991,4.4,447525
377.015313,2061722,7.7,415547
377.051615,8751518,35.8,398409
377.086619,2459810,9.3,288779
377.087993,10703266,44,408798
377.089906,964002,3,495233
377.124385,10127782,41.6,417094
377.160797,8196522,33.5,411820
377.197158,3246510,12.6,463695
378.05501,1598994,5.7,445912
378.083232,984085,3.1,300900
378.091349,1966358,7.2,336324
378.127686,1523994,5.4,403794
378.163944,1504286,5.3,409795
378.200532,1046819,3.3,489462
379.03088,4519557,17.7,413366
379.046194,1288839,4.3,411048
379.067257,11664009,47.4,410964
379.082662,1021323,3.2,346589
379.103642,12178062,49.5,398525
379.140048,12069522,49.1,405581
379.176435,7731863,31.1,411152
379.212772,1876123,6.8,398586
380.070662,2107651,7.7,451734
380.107105,2425096,9,442807
380.143373,2453772,9.2,438152
380.179716,1623824,5.7,491853
380.98051,1327476,4.5,446612
381.010112,1018487,3.2,511457
381.025583,1327481,4.5,438505
381.046518,7854972,31.6,406943
381.061869,1813886,6.5,430489
381.0829,12888960,52.5,403010
381.098172,1106562,3.6,444193
381.119319,13536133,55.1,399092
381.155686,11008906,44.7,415006
381.192032,5301134,21,425676
381.231862,1306003,4.4,150059
382.049911,1041915,3.3,296959
382.086251,2017280,7.4,244167
382.122688,2591749,9.7,460489
382.159077,1867785,6.7,212133
382.195356,1367566,4.7,444209
382.6799,998989,3.1,412181
383.025768,2389114,8.9,378037
383.041074,2406524,9,463890
383.062181,9755775,39.5,408640
383.077398,2570881,9.6,443044
383.09855,13163652,53.6,409061
383.113772,1573510,5.5,476786
383.134933,12217480,49.7,389397
383.142971,1140618,3.7,405685
383.150208,992906,3.1,485091
383.17136,6904973,27.6,381525
383.207771,2606738,9.8,401959
383.35324,1403301,4.8,337811
384.065644,1772293,6.3,446276
384.101933,1969930,7.2,388608
384.138307,2142990,7.9,422274
384.174677,1632531,5.8,441867
384.884586,4459892,17.5,425362
385.020282,1990023,7.2,448780
385.041414,4034954,15.7,403867
385.056685,3819916,14.8,429969
385.077819,8975759,36.2,404802
385.093066,3665297,14.2,419713
385.114208,10685844,43.3,388776
385.129438,2604438,9.8,407376
385.150579,6251929,24.9,398490
385.165887,1659803,5.9,475693
385.186964,3336606,12.8,226684
385.223412,1851811,6.7,451063
385.259692,1174440,3.9,561622
385.884076,1040895,3.3,483944
386.060057,1039640,3.3,463075
386.08111,1578011,5.5,415922
386.117655,1374752,4.7,468670
386.15397,1124390,3.6,497302
387.035954,3673764,14.2,426603
387.057131,3932839,15.3,427555
387.072371,4974250,19.6,377550
387.093477,5049005,19.9,371861
387.108713,4628143,18.2,390598
387.129807,4258482,16.6,365337
387.145123,3866292,15,403714
387.16624,2822839,10.7,449532
387.181532,2321081,8.6,399379
387.202693,2244284,8.3,367235
387.239081,999874,3.1,464727
388.060622,1102907,3.6,378763
388.075677,1337661,4.5,484770
388.09644,1147712,3.7,420471
388.111992,1542466,5.4,468929
388.148502,1190728,3.9,491751
388.184807,1084237,3.5,504363
388.925809,1164476,3.7,480991
389.015234,2091466,7.5,372645
389.051592,6805455,26.8,388168
389.072837,1629650,5.6,223113
389.087988,7761877,30.7,368660
389.109238,1879000,6.7,235417
389.12439,6748123,26.5,395222
389.145533,1313246,4.4,202466
389.160746,5715936,22.3,400741
389.181947,1302755,4.3,419435
389.197123,2555877,9.4,393140
390.054877,1626217,5.6,482794
390.091423,1549423,5.3,381217
390.127707,1756276,6.2,462708
390.164223,1338490,4.5,355692
391.030911,4141314,15.9,387762
391.067258,9300231,36.9,390894
391.103637,10289421,41,369917
391.14001,9427219,37.5,374460
391.176412,6111513,23.9,373326
391.212713,2348830,8.6,340269
391.25262,1066021,3.3,380967
392.034198,1090977,3.4,398902
392.07061,2320295,8.5,457597
392.106949,2189229,7.9,441455
392.143362,2289075,8.3,376872
392.179974,1353401,4.5,208608
393.046488,7660102,30.3,355763
393.061791,1446984,4.9,439011
393.082903,10990156,43.8,370056
393.119292,11817554,47.2,367482
393.155677,10482264,41.8,366745
393.192085,4779614,18.5,418884
393.228455,1651300,5.7,445642
394.086199,1817841,6.4,199200
394.122467,2480888,9.1,405187
394.15899,2706174,10,390233
394.905112,1038203,3.2,406229
395.02578,2888591,10.8,380585
395.041016,1397138,4.7,429171
395.062155,10345365,41.2,369791
395.077422,1767832,6.2,464530
395.098538,13337499,53.4,352724
395.113693,1004702,3.1,485476
395.134944,12870562,51.5,365925
395.171342,9069480,36,376957
395.207689,3047342,11.4,401055
396.065516,2331201,8.5,404215
396.093617,1003973,3.1,311975
396.101891,2779207,10.3,433391
396.138281,2866253,10.7,428920
396.174662,1763411,6.2,446418
397.020202,1472742,5,410844
397.041402,5620970,21.9,398941
397.056695,2542828,9.4,434486
397.07783,12166384,48.6,374856
397.093011,1951986,7,377916
397.114222,13100278,52.4,371914
397.129533,1540345,5.3,389528
397.150602,10315004,41.1,357562
397.18693,5149955,20,358444
397.205468,1020294,3.2,374247
397.223423,2317065,8.4,335955
397.226719,4523274,17.4,396867
398.044878,1276313,4.2,475151
398.059999,1013148,3.1,604920
398.081196,2129824,7.7,458434
398.117482,3192230,12,388204
398.153966,1949101,6.9,403849
398.190345,985139,3,320090
398.900237,7736882,30.6,349861
399.020558,1227847,4,474929
399.035951,2767434,10.3,417952
399.057093,6450766,25.3,396868
399.072307,3525200,13.4,399147
399.093509,10100308,40.2,379485
399.108665,2760279,10.3,356550
399.122025,1057881,3.3,484439
399.129869,9504347,37.8,370818
399.145092,2185821,7.9,333247
399.158254,1005664,3.1,412876
399.166253,5795425,22.6,363085
399.181464,1626724,5.6,498729
399.202685,2994280,11.2,347903
399.238798,1277806,4.2,255486
399.899814,2034405,7.2,398486
400.060391,1056770,3.2,480827
400.096767,1945865,6.8,405370
400.133212,2241808,8,413818
400.169622,1245462,4,201718
400.897156,1255835,4,240382
401.015223,2117553,7.5,398558
401.036366,1505716,5,379419
401.051615,4958135,18.9,340012
401.072805,5580731,21.4,367744
401.088029,4998078,19.1,400575
401.109146,6066114,23.3,386933
401.124334,4638661,17.6,361724
401.145491,4667337,17.7,398395
401.160755,3602379,13.5,427744
401.181827,3230671,12,219565
401.197153,2027474,7.1,398138
401.218355,1677782,5.7,414322
401.254691,1235676,4,393999
402.055127,1146992,3.6,367907
402.091259,1189495,3.8,434428
402.268582,1886872,6.6,435670
402.941464,1202453,3.8,419841
403.03088,4000038,15.1,397803
403.052082,1338666,4.4,223023
403.067281,7432493,28.8,373008
403.088424,2663729,9.7,391524
403.103659,6787380,26.2,376185
403.124837,1973048,6.9,338784
403.140043,6252859,24.1,372792
403.161117,1460543,4.9,436145
403.176403,4932930,18.8,358115
403.212887,1825608,6.3,422881
404.034138,1011171,3.1,441957
404.070533,1639402,5.6,424976
404.107002,1554417,5.2,423892
404.143499,1482232,4.9,421256
404.179757,1255167,4,407361
405.010047,1106077,3.4,290781
405.046526,7269028,28.2,359369
405.082918,9093803,35.5,353801
405.119335,9358002,36.5,376046
405.13256,1166004,3.7,454140
405.155697,8295097,32.3,372439
405.192021,4540096,17.2,347823
405.228546,1114310,3.5,457385
406.049893,1255268,4,436516
406.086378,1883499,6.6,381036
406.122631,2068594,7.3,350868
406.158973,1670009,5.7,409066
406.195297,1599872,5.4,403576
406.981221,1093144,3.4,385504
407.025855,3463201,12.9,371803
407.062223,10245160,40.1,374752
407.098588,12696623,49.9,351353
407.134943,12131382,47.7,350550
407.17136,8578109,33.4,367146
407.207655,3300420,12.2,420592
408.065501,2342124,8.4,400499
408.092868,1134321,3.6,230549
408.101926,2321651,8.3,424222
408.138297,2819834,10.3,399100
408.1747,2227969,7.9,379282
408.921061,997524,3,492094
409.04146,6559148,25.3,361459
409.056694,1402287,4.6,395362
409.077861,12324275,48.4,369782
409.093144,1103286,3.4,486133
409.114255,14622138,57.7,371556
409.150635,12508609,49.2,378070
409.187056,6321609,24.4,380681
409.223387,2377168,8.5,367748
410.044954,1135218,3.6,557340
410.081224,2499705,9,395452
410.117602,2894465,10.6,392457
410.153966,2329736,8.3,405689
410.190288,1115663,3.5,317387
411.02064,1577781,5.3,436043
411.035999,2253112,8,405082
411.057118,10223420,40,378585
411.072419,2260287,8.1,413848
411.093513,14098243,55.6,373441
411.10882,1488710,5,397445
411.129912,13475658,53.1,367550
411.145192,1569613,5.3,455243
411.166271,9332562,36.4,351209
411.20266,3551065,13.2,360238
411.239146,1278816,4.1,337265
411.24239,3221345,11.9,392932
411.384605,1285501,4.1,456958
412.060434,1790469,6.1,358753
412.088772,1031178,3.1,380288
412.096791,2834956,10.2,366324
412.133325,2508820,8.9,358121
412.169627,1585179,5.3,382374
412.206007,1344034,4.3,355417
412.915916,8509617,32.5,369372
413.015277,1613509,5.4,459220
413.03639,3220681,11.7,349709
413.051618,3626188,13.3,385800
413.072768,10100945,38.8,357853
413.088058,3582164,13.1,393366
413.101177,1082838,3.3,460376
413.109196,11694296,45.1,368521
413.124418,2608347,9.3,391117
413.137597,1179358,3.7,503396
413.145551,8870111,34,384459
413.160808,2043618,7.1,421255
413.181935,4961511,18.6,397539
413.218277,2993390,10.8,432389
413.254695,1348853,4.3,475230
413.915546,2179963,7.6,379043
414.076164,1846172,6.3,378269
414.112536,2504611,8.9,353099
414.148923,1641899,5.5,476838
414.185306,1044530,3.1,291299
414.912805,1236294,3.9,398123
415.030946,3417694,12.5,373759
415.052065,4754018,17.7,396818
415.067258,5325413,20,370596
415.088448,7465578,28.4,379955
415.103723,4403821,16.4,367595
415.124777,6337137,24,376953
415.140074,4618868,17.2,393381
415.161205,4011640,14.8,362930
415.176531,3350140,12.2,398092
415.197524,2813056,10.1,356534
415.213012,1732739,5.8,424122
415.233923,1461639,4.8,372624
415.270343,1350543,4.3,391844
416.070927,1270066,4,338442
416.074747,1473843,4.8,365157
416.09181,1522486,5,456665
416.107043,1173305,3.6,263650
416.16444,1117509,3.4,406984
417.046582,6468602,24.5,367768
417.059683,1153020,3.6,429333
417.067681,2904062,10.5,394490
417.08295,6896641,26.2,358686
417.104057,4013062,14.8,383057
417.119377,7224329,27.5,379349
417.132678,1281803,4.1,359333
417.140438,2354701,8.3,383998
417.155751,5415952,20.4,376598
417.176819,1545237,5.1,375998
417.192083,3900440,14.4,372554
417.21321,1390108,4.5,477274
417.228532,1603103,5.3,359350
418.049858,1803464,6.1,356213
418.071758,1889484,6.5,466138
418.086339,1778383,6,398268
418.122679,1771223,6,349964
418.159162,1536222,5.1,435303
419.02584,3498385,12.8,369006
419.062208,9563544,36.7,364079
419.083431,1018781,3,351685
419.098593,9895328,38,360284
419.119694,1108900,3.4,265108
419.134998,9442727,36.2,371906
419.148078,1173930,3.6,431282
419.171385,7949743,30.3,371364
419.207731,3534262,12.9,368468
419.244016,1559486,5.2,455602
420.065493,1898599,6.5,391941
420.09397,1057901,3.2,432111
420.101934,2045039,7.1,356359
420.138336,1790070,6.1,415209
420.174763,1880702,6.4,405838
420.211183,1175685,3.6,411409
421.041497,6395697,24.2,354721
421.05666,1230900,3.9,434278
421.077865,11634488,44.9,360811
421.092188,1020987,3,186659
421.114243,12564288,48.5,353675
421.150629,11667271,45,362726
421.15533,1342793,4.3,325547
421.163713,1210186,3.8,393122
421.187008,7587663,28.9,366698
421.223404,3021655,10.9,367779
421.226767,1248343,3.9,420777
422.044535,1162496,3.6,424642
422.081146,2748424,9.8,359761
422.117661,2828304,10.2,395674
422.153969,2910231,10.5,388617
422.190365,2059807,7.1,384565
423.020841,2045131,7.1,351436
423.046438,1084880,3.3,432574
423.057136,10688722,41.1,343877
423.072328,1310677,4.2,316620
423.093517,14199002,55,348729
423.126496,1179361,3.7,546627
423.129897,14493921,56.1,361445
423.166262,10393833,40,352787
423.202647,5204208,19.5,355280
423.238936,1393912,4.5,402584
424.060441,2093986,7.3,406620
424.088766,1021096,3,354308
424.096815,2841002,10,338011
424.133234,2865585,10.1,372185
424.169673,2485177,8.6,360125
424.205984,1376704,4.3,398834
424.950225,1050586,3.1,315689
425.015155,1284456,4,407877
425.036379,4530796,16.5,360497
425.051657,2575983,9,429736
425.069692,1239667,3.8,589916
425.072762,12868211,48.8,356514
425.088083,2445943,8.5,332423
425.10917,14883451,56.6,352351
425.124458,1542270,5,468976
425.145564,13130371,49.8,357810
425.16087,1185158,3.6,421475
425.181947,7436938,27.8,341720
425.218311,2894482,10.2,370159
425.254627,1852569,6.2,368168
425.258174,1273498,3.9,422941
426.039668,1143612,3.4,489070
426.076114,2513731,8.7,375932
426.112472,2838859,10,329997
426.148899,2374482,8.2,371066
426.185424,1420122,4.5,467790
426.840894,3440609,12.3,321912
426.931565,4535284,16.6,369731
426.965723,1151995,3.5,386035
427.030963,2686985,9.4,368599
427.044268,1084427,3.2,487585
427.052075,6861837,25.6,354538
427.067326,4214800,15.3,385595
427.077776,1072914,3.2,396831
427.08843,11209748,42.4,349123
427.10373,3120152,11.1,396915
427.124762,11901980,45.1,344815
427.139993,2340383,8.1,377473
427.153035,1038370,3,265764
427.16118,8201252,30.7,342865
427.176326,2069543,7,342176
427.197646,4010027,14.5,387628
427.23412,2036275,6.9,364518
427.840393,1124784,3.4,433186
428.055378,1141980,3.4,470835
428.070672,1158879,3.5,391032
428.091753,1876707,6.3,345256
428.10705,1068007,3.2,438780
428.128157,2565355,8.9,394666
428.16448,1669362,5.5,421413
429.009961,1151137,3.5,424922
429.031357,1504677,4.8,381767
429.046551,4844968,17.8,358733
429.067683,6852013,25.5,354004
429.08291,5899696,21.8,351003
429.104017,8558004,32.1,341115
429.119327,4561335,16.7,334396
429.132617,1298106,4,300506
429.140511,6327740,23.5,369565
429.155764,3794367,13.7,357751
429.176815,3845571,13.9,373459
429.192105,2889158,10.2,382905
429.213329,2073035,7,382815
429.228595,1487822,4.8,433060
429.24956,1785298,5.9,378339
429.285882,1245145,3.8,444852
430.049953,1104502,3.3,411887
430.071008,1483899,4.8,432455
430.086322,1318270,4.1,305751
430.107265,1474178,4.7,405531
430.143885,1313930,4.1,419207
430.195407,1096596,3.3,323650
431.025783,3145534,11.2,324081
431.047,2057027,7,392632
431.062203,8169286,30.6,365278
431.083359,4094794,14.9,348112
431.0986,7903053,29.6,357668
431.119776,3655506,13.2,357830
431.134988,6526805,24.3,336475
431.148197,1226583,3.8,369748
431.156196,2666329,9.3,228220
431.171366,6084444,22.6,349704
431.184366,1103711,3.3,362303
431.192533,1697632,5.6,356570
431.207761,3654500,13.2,372048
431.229004,2077544,7.1,355991
431.244195,1099371,3.3,433253
432.065546,1547283,5,432414
432.101961,1609242,5.2,361685
432.138281,1398818,4.4,311212
432.151188,1248548,3.8,380673
432.174637,1499177,4.8,454409
433.041502,6455513,24,352993
433.077865,10164449,38.3,336621
433.098976,1477349,4.7,354885
433.114244,9875688,37.2,344676
433.127331,1073899,3.2,348579
433.135291,1278188,4,435819
433.150692,8902895,33.4,345837
433.186972,6281463,23.3,339263
433.223384,3272958,11.7,344914
434.044845,1501605,4.8,383196
434.081241,2042796,6.9,208135
434.117606,2006451,6.8,407373
434.153959,1838523,6.1,370258
434.190355,1698754,5.6,394667
435.020796,2436713,8.4,377613
435.057135,9841265,37.1,337650
435.093481,12173944,46.1,339476
435.129884,12628607,47.9,339328
435.166286,10490502,39.6,349261
435.202638,5737102,21.2,342448
435.239006,1788053,5.9,172662
436.060513,2037050,6.9,358006
436.096893,2387777,8.2,385270
436.133218,2586441,9,348036
436.169525,2496848,8.7,322087
436.205856,1398359,4.4,347575
437.036412,5422077,20,351089
437.051738,1741824,5.8,394431
437.072784,12383236,46.9,333810
437.088169,1291783,4,189943
437.109155,13566987,51.5,332102
437.145527,13976594,53.1,340106
437.181939,9319449,35.1,335505
437.218264,4107297,14.9,350927
438.039885,1468099,4.6,354691
438.076118,3041483,10.6,340630
438.104648,1139920,3.4,362068
438.112493,2960594,10.3,341451
438.148922,3131609,10.9,331853
438.185308,2058976,6.9,386021
439.030895,1552519,4.9,347307
439.052051,9096587,33.6,345415
439.067349,2271118,7.7,363172
439.08842,13219218,49.3,349635
439.103608,2141077,7.2,308022
439.124817,13981081,52.2,347508
439.140031,1275292,3.9,370400
439.161201,11183520,41.6,345738
439.197563,5859751,21.3,320784
439.233941,2665902,9.2,370595
439.258234,16070067,60.2,336493
440.055559,1931343,6.4,375631
440.083627,1097812,3.2,309407
440.091685,2766422,9.6,352574
440.128177,2929245,10.2,393536
440.164501,2873956,10,352560
440.200894,1068651,3.1,378902
440.237459,1062002,3.1,463103
440.261626,3711607,13.1,350470
440.856488,6078186,22.2,322396
440.947476,1187836,3.5,371524
441.031338,3001100,10.4,326962
441.046552,3479311,12.3,348561
441.06768,9572115,35.4,351456
441.082917,3794710,13.5,348463
441.096301,1109017,3.2,367035
441.104081,12330778,45.9,339133
441.119346,2549533,8.7,364725
441.140447,10499873,39,338448
441.155715,1943844,6.4,266354
441.168893,1463591,4.6,438792
441.176851,6453032,23.6,357981
441.192231,1062443,3.1,279829
441.203332,1780013,5.8,332424
441.213173,3648303,12.9,364620
441.24967,1441078,4.5,382292
441.252793,2531639,8.7,370811
441.255336,5239607,19,331879
441.285863,1064765,3.1,363843
441.856072,1611179,5.2,409192
442.071095,1670100,5.4,346851
442.086191,1097431,3.2,343084
442.107353,2606043,8.9,369452
442.143827,2536418,8.7,363102
442.180197,1477609,4.6,356953
443.025801,2612362,9,365356
443.046971,3641486,12.9,345857
443.062244,5611665,20.4,337079
443.073017,1133459,3.3,370055
443.083363,8269973,30.5,342943
443.098622,4828312,17.4,337512
443.111716,1128090,3.3,206152
443.119766,7577756,27.9,335092
443.135037,4376735,15.7,349584
443.148137,1309345,4,415221
443.156116,5898403,21.5,345768
443.171325,3270822,11.5,318606
443.192482,3555498,12.6,321425
443.207696,2493613,8.5,362213
443.228901,1974960,6.5,350565
443.265206,1665207,5.4,358692
443.301673,1787070,5.8,323639
444.086913,1241170,3.7,214685
444.101984,1143381,3.4,425861
444.123134,1602393,5.1,345779
444.138277,1070940,3.1,463317
445.041485,5300741,19.2,340799
445.062593,3459593,12.2,322318
445.077816,8133132,30,341188
445.099045,4485648,16.1,330924
445.11428,7260690,26.6,332624
445.135427,3711510,13.1,345938
445.150619,6232601,22.7,354783
445.171778,1928221,6.4,356984
445.186997,5435936,19.7,352162
445.20811,1640484,5.3,374116
445.223341,3109415,10.9,342942
445.244301,1185578,3.5,365839
446.045036,1131198,3.3,357405
446.081347,1875653,6.2,350132
446.117627,1665740,5.4,348914
446.153914,1583570,5,337199
446.190153,1580249,5,325736
447.020763,2817905,9.7,351814
447.05711,9307000,34.4,341647
447.078439,1879420,6.2,378966
447.093542,10222462,37.9,335372
447.114634,2102146,7,344117
447.129971,9608069,35.6,335002
447.134607,6024070,21.9,341190
447.143062,1205127,3.6,358095
447.150857,1127561,3.3,341940
447.166306,8172428,30.1,343515
447.202721,5421971,19.7,339269
447.239037,2540953,8.7,358379
448.060526,2047534,6.8,382773
448.096942,2165300,7.3,342335
448.133161,2413627,8.2,382802
448.137949,1363772,4.2,331958
448.16954,1792577,5.8,302267
448.206098,1705544,5.5,354869
449.036382,5616861,20.4,350049
449.049585,1085919,3.2,328647
449.051782,1143520,3.4,374261
449.072771,11734243,43.7,331978
449.109184,12238058,45.6,335489
449.145559,11619568,43.2,330737
449.150344,1666289,5.4,377104
449.181975,8711415,32.2,335778
449.218322,5141758,18.6,343045
449.254828,1917188,6.3,363703
450.07608,2860438,9.9,357285
450.112576,2814364,9.7,336425
450.140528,1136289,3.3,342410
450.148916,2588066,8.9,364634
450.18523,2029481,6.7,361926
450.221586,1283759,3.9,193836
451.015733,1142587,3.4,334609
451.03087,1278013,3.9,389453
451.052064,8869441,32.8,327622
451.067317,1507396,4.8,366660
451.088449,13684295,51.1,329875
451.103791,1370186,4.2,327740
451.124809,14315086,53.5,336933
451.161215,11857492,44.1,331855
451.197581,7202395,26.4,331043
451.233962,2957921,10.3,378896
451.270273,1368679,4.2,372427
452.055465,1897712,6.1,372258
452.083801,1447157,4.4,347945
452.091869,2947318,10.1,331481
452.128199,2851580,9.7,309652
452.164554,3036931,10.4,350963
452.200925,1812233,5.8,361950
453.031311,3621784,12.6,357430
453.046528,2395547,8,314337
453.067717,11972510,43.8,328435
453.08303,2474913,8.3,378586
453.104061,14712740,54.1,321470
453.119389,1897383,6.1,302312
453.140484,14172075,52,341737
453.17688,9398193,34.2,334402
453.213256,4858807,17.2,335691
453.249566,1970621,6.4,343793
454.071102,2187338,7.2,356711
454.107391,2969680,10.1,354645
454.143785,3352662,11.6,316094
454.180267,2205276,7.3,364263
454.216687,1159266,3.4,392532
454.872222,4619473,16.3,356505
455.025784,2204395,7.3,329016
455.046936,5976302,21.4,332993
455.062178,3874033,13.5,336389
455.083348,12300532,45,321697
455.098628,3184887,10.9,352290
455.119777,12828922,47,325822
455.134965,2248445,7.4,341354
455.148241,1078015,3.1,329228
455.15617,10440961,38.1,336832
455.171444,2211075,7.3,359393
455.192546,5511431,19.6,344607
455.207456,1415945,4.3,388441
455.228944,3053837,10.5,354902
455.265127,1374995,4.2,320349
455.268573,2515732,8.4,334569
455.871801,1943928,6.3,376764
456.086729,2368412,7.9,315978
456.10187,1076383,3.1,349098
456.123052,1993634,6.5,357859
456.159482,2285480,7.6,353891
457.026273,1385016,4.2,371003
457.041497,4588091,16.2,337331
457.062685,6115902,21.9,313646
457.077969,5388865,19.2,336791
457.099042,9355844,34,333439
457.114281,5152327,18.3,332619
457.1354,7916106,28.6,323436
457.150642,3816012,13.3,311320
457.164002,1112143,3.2,194860
457.171746,5526096,19.7,347065
457.187113,2670162,9,302529
457.208173,3434070,11.9,347606
457.223496,2052696,6.7,313238
457.244629,2091612,6.9,312993
457.280955,1542754,4.8,342011
457.317232,1759336,5.6,331623
458.044802,1103583,3.2,326121
458.065569,1118626,3.2,259736
458.081351,1454821,4.5,392711
458.102293,2106088,6.9,365846
458.117541,1345515,4.1,310337
458.138614,1585902,5,366772
458.175205,1262324,3.8,405896
458.203389,1091321,3.1,332535
458.867147,2222949,7.3,352097
459.02071,2305405,7.7,352175
459.042006,1311617,3.9,319984
459.057174,7273347,26.2,317357
459.078299,5108615,18.1,335523
459.09357,7861129,28.4,330925
459.114709,4791181,16.9,346743
459.129982,6421391,23,322226
459.143178,1076881,3.1,418788
459.151104,3967891,13.9,344685
459.166337,5411733,19.3,318156
459.17933,1081751,3.1,305797
459.187402,2110872,6.9,380602
459.202711,3952539,13.8,343662
459.22391,1677214,5.3,352324
459.239095,2252193,7.5,364245
460.06052,1350693,4.1,306998
460.081616,1343016,4.1,383462
460.097001,1755690,5.6,341643
460.11803,1153070,3.3,426007
460.133266,1697328,5.4,387661
460.15446,1086772,3.1,357282
460.169702,1558582,4.9,417983
460.205963,1165628,3.4,380811
461.036445,5033152,17.9,321857
461.057499,1168067,3.4,420186
461.072826,9721030,35.4,330740
461.093955,2271433,7.5,336402
461.109199,9215180,33.5,316608
461.122156,1267918,3.8,256804
461.130315,1660111,5.2,325079
461.145601,8424657,30.5,338698
461.166801,1463509,4.5,174538
461.181985,7091415,25.6,325478
461.218374,4932829,17.5,334383
461.254792,1744099,5.6,364986
462.039766,1376862,4.2,339324
462.075968,2148708,7.1,308443
462.104576,1112681,3.2,365040
462.112517,2014058,6.6,328266
462.14888,2125680,7,273311
462.185333,2841973,9.7,348970
462.221601,1130363,3.3,387668
463.015814,1879543,6.1,287828
463.0521,9033213,32.8,314492
463.08848,11322882,41.4,336545
463.124849,11089416,40.5,342154
463.138134,1081866,3.1,347060
463.161262,10274317,37.5,321177
463.174476,1133328,3.3,171537
463.197624,6698515,24.1,333647
463.210637,1333525,4,349710
463.234033,3967513,13.9,340732
463.26938,2152990,7.1,416231
464.055467,1839768,5.9,352967
464.08392,1071516,3,410366
464.091856,2272925,7.5,388110
464.128175,2620067,8.8,359788
464.164566,2568873,8.6,359603
464.201086,1687214,5.3,367708
464.23746,1099316,3.1,245543
465.031348,4185901,14.7,340567
465.046767,1123120,3.2,385480
465.067769,11396915,41.6,320749
465.082946,1319221,4,374818
465.104138,13289272,48.7,324757
465.11953,1201467,3.5,442199
465.14053,13158206,48.2,320294
465.17688,9793348,35.7,320093
465.190091,1312582,3.9,113525
465.213304,6115145,21.9,344522
465.249644,2444623,8.2,311760
465.30467,4917079,17.4,347000
466.071029,2621387,8.8,332703
466.107515,2815953,9.6,319499
466.143857,3131350,10.7,312377
466.180323,2686940,9.1,346269
466.21684,1507553,4.7,310039
466.307914,1305583,3.8,394730
467.025807,1525339,4.6,379479
467.047053,7026782,24.9,331098
467.06224,2673760,8.9,340629
467.083344,13031523,46.9,329771
467.098588,2172006,7,352241
467.119727,12916841,46.5,312617
467.134957,1341035,4,182631
467.156134,11479150,41.2,321451
467.192532,7356532,26.1,315204
467.228949,3382393,11.5,311591
467.26528,1296511,3.8,250066
468.050429,1290484,3.8,409030
468.079068,1086456,3,392158
468.086645,2511097,8.3,316155
468.11509,1129725,3.2,407725
468.123081,2778366,9.2,328177
468.15946,3132676,10.5,340022
468.195814,1707273,5.3,397799
468.887823,1823599,5.7,350406
468.97629,1128316,3.2,410572
469.026132,2066820,6.6,302760
469.041487,2943366,9.9,342341
469.062681,8733065,31.1,316577
469.07789,4151691,14.3,340796
469.099026,11901326,42.8,315393
469.114286,2719121,9,282832
469.135467,10406292,37.3,313349
469.150684,1774486,5.6,355901
469.171826,7872921,28,293558
469.187163,2127259,6.9,297289
469.208193,3963295,13.6,336534
469.244599,2397092,7.8,308117
469.281021,1688489,5.2,383804
470.06598,2084380,6.7,387793
470.081167,1191710,3.4,343052
470.102437,2236449,7.3,307678
470.138754,2332199,7.6,362542
470.175115,1792044,5.6,337158
471.020896,1624230,5,339172
471.033708,1095848,3.1,324059
471.041925,2769577,9.2,315967
471.057184,5182124,18.1,332293
471.078365,8215215,29.2,328285
471.093639,4487857,15.5,315398
471.114721,8473268,30.2,304439
471.129997,3795638,13,331453
471.151066,6251193,22,318300
471.166356,3331771,11.3,331131
471.179486,1309373,3.9,370393
471.187413,4045502,13.9,318573
471.202653,2534081,8.3,349927
471.223824,2287812,7.4,182351
471.239138,1636550,5.1,368282
471.260304,1801417,5.7,380495
471.296437,1096398,3.1,378798
471.333175,1329363,3.9,395476
472.060316,1137468,3.2,215931
472.081788,1164351,3.3,192984
472.118049,1580868,4.8,297662
472.154453,1386825,4.1,168210
472.19081,1113422,3.1,372455
472.882721,2146225,6.9,355286
473.007713,1105859,3.1,411191
473.036492,3909575,13.4,349393
473.057498,3184586,10.7,320231
473.07289,7041996,24.9,315489
473.093956,5542863,19.4,307819
473.109211,6429649,22.7,307662
473.130355,4317140,14.9,185354
473.145591,5757910,20.2,304579
473.158503,1155672,3.3,236627
473.166708,3033049,10.2,327749
473.181973,4920284,17.1,329544
473.203065,1738206,5.4,323580
473.218289,3215329,10.9,175433
473.239432,1409508,4.2,365543
473.254758,1830374,5.8,362744
474.076135,1794650,5.6,326626
474.09736,1289821,3.8,394179
474.112611,1627231,5,380361
474.133776,1171554,3.3,412828
474.149025,1090276,3,253223
474.18537,1443689,4.3,280478
474.221841,1198702,3.4,418334
475.015658,1473757,4.5,316321
475.052147,7425250,26.3,325561
475.073361,2036965,6.5,300491
475.088513,9647335,34.5,323224
475.109637,2573546,8.5,300379
475.1249,7859436,27.9,307943
475.146068,1509871,4.6,312903
475.16125,9147633,32.6,317287
475.182374,1108212,3.1,249039
475.197633,5829879,20.5,326770
475.23394,3585275,12.2,327590
475.270333,1182464,3.4,440461
476.055534,1643373,5.1,335743
476.091862,2232690,7.2,315871
476.128208,2699639,9,359826
476.164719,2256764,7.3,351319
476.200929,1407873,4.2,269486
476.237366,1316230,3.9,384830
477.031402,3640820,12.4,292574
477.067769,10907129,39.1,316913
477.104161,10173949,36.4,321956
477.140532,10030594,35.9,320221
477.17692,8488455,30.2,304364
477.213262,6448653,22.7,317504
477.249627,2773522,9.2,329385
478.034668,1119612,3.2,343532
478.071142,2796161,9.3,322347
478.10739,2609798,8.6,332019
478.14383,2363019,7.7,300544
478.180224,2626704,8.7,320021
478.216841,1888405,6,349767
479.047027,7034630,24.9,293462
479.06236,1279495,3.7,295818
479.083377,12463882,44.8,308538
479.098625,1273100,3.7,293595
479.119805,12803855,46.1,324161
479.13501,1179921,3.4,349311
479.156209,11398932,40.9,314413
479.192556,7575321,26.9,304024
479.22898,4209438,14.5,316161
479.265428,1963811,6.3,362835
480.050082,1761420,5.5,249046
480.086742,2929553,9.8,310455
480.123152,2551702,8.4,312132
480.159531,2946971,9.9,293951
480.196028,1796767,5.6,257045
480.232361,1114660,3.1,244684
481.026286,2566158,8.5,349036
481.041503,1458192,4.4,373198
481.062679,10207251,36.5,318152
481.077896,2702357,9,317054
481.099047,13381655,48.2,313644
481.114218,1935386,6.1,349269
481.135435,13254684,47.7,315552
481.150718,1406494,4.2,145205
481.163782,7688224,27.3,284765
481.171811,9826337,35.1,308936
481.187281,1423907,4.3,356274
481.208223,6107174,21.5,326049
481.244589,3039275,10.2,326815
481.281082,1409840,4.2,226739
482.066077,2124439,6.8,359964
482.102385,3005596,10.1,335274
482.138792,3105953,10.4,333765
482.16729,2030244,6.5,232214
482.175159,2865317,9.6,352265
482.211651,1616554,5,429104
482.247928,1200815,3.4,388538
482.991624,1217040,3.5,327379
483.020877,1775380,5.5,187438
483.04201,4708631,16.1,304985
483.057189,3921177,13.2,319446
483.078367,10268956,36.2,313297
483.093588,3526942,11.8,315905
483.114708,11305248,40,305344
483.129915,2690338,8.8,373381
483.151069,9847077,34.7,315417
483.160823,2204966,7,337781
483.166213,1776423,5.5,251783
483.1874,6447402,22.4,321457
483.202516,1615916,4.9,252436
483.223964,3046703,10.1,324686
483.239169,1103409,3,368678
483.260258,2230579,7.1,354806
484.045331,1328537,3.9,306946
484.081644,2254238,7.2,338998
484.118063,2377123,7.7,351658
484.154454,2610599,8.5,318540
484.190798,1626028,4.9,387637
485.012556,1105430,3.1,248358
485.03652,3508761,11.8,325851
485.057616,5333532,18.4,315893
485.072868,5163550,17.7,317384
485.09395,9386528,33,302093
485.10922,4584995,15.6,310806
485.122723,1242660,3.5,341042
485.130296,8157733,28.6,311890
485.145523,3620391,12.2,304333
485.158678,1355305,4,406584
485.166688,6074922,21,299668
485.181975,2923052,9.6,286139
485.203048,3789359,12.8,338685
485.21837,2368048,7.6,298179
485.239509,2177587,6.9,313541
485.254706,2106421,6.7,353688
485.275945,1643576,5,346618
485.27937,1945656,6.1,345031
485.348672,1169985,3.3,410143
486.060865,1400988,4.1,340603
486.076041,1331102,3.9,240272
486.097214,1848993,5.7,351922
486.133598,2161318,6.9,351123
486.170133,1356970,4,277101
486.898368,2085639,6.6,320712
487.015876,1384214,4.1,287200
487.036704,1313816,3.8,304273
487.052045,6417178,22.3,318348
487.073226,5112605,17.6,320516
487.088508,6757151,23.5,302471
487.109593,5878562,20.3,308362
487.124847,6314787,21.9,305051
487.146026,3966758,13.4,296582
487.161201,4890408,16.8,272962
487.174425,1287978,3.7,269768
487.182319,2892587,9.5,301613
487.197659,4426541,15.1,316989
487.218736,1676079,5.1,367690
487.234067,3345201,11.2,331608
487.255173,1751860,5.4,352734
487.270415,1649974,5,381661
487.291665,1163064,3.3,417344
487.30553,1192250,3.4,373387
488.055656,1640345,5,326539
488.091915,1469853,4.4,156133
488.113148,1544608,4.6,337922
488.128181,1475490,4.4,206063
488.164688,1643174,5,278840
488.200954,1304491,3.8,341063
488.23727,1116335,3.1,309776
489.03145,3818515,12.9,312603
489.067769,9548823,33.6,315297
489.088919,2752538,9,326696
489.104162,8614940,30.2,297967
489.12537,2697247,8.8,311915
489.140544,7994401,28,310817
489.153507,1119522,3.1,148278
489.161707,1682467,5.1,325024
489.176945,6716453,23.4,304353
489.213353,5235754,18,304301
489.249731,3143726,10.4,313482
489.28599,1442867,4.3,339856
490.071226,2187924,7,313467
490.107434,1966744,6.2,329961
490.143956,1733277,5.3,245445
490.180165,1680034,5.1,333629
490.216519,1371814,4,324160
491.04702,7390477,25.8,295945
491.083422,11212049,39.6,301967
491.119776,10306837,36.4,294093
491.156158,9944346,35.1,299246
491.192538,7482655,26.1,309615
491.205632,1189920,3.4,355962
491.228855,5040419,17.3,284863
491.265271,2253095,7.2,306352
492.050322,1900423,5.9,332193
492.086787,2661772,8.7,289142
492.123256,2719120,8.9,315161
492.159461,2594709,8.4,277354
492.195915,1892761,5.9,379088
492.232127,1522078,4.6,354397
493.02628,2890238,9.5,318334
493.041746,1261568,3.6,176744
493.062683,10851843,38.3,295998
493.077953,1353221,3.9,338484
493.099047,12178951,43.1,306891
493.1147,1224457,3.5,327160
493.135448,11879948,42.1,301020
493.150875,1557261,4.7,288158
493.171833,10167824,35.9,311136
493.208199,7360021,25.7,305983
493.221349,1301526,3.8,363018
493.244561,3523097,11.8,313806
493.280822,1404957,4.1,395957
494.066012,2053244,6.5,349102
494.102397,3046017,10.1,310489
494.130792,1348740,3.9,339373
494.138755,3016325,10,325372
494.175076,2064521,6.5,325141
494.211598,1739406,5.3,297767
495.020858,1455343,4.3,315375
495.04189,5124850,17.6,290261
495.057217,2560755,8.3,315263
495.078345,11605750,41.1,301707
495.093639,2270456,7.3,292783
495.114721,12232442,43.3,291346
495.129857,1386748,4.1,286372
495.151068,11437823,40.5,295958
495.16629,1136128,3.2,335721
495.187475,8447747,29.6,290634
495.223798,4409096,15,317070
495.260141,2415372,7.8,316422
495.2966,1188112,3.3,401424
496.045567,1129322,3.1,162228
496.081689,2844526,9.3,351556
496.117955,3295090,11,312727
496.154466,2751351,9,340157
496.190872,1559419,4.7,279849
496.22723,1366911,4,330747
497.036388,2464735,8,338506
497.057588,7471074,26.1,316616
497.072884,3535844,11.8,303610
497.094008,11098086,39.2,296598
497.109217,3252200,10.8,302508
497.130381,11126762,39.3,299988
497.145602,2324972,7.5,267119
497.158831,1863150,5.8,292498
497.166775,8826863,31,311740
497.182001,1963504,6.2,308641
497.195157,1412082,4.2,301185
497.203151,5043187,17.3,293526
497.239533,3085303,10.2,294621
497.254611,1620473,4.9,295596
497.275861,1498620,4.5,348759
498.061033,1314392,3.8,341206
498.097301,2782301,9.1,337818
498.133723,2166881,6.9,333118
498.170114,2477157,8,297342
498.206461,1431145,4.2,334283
498.986862,1211333,3.4,337904
499.015978,1270216,3.6,267032
499.036786,2208459,7,289966
499.052056,4805837,16.4,284689
499.073241,7655631,26.8,304838
499.088484,5435601,18.7,308066
499.109612,8814803,31,302583
499.124809,4093141,13.9,299646
499.145993,7209176,25.1,308750
499.161262,3434714,11.5,295734
499.174339,1356507,4,351627
499.182406,4903132,16.8,310830
499.197648,2342110,7.5,313004
499.218885,2680032,8.7,306702
499.234006,2187490,7,337382
499.255167,2093284,6.6,270607
499.270332,1312486,3.8,349604
499.294986,1541865,4.6,332913
499.364299,1443569,4.3,399894
500.055348,1171778,3.3,369395
500.076399,1787716,5.5,306565
500.09181,1499462,4.4,379588
500.11287,2296137,7.3,300255
500.149358,1745741,5.3,327603
500.636031,1501573,4.5,332505
501.031306,3150259,10.4,284264
501.052544,2816438,9.2,332376
501.067722,7471544,26,302239
501.088878,5972410,20.6,298391
501.104125,6769084,23.4,278733
501.125277,5665214,19.5,307380
501.140486,5388736,18.5,303073
501.153637,1460161,4.3,348902
501.161639,3652034,12.2,325049
501.176858,4649412,15.8,305233
501.198035,2261959,7.2,290919
501.213316,3376584,11.2,283145
501.234393,1686987,5.1,345503
501.249746,2971085,9.7,325115
501.270834,1832911,5.6,349309
501.286216,1119185,3.1,428090
502.071104,1673259,5.1,301589
502.09235,1397294,4.1,347394
502.107408,1984048,6.2,346057
502.12857,1412146,4.1,321335
502.144305,1264692,3.6,272063
502.164755,1248310,3.5,367753
503.046984,6640284,23,282355
503.068053,1879710,5.8,326985
503.083439,8768160,30.6,309895
503.104468,3372706,11.2,304320
503.119787,8037028,28,303128
503.140958,2484902,8,312760
503.156179,7281320,25.3,289976
503.177283,1305259,3.7,288754
503.192542,6091436,21,294472
503.213604,1159087,3.2,154510
503.228968,4503217,15.3,294721
503.265275,3120821,10.3,340430
503.301749,1205689,3.4,341389
504.050403,1601806,4.8,411841
504.086853,2422035,7.8,311547
504.123078,1945367,6.1,345986
504.159491,1972507,6.2,270104
504.196137,1334047,3.9,340099
504.232301,1352227,3.9,293095
505.026224,2675581,8.7,331697
505.062698,9644930,33.8,300271
505.084024,1223044,3.5,333704
505.099032,10566534,37.1,292348
505.119843,1101704,3,179651
505.13541,10042250,35.2,296349
505.171809,8629134,30.1,288552
505.20822,6374290,22,303275
505.221532,1283476,3.7,315442
505.244609,4312982,14.6,299203
505.281084,1967514,6.1,339095
506.066119,2519027,8.1,309747
506.102435,2456567,7.9,324092
506.138816,2312187,7.4,316019
506.175101,2110463,6.6,339846
506.19948,1173506,3.3,300530
506.211484,1807875,5.6,285004
506.24822,1121032,3.1,333050
507.041919,5358689,18.3,297601
507.057306,1170018,3.3,156598
507.078297,11746405,41.4,290110
507.093732,1434726,4.2,259711
507.114727,11742313,41.3,293264
507.130251,1279083,3.7,137648
507.151127,11201645,39.4,298089
507.18747,8692849,30.4,295487
507.223875,6036597,20.8,301213
507.260213,2559097,8.3,276041
508.045333,1577169,4.7,360074
508.081735,2774229,9,315801
508.117939,3354841,11.1,294182
508.154394,3129565,10.3,290103
508.190857,2284769,7.3,351145
508.227168,2037989,6.4,347048
508.263524,1365737,4,346447
509.021367,1361724,3.9,339663
509.036397,1845566,5.7,175287
509.057595,9366848,32.8,285394
509.072821,2683202,8.7,312300
509.093979,12713284,44.8,288495
509.109506,1763654,5.4,296778
509.130377,11259208,39.6,293799
509.1457,1671498,5.1,270458
509.166742,10057036,35.3,284489
509.181907,1265486,3.6,253167
509.203138,7079249,24.5,297645
509.239436,4011349,13.5,309120
509.275867,1850200,5.7,309810
510.060988,1735086,5.3,279200
510.097351,2914738,9.5,324747
510.133741,2843062,9.3,275926
510.17019,2210746,7,288349
510.206569,2270654,7.2,297160
511.036839,3437081,11.4,299150
511.052093,3352090,11.1,285411
511.073249,10325532,36.2,271915
511.088465,3775006,12.6,297251
511.109583,12176928,42.9,277789
511.124841,2960930,9.7,286513
511.145976,10202660,35.8,296049
511.161212,2101286,6.6,277303
511.182425,7362088,25.6,297684
511.197591,1390122,4,253835
511.210735,1126699,3.1,221589
511.218679,4504108,15.3,302089
511.234218,1481774,4.4,372474
511.255068,2177584,6.9,282977
511.291587,1300020,3.7,325687
512.076456,2200200,7,329281
512.092002,1149066,3.2,296193
512.113076,2792076,9.1,299355
512.149379,2338448,7.5,351521
512.18568,1898644,5.9,341817
512.222328,1630872,4.9,309751
513.031401,2774766,9,288948
513.044515,1145071,3.2,281196
513.052501,5238512,17.9,306203
513.067745,5428978,18.6,301120
513.088857,9596660,33.6,296970
513.101001,1245941,3.5,368994
513.104111,4880118,16.6,294908
513.125263,9436920,33,289010
513.140532,4007673,13.5,294382
513.154011,1216251,3.4,344434
513.161669,7474940,26,310304
513.17697,2511613,8.1,319001
513.190144,1378559,4,338556
513.198075,4185856,14.1,316752
513.213308,2876161,9.4,301727
513.226257,1376002,4,316159
513.234464,2430723,7.8,308110
513.24988,1840901,5.7,185577
513.270701,1647879,5,327758
513.286089,1147913,3.2,348134
514.071212,1323355,3.8,326825
514.092279,1952605,6.1,360378
514.107631,1442143,4.2,352699
514.128935,2084193,6.5,166796
514.143853,1240931,3.5,275392
514.165194,1658725,5,297486
514.201312,1333609,3.8,338214
514.216759,1234282,3.5,403093
515.04699,5615553,19.3,299710
515.068185,5124035,17.5,293107
515.083409,6813637,23.6,300738
515.104476,6809543,23.6,291113
515.119868,5670856,19.5,289276
515.140959,5734346,19.7,292846
515.156193,5328844,18.2,301745
515.177333,3450830,11.5,313496
515.192681,4276176,14.4,275849
515.205579,1135569,3.1,365871
515.213797,2421714,7.8,314417
515.229031,3810259,12.8,335355
515.250198,1539542,4.6,356823
515.265325,2781143,9.1,314020
515.30166,1815003,5.6,294461
516.086969,1880107,5.8,351962
516.107816,1899565,5.9,333964
516.123026,1378863,4,143542
516.14427,1429041,4.2,281042
516.159565,1447987,4.3,265929
516.195888,1657910,5,332311
516.23242,1377338,4,343848
517.02634,3030154,10,337534
517.062674,8708238,30.4,294020
517.083787,3545232,11.8,314295
517.096085,1288337,3.7,533503
517.09907,9070737,31.7,291826
517.120227,3118228,10.3,320565
517.135428,7278741,25.3,287435
517.1567,2339991,7.5,309577
517.171872,6369433,22,303358
517.184826,1363610,4,321070
517.208238,5345437,18.3,285991
517.244737,3443872,11.4,271432
517.2811,2537636,8.2,322794
517.317354,1215655,3.4,381004
518.066152,1986290,6.2,337456
518.102497,2174710,6.9,308547
518.138958,2085113,6.6,296213
518.175069,1812221,5.6,305278
518.211573,1446656,4.3,402137
518.247756,1274628,3.6,364077
519.04204,5714258,19.5,298750
519.062737,1212756,3.4,314748
519.075162,1328469,3.8,528082
519.07837,11424085,40,295801
519.099306,1371735,4,234481
519.114735,8786265,30.5,291397
519.151093,8819036,30.6,299440
519.187529,7610720,26.3,273569
519.223875,5667171,19.3,293005
519.260274,4007271,13.4,291365
519.296554,1680234,5.1,293348
520.045313,1511346,4.5,332331
520.073419,1405621,4.1,220094
520.081621,3274166,10.8,312464
520.118046,2304442,7.3,304624
520.15447,2711997,8.8,304049
520.190828,2272704,7.2,297829
520.227357,1376452,4,263443
521.021267,1884175,5.8,322977
521.057636,8778258,30.5,292098
521.072906,1306132,3.7,285652
521.093994,11842070,41.5,282307
521.109361,1390103,4,289768
521.13036,10304025,36,283531
521.145522,1106331,3,156220
521.166714,9814557,34.2,296599
521.203125,7551520,26.1,292019
521.231468,1179683,3.3,337126
521.239502,4680228,15.8,306325
521.275887,2347559,7.5,292658
522.061068,2054256,6.4,337568
522.0973,3223155,10.6,304307
522.133787,2647671,8.5,303806
522.170194,2520698,8.1,300617
522.206677,1856637,5.7,314157
522.242778,1403009,4.1,323443
522.828905,2322102,7.4,286364
522.986765,1232069,3.5,338051
523.023493,1105096,3,342993
523.036908,3752649,12.5,301771
523.052217,2257611,7.1,261219
523.073297,10941132,38.2,295420
523.088525,2125518,6.7,319382
523.109664,11981520,42,287548
523.12504,1962193,6.1,256676
523.142838,1364179,3.9,376341
523.146078,10142419,35.4,294065
523.161545,1442772,4.2,259904
523.182455,8465110,29.4,290006
523.197647,1262808,3.6,270284
523.218756,6406874,22,303871
523.255145,3129053,10.3,276219
523.291678,1384160,4,364744
524.040287,1178403,3.3,352733
524.076581,2723622,8.8,268132
524.105065,1363241,3.9,274633
524.112931,2670377,8.6,248916
524.1494,3082029,10.1,303265
524.185836,2436400,7.8,289145
524.222089,1486131,4.4,342326
524.2588,1282358,3.6,327523
525.031482,2258298,7.1,307771
525.05255,6278012,21.5,301324
525.067775,3641213,12.1,304254
525.088929,11465599,40.1,293310
525.104307,2480000,7.9,310912
525.125325,9716610,33.8,286501
525.140749,2295683,7.3,299639
525.161718,8631173,30,287776
525.177033,1881478,5.8,297092
525.190371,1231495,3.5,309579
525.198085,5888904,20.1,305341
525.226741,1384843,4,335933
525.234557,3755915,12.5,285641
525.262229,1129614,3.1,222050
525.271021,1995150,6.2,276919
526.055674,1398481,4.1,272506
526.092242,2376148,7.6,260241
526.12872,2121688,6.6,304454
526.164999,2380763,7.6,329973
526.2015,1851358,5.7,297977
526.981714,1355295,3.9,325618
527.031605,1405475,4.1,293932
527.047057,3866660,12.9,302544
527.068188,6808614,23.4,281589
527.083446,4854823,16.4,298181
527.104516,8778793,30.5,301300
527.119787,4283434,14.4,295434
527.140956,7412780,25.6,282621
527.156114,3207213,10.5,259540
527.165025,1181998,3.3,318454
527.177311,5155887,17.5,290662
527.192529,2486320,7.9,249024
527.213616,3258418,10.7,320079
527.229004,2023475,6.3,315155
527.249849,2045493,6.4,229215
527.265483,1578550,4.7,260545
527.286414,1612856,4.8,334704
528.050441,1173622,3.2,321295
528.071729,1275767,3.6,257654
528.086654,1179257,3.3,319163
528.107944,2115706,6.6,306477
528.123508,1268348,3.6,326826
528.144295,1844861,5.7,307125
528.180763,2207360,6.9,308769
528.997649,1109697,3,348019
529.0263,2613955,8.4,274429
529.039201,1196740,3.3,320050
529.047594,2107589,6.6,262670
529.062703,6157510,21.1,275136
529.083814,5366984,18.3,293581
529.099161,5995721,20.5,283457
529.120234,5555403,18.9,286080
529.135448,5891276,20.1,279429
529.156562,4562125,15.4,307407
529.171959,3898574,13,287333
529.19306,2571472,8.3,317114
529.208177,3720401,12.4,296738
529.221109,1418450,4.1,330644
529.22928,1883347,5.8,272272
529.244671,3035348,9.9,322055
529.265939,1246934,3.5,198318
529.280981,2083031,6.5,343296
529.305525,1307353,3.7,357815
530.066125,1391891,4,338037
530.087383,1718549,5.2,323617
530.102496,1575702,4.7,333691
530.123475,1418007,4.1,336640
530.138556,1581337,4.7,234319
530.159763,1235226,3.5,281639
530.175229,1117979,3,283492
530.211097,1408798,4.1,301504
531.042037,4846940,16.4,275554
531.063035,1655645,5,323653
531.078396,8432991,29.2,277782
531.099488,3301728,10.9,267852
531.114745,7499105,25.9,290975
531.135783,2891107,9.4,275596
531.151101,6221156,21.3,265667
531.172128,1594725,4.8,309403
531.187498,5100903,17.3,301928
531.200618,1180008,3.3,222074
531.223915,4644201,15.7,292412
531.260329,3494252,11.6,302348
531.296607,1805679,5.5,299824
532.045426,1109412,3,348082
532.081704,2345383,7.4,302104
532.118191,2236842,7.1,281124
532.154477,1443244,4.2,302784
532.191063,1603503,4.8,302118
532.227221,1835953,5.6,293749
533.021306,2010601,6.2,287076
533.057666,7177707,24.7,285086
533.094043,9500142,33.1,289087
533.115439,1274607,3.6,298280
533.127414,1186288,3.3,531661
533.130421,7667184,26.5,286779
533.1668,6520307,22.4,277818
533.203158,5125621,17.4,283620
533.239501,4604408,15.5,282330
533.275935,2556410,8.2,286839
533.312514,1276924,3.6,348863
534.061238,1663535,5,287390
534.097391,2953777,9.6,305758
534.133785,2423347,7.7,275397
534.170066,1941046,6,284956
534.206757,1638456,4.9,354472
534.242926,1355835,3.9,380501
535.036987,4298350,14.4,296950
535.052321,1243503,3.5,107792
535.070297,1648240,4.9,477656
535.073318,9786992,34.1,281156
535.088754,1464945,4.3,275884
535.109715,9254514,32.2,283439
535.125153,1182067,3.3,325203
535.14606,7859829,27.2,286183
535.179567,1641079,4.9,441891
535.182469,7595639,26.2,274456
535.218807,5121657,17.4,290067
535.255198,3730044,12.4,280395
535.291672,1702526,5.1,312340
536.076625,2721454,8.8,309574
536.113014,2279089,7.2,306746
536.149384,2543283,8.1,302246
536.185851,2216629,7,314998
536.222025,1559223,4.6,268413
536.844531,3947228,13.2,306587
537.015997,1344486,3.9,289696
537.031507,1230567,3.4,277954
537.052543,5975784,20.4,276404
537.067833,2120937,6.6,255572
537.08894,10131178,35.3,277710
537.104072,1879787,5.8,260106
537.125333,9565932,33.3,284864
537.140718,1447149,4.2,252956
537.161666,8683247,30.1,277995
537.198093,6620913,22.8,290721
537.234428,4342515,14.6,288270
537.270948,2381557,7.6,279736
537.844303,1363989,3.9,270555
538.056019,1644321,4.9,317653
538.092241,3032867,9.9,294379
538.128645,2122533,6.6,293238
538.165222,2356007,7.5,326878
538.201553,1875241,5.8,290262
538.23789,1680171,5.1,304825
539.031881,1841494,5.7,290623
539.046862,2072918,6.5,293596
539.068201,7251800,25.1,284981
539.083479,3289944,10.9,263921
539.104618,9301849,32.5,273009
539.12005,2193242,6.9,295607
539.141,8040283,27.9,277967
539.15632,2245980,7.1,275824
539.177389,6127453,21.1,276108
539.213761,4181855,14.1,268671
539.250174,2574177,8.3,267841
540.07165,1884043,5.8,317803
540.108029,2120588,6.7,308114
540.144498,1914766,5.9,312758
540.180543,1887632,5.8,320755
540.216864,1396114,4.1,322895
541.026245,1777592,5.4,309033
541.047416,2307001,7.3,305950
541.062795,4068282,13.7,268009
541.083862,7237563,25.1,286455
541.099243,4218812,14.2,294303
541.120257,7507901,26,287988
541.135623,3447741,11.4,284624
541.156722,6277055,21.6,284547
541.172048,2525119,8.1,273962
541.184867,1853376,5.7,289834
541.19307,3978176,13.3,283725
541.20838,1903041,5.9,332042
541.229471,2885570,9.4,271610
541.244627,1669570,5,338174
541.265636,1621443,4.9,271108
542.087263,2285544,7.3,318956
542.102572,1203689,3.4,307496
542.123606,1870314,5.8,294929
542.159939,1420267,4.1,274705
542.196582,1137389,3.1,301102
543.042047,3508240,11.6,294683
543.063153,3655697,12.2,299121
543.078499,5980177,20.5,285220
543.099523,5486610,18.8,289885
543.114794,5107731,17.4,274723
543.135922,5171220,17.6,287604
543.151273,4173844,14,304105
543.172351,2907157,9.5,291707
543.187756,3042326,10,286532
543.208694,2658327,8.6,291134
543.223974,2789399,9.1,296955
543.23723,1285656,3.7,299355
543.245151,1526296,4.5,302894
543.260395,2215961,7,339802
543.281344,1224473,3.4,263761
544.045263,1239095,3.5,322773
544.081841,1369656,4,287551
544.103025,1352761,3.9,356460
544.118156,1340729,3.9,273552
544.154458,1359931,3.9,236544
544.191158,1130300,3.1,295313
545.021345,1399897,4.1,323519
545.054588,1248346,3.5,457659
545.057734,6199387,21.3,277446
545.078789,2551899,8.2,310152
545.094165,7340124,25.4,287154
545.115266,3673181,12.2,307464
545.130537,6572125,22.7,280826
545.151615,2530398,8.1,261794
545.16694,5122142,17.4,295258
545.188199,1288287,3.7,363970
545.203319,4233312,14.3,256687
545.239652,3729505,12.4,268658
545.276047,2600034,8.4,313181
546.061044,1864827,5.7,301868
546.097459,2139772,6.7,279018
546.13403,1587325,4.7,291233
546.206538,1417343,4.1,251122
546.243117,1181056,3.3,307937
547.036933,3801239,12.7,274780
547.073307,9214104,32.2,270053
547.094912,1349400,3.9,190332
547.109771,8128665,28.3,279465
547.146174,7377050,25.6,281935
547.182452,5982363,20.5,279393
547.218882,5169308,17.6,279532
547.255371,2904221,9.5,262718
547.291555,1701534,5.2,225263
548.076633,2143409,6.7,272072
548.113151,2478258,7.9,296541
548.149704,1911475,5.9,310227
548.185827,2023604,6.3,330886
548.222332,1526965,4.5,291329
548.258664,1276598,3.6,337763
549.052542,6232263,21.4,277077
549.068046,1186503,3.3,112690
549.088958,10250439,35.9,273538
549.122171,1523912,4.5,428179
549.125313,8374472,29.1,279281
549.161737,8016073,27.9,277238
549.198146,6623434,22.8,278637
549.234498,4765898,16.2,295163
549.270893,3044555,10,283468
549.307463,1113292,3,277265
550.056029,1811161,5.5,312740
550.092385,2639066,8.5,294791
550.128635,2322650,7.4,294882
550.165109,1965787,6.1,292163
550.20146,1658075,5,334337
550.237797,1719004,5.2,284641
550.860175,3816677,12.8,289314
551.031886,2480360,8,288380
551.046889,1555688,4.6,253739
551.06816,8792296,30.6,279796
551.083578,2298088,7.3,290845
551.104589,10275048,36,284843
551.119764,1468137,4.3,290555
551.141004,8597737,29.9,277665
551.156573,1553641,4.6,288290
551.177383,7569642,26.2,283552
551.213765,5478634,18.7,284654
551.250251,3842282,12.8,292374
551.286769,1432299,4.2,160160
551.859888,1477873,4.3,308883
552.071346,2391795,7.6,263734
552.107848,2177267,6.9,293910
552.144279,2063092,6.5,282781
552.180616,2466036,7.9,296546
552.216676,1592052,4.8,266221
553.026514,1253114,3.5,130289
553.03357,1178106,3.3,204288
553.047471,3996922,13.4,287247
553.062786,2638074,8.5,259056
553.083863,9357562,32.7,276896
553.099214,2481403,8,305578
553.120253,8894715,31,274140
553.135667,2160891,6.8,251156
553.156597,7457019,25.8,268274
553.17194,1944315,6,277933
553.192996,5961979,20.5,270384
553.208105,1609467,4.8,284619
553.221388,1116411,3,316497
553.229431,3937531,13.2,272608
553.257679,1352955,3.9,308535
553.265745,2325755,7.4,329422
553.302126,1213948,3.4,319986
554.087229,2456830,7.9,297105
554.123666,2180350,6.9,256036
554.160019,2151678,6.8,300358
554.196522,1633534,4.9,259037
555.026169,1294590,3.7,241281
555.041985,2350334,7.5,262033
555.063234,4421886,14.9,284637
555.078433,4736254,16.1,264471
555.099588,7676158,26.6,263767
555.114815,3900669,13.1,280991
555.135926,7377150,25.6,262405
555.151385,3144957,10.3,284691
555.172356,5323005,18.2,293061
555.187665,1787133,5.5,305746
555.208774,3682557,12.3,276694
555.223941,1775357,5.4,290724
555.237178,1392381,4,282999
555.245109,2417917,7.7,312123
555.273361,1260797,3.6,312147
555.281545,1838845,5.6,274272
556.066525,1117945,3.1,362489
556.102815,2034425,6.3,296630
556.139219,1918713,5.9,301817
556.15459,1291001,3.7,265936
556.175797,1749753,5.3,176858
556.212152,1246456,3.5,332562
557.021146,1840881,5.7,325062
557.05765,5013745,17.1,265615
557.078766,4724977,16,283202
557.094047,5910769,20.3,258547
557.115143,5927153,20.3,275132
557.130481,4027632,13.5,266409
557.151571,4357360,14.7,278457
557.166876,3725552,12.4,287872
557.188051,2819312,9.2,308101
557.203366,2591984,8.4,293797
557.224202,1561327,4.6,238148
557.239742,2587887,8.3,287189
557.260897,1238255,3.5,171778
558.061159,1252069,3.5,253313
558.081978,1317604,3.8,326256
558.097476,1671908,5,305936
558.118628,1382628,4,294047
558.13375,1278692,3.6,160594
558.154612,1136867,3.1,392927
559.036941,2756309,8.9,234608
559.058065,1402068,4.1,284509
559.07333,6977748,24.1,282100
559.094426,3164372,10.4,256349
559.109795,5982420,20.5,268492
559.130759,3018963,9.9,278756
559.146052,5263571,18,265387
559.167226,1936082,6,283220
559.182437,4507858,15.2,270470
559.203657,1121490,3.1,381240
559.218813,3594449,12,280824
559.255298,2723025,8.8,309367
559.268571,1126096,3.1,299815
559.29146,1178832,3.3,279471
559.301686,1272016,3.7,325884
560.076806,2113727,6.8,261192
560.112862,1671870,5.1,313559
560.149476,1813182,5.7,312713
560.222244,1313468,3.8,258761
561.052569,5509287,19.2,269823
561.065713,1357479,4,149407
561.073695,1168294,3.3,254601
561.089002,8243366,29.2,271544
561.110126,1808037,5.6,322250
561.125391,6981797,24.6,270037
561.146602,1382052,4.1,319707
561.16178,5496996,19.1,265424
561.19815,4681891,16.1,273566
561.234546,3904674,13.3,265110
561.270972,2539681,8.3,269603
562.056036,1292938,3.7,253462
562.092382,2567305,8.4,295390
562.128686,2106503,6.7,305624
562.165196,2116230,6.8,277402
562.201424,1528453,4.6,243669
563.031924,1840745,5.8,261221
563.068267,7948392,28.1,277290
563.104562,8697958,30.8,271764
563.137996,1392741,4.1,351856
563.14096,6801509,23.9,278047
563.177403,5939300,20.7,261777
563.213832,5097571,17.7,269792
563.25014,3484769,11.8,278303
563.286492,2190944,7,294107
564.071785,1854530,5.8,318283
564.100035,1097793,3,258783
564.108042,2500161,8.2,259097
564.144509,1693759,5.2,346826
564.180919,2034750,6.5,289180
564.217193,1127228,3.1,299190
564.253604,1338939,3.9,301404
564.784916,1573413,4.8,295904
564.875918,2183713,7,272067
565.047458,3459098,11.7,272381
565.062911,1898521,6,277657
565.083877,8785944,31.2,259162
565.099038,1857047,5.8,225214
565.120266,7743511,27.3,256079
565.135685,1496086,4.5,227537
565.156675,6526997,22.9,279487
565.193058,4952083,17.1,267550
565.229466,3627026,12.3,238605
565.265774,2689040,8.9,268056
565.302243,1759758,5.5,262943
566.050542,1188844,3.4,292178
566.087077,1851882,5.8,294484
566.12368,2447849,8,262309
566.159945,1898471,6,299419
566.19631,1754085,5.4,300971
566.232577,1437155,4.3,318275
567.042106,1735611,5.4,287297
567.063159,5625786,19.6,269372
567.078439,2344889,7.6,283445
567.099586,8064952,28.5,271328
567.114952,2019255,6.4,260390
567.135921,6410167,22.5,265550
567.151381,2109366,6.7,302656
567.17234,5425077,18.9,285109
567.187726,1785268,5.5,323413
567.208747,4249523,14.6,283905
567.245008,2807729,9.3,282031
567.281231,1847727,5.8,271105
568.06649,1266565,3.7,311553
568.102876,1821571,5.7,265644
568.139064,1941889,6.1,266937
568.211874,1640829,5,307381
568.284269,1197689,3.4,248496
569.042531,1627982,5,319824
569.057718,3187533,10.7,266598
569.078842,5410636,18.8,269455
569.094136,3369803,11.3,259451
569.115177,6469450,22.7,270442
569.130559,2772809,9.2,282165
569.1516,5062472,17.5,268835
569.166841,2507591,8.2,262651
569.18797,3945286,13.5,280669
569.203354,1611589,4.9,261472
569.216155,1140548,3.2,306043
569.224441,2262340,7.3,259535
569.239172,1213251,3.5,264017
569.260901,1733441,5.4,294840
570.082127,1689360,5.2,308808
570.118622,1577742,4.8,310137
570.155152,1147660,3.2,177495
570.191475,1142537,3.2,235548
571.03695,2897620,9.6,267038
571.057969,2385619,7.7,294214
571.073407,4681426,16.1,262639
571.094432,4519632,15.6,275821
571.109821,4160207,14.2,235076
571.130981,4039374,13.8,269200
571.146264,3510989,11.9,283820
571.167256,3327692,11.2,272039
571.182325,2480843,8.1,259641
571.203593,2242249,7.2,284300
571.218837,1983176,6.3,308576
571.232069,1218759,3.5,328363
571.240031,1202631,3.4,259167
571.255212,1541830,4.7,323553
571.276621,1319108,3.8,216741
572.076527,1111951,3.1,223532
572.097844,1921166,6,265665
572.134184,1131147,3.2,362320
572.149071,1160330,3.3,290197
573.052754,4350540,14.9,260200
573.073874,2094666,6.7,332427
573.089036,5867081,20.5,256348
573.110192,3404360,11.5,269665
573.125404,4734535,16.3,264435
573.146606,2472517,8.1,275701
573.161825,4044356,13.8,251917
573.182952,1470531,4.4,272073
573.198211,2930242,9.7,282271
573.234711,2842175,9.4,291434
573.27092,1734204,5.4,249733
574.092404,1984001,6.3,293681
574.128619,1582078,4.8,298822
575.032057,2222523,7.2,309507
575.068305,6675896,23.4,268465
575.104699,6811062,23.9,255330
575.125667,1441716,4.3,279059
575.141078,5866931,20.5,268740
575.177404,4615600,15.9,293009
575.213852,3577261,12.1,266353
575.250123,3304874,11.1,272478
575.286574,1681831,5.2,253754
576.071497,2259307,7.3,274062
576.107872,2077544,6.6,279451
576.144352,1539941,4.7,337671
576.180833,1321314,3.9,306395
577.04752,4469021,15.4,244566
577.083905,8154394,28.9,261967
577.120271,7570711,26.7,276973
577.156588,5750036,20.1,271961
577.193097,4853009,16.8,271328
577.229401,4177166,14.3,275088
577.265688,2695435,8.9,269936
577.302141,1259272,3.6,334199
578.051178,1249482,3.6,358979
578.087207,2284743,7.4,271406
578.123747,2121412,6.8,273697
578.16013,1889985,5.9,243898
578.196347,1704638,5.3,293252
578.232854,1171643,3.3,330354
578.800911,2401419,7.8,287715
579.026794,1274488,3.7,294372
579.063205,6370421,22.3,264036
579.078616,1473651,4.4,258394
579.099479,8184946,29,267821
579.114934,1344368,3.9,221719
579.135888,7378031,26,270586
579.15127,1294957,3.8,274756
579.172343,5837932,20.4,267326
579.208741,4498536,15.5,278618
579.245053,3018853,10.1,263821
579.281426,1762402,5.5,277400
580.06649,1543710,4.7,261995
580.102987,2200091,7.1,264219
580.13946,1964056,6.2,265655
580.175793,1914388,6,231925
580.212129,1282065,3.7,311824
581.0424,2457544,8,263699
581.057637,2194886,7.1,266994
581.078793,6527940,22.9,266339
581.094012,2206659,7.1,245518
581.11515,6953921,24.5,248556
581.130556,1810880,5.6,238737
581.149026,2788286,9.2,296309
581.151612,5497790,19.1,270693
581.166853,1175996,3.3,315383
581.18806,5102523,17.7,273580
581.224396,3263415,11,262301
581.252691,1148853,3.2,247471
581.260746,2607028,8.6,280037
581.369172,2391978,7.8,285025
582.082095,1848682,5.8,289186
582.118683,1687910,5.2,312492
582.1551,1663843,5.1,281225
582.191216,1438560,4.3,261910
582.825381,2369317,7.7,263249
583.037137,1644306,5,259407
583.058155,2641680,8.7,262673
583.073456,3507982,11.9,235082
583.094572,6058764,21.2,263854
583.109684,2729739,9,290904
583.130802,5501705,19.1,259843
583.146179,2984712,9.9,272081
583.167179,4195078,14.4,272738
583.182457,2077444,6.6,270273
583.203582,3362562,11.6,265706
583.218651,1078785,3,243157
583.232041,1284351,3.8,325390
583.240076,2404095,8,279104
583.365925,1104115,3.1,269908
584.097863,1789614,5.7,326953
584.134086,1436331,4.4,281940
584.170598,1204903,3.5,273087
584.222118,1087650,3.1,296710
585.052604,2897491,9.8,288201
585.073704,2863697,9.7,248969
585.089044,4175440,14.6,252699
585.110163,4528718,15.9,250331
585.125267,3311180,11.4,278632
585.146553,3765834,13.1,278175
585.161869,3226185,11,243274
585.182805,2243143,7.4,287952
585.198081,2097221,6.8,273989
585.219307,1534531,4.7,241789
585.234714,1435202,4.4,284683
585.255824,1082432,3,360515
585.291877,1201980,3.5,292770
586.056443,1140978,3.3,208382
586.092281,1456623,4.4,287580
586.113566,1388525,4.2,313941
586.836613,1174438,3.4,244775
587.031992,1542547,4.8,278790
587.052759,1135505,3.2,311485
587.068359,4761999,16.8,250889
587.08952,2811277,9.5,154743
587.104587,4695436,16.5,250107
587.125731,2271626,7.5,269401
587.141243,3808648,13.2,276807
587.162083,2030470,6.6,292528
587.177256,3064197,10.4,297180
587.198472,1109378,3.1,312263
587.213899,2345345,7.8,274029
587.250187,1385341,4.2,255079
588.071761,1215788,3.5,313996
588.108008,1189672,3.4,199878
588.144541,1127973,3.2,167017
588.180979,1176865,3.4,285634
588.216952,1285406,3.8,315913
589.047578,3325131,11.4,267493
589.083946,6090951,21.7,274548
589.105254,1270469,3.7,324087
589.120295,5331139,18.9,263213
589.141565,1073857,3,329110
589.156714,4243648,14.8,291141
589.193156,3301564,11.3,256252
589.229568,2161848,7.1,249092
589.242542,1223351,3.6,316747
589.265857,1652405,5.2,309318
590.087214,1652834,5.2,302372
590.123793,1474654,4.5,245317
590.160087,1557594,4.8,300362
590.232468,1093203,3.1,220683
591.026908,1319938,3.9,277963
591.063294,4763647,16.8,271196
591.078234,1285629,3.8,153607
591.099663,6291451,22.5,264830
591.136081,5130231,18.2,273389
591.172378,4435956,15.6,259244
591.208717,3337200,11.5,276817
591.245122,2807788,9.5,276391
592.066697,1196952,3.5,328004
592.102904,2142612,7,282025
592.139325,1496977,4.6,257381
592.175714,1199245,3.5,231627
592.211962,1396617,4.2,251131
592.816314,1934155,6.2,214700
593.033524,1151285,3.3,229709
593.042532,1466164,4.5,300144
593.078903,5850928,20.8,249205
593.09429,1300783,3.9,297649
593.115325,6149933,22,257376
593.151721,5035817,17.8,266177
593.188135,3606309,12.5,294123
593.224325,2810657,9.5,276013
593.260921,1549085,4.8,293871
593.29716,1283866,3.8,336353
594.082302,1618633,5,259722
594.118771,1687237,5.3,292243
594.154848,1602753,5,247180
594.191338,1463998,4.5,203758
594.227688,1349818,4,296829
595.058195,3355236,11.5,263403
595.073353,2038371,6.6,296413
595.094546,5609057,19.9,267189
595.110061,2137695,7,248871
595.130934,4900445,17.3,248341
595.146265,1261147,3.7,272295
595.167383,4443737,15.6,280308
595.182588,1234519,3.6,275309
595.203799,3399253,11.7,290831
595.239833,2211409,7.3,288885
595.276453,1257038,3.7,333598
596.098096,1946105,6.3,265720
596.134256,1578997,4.9,229214
597.052577,2007446,6.5,272774
597.073664,3741076,13,258550
597.089043,2725266,9.2,261368
597.110099,5277072,18.7,259793
597.125305,1905039,6.1,311491
597.146649,3735948,13,259367
597.161918,2279819,7.5,289171
597.18279,3464585,11.9,250153
597.219362,2356613,7.8,296028
597.255779,1272705,3.8,283418
598.11316,1404713,4.3,221651
598.149628,1123621,3.2,252765
599.04554,1306825,3.9,275617
599.068392,4106439,14.3,260250
599.089461,3700932,12.8,249713
599.1047,3681475,12.7,258174
599.125768,3694785,12.8,259615
599.140961,3163327,10.8,261197
599.162256,2753725,9.3,281696
599.177453,1928891,6.2,280098
599.198496,1553081,4.8,141373
599.214073,1658552,5.2,304527
599.235061,1514677,4.7,247241
599.270993,1098162,3.1,283714
599.38073,1162406,3.3,320321
600.07164,1122912,3.2,351952
600.108038,1260124,3.7,283376
600.128985,1173082,3.4,280776
600.144137,1269592,3.7,249240
600.202128,1078866,3,267521
601.047709,2812924,9.5,275553
601.068561,1320442,3.9,294619
601.083946,4479993,15.7,266611
601.104892,2661366,8.9,264854
601.120291,4479989,15.7,261395
601.141358,1837043,5.9,275302
601.156743,3623921,12.5,274513
601.177723,1633007,5.1,210912
601.193061,2574317,8.6,258609
601.22973,1723882,5.4,245469
602.08707,1711507,5.4,274156
602.123987,1263759,3.7,231471
602.160084,1354123,4.1,278272
602.196199,1074056,3,351241
603.063231,4188977,14.6,265154
603.099695,5317421,18.9,271974
603.120892,1615659,5,243431
603.135941,4643626,16.3,268206
603.172391,3980070,13.9,248726
603.208656,3259170,11.2,252522
603.244995,1878815,6,311562
604.066542,1375949,4.1,282655
604.103056,1491657,4.6,315071
604.175766,1125570,3.2,259732
605.042437,1924204,6.2,243358
605.058498,1121387,3.2,281066
605.078799,5583465,19.8,251535
605.115213,5319270,18.9,250622
605.151725,4022882,14,258489
605.188119,3536478,12.2,248206
605.22449,2875995,9.7,258684
605.260673,1866839,6,255714
605.416309,1113160,3.2,93403
606.082469,1361927,4.1,309081
606.118805,1720324,5.4,236833
606.154959,1164800,3.4,286954
606.191298,1299453,3.9,239054
607.058105,3437993,11.8,256669
607.073674,1343400,4,275711
607.094449,5999014,21.4,260730
607.109732,1297828,3.9,266677
607.130821,4999586,17.7,267751
607.167204,4665759,16.4,262602
607.203672,2823579,9.5,238229
607.240171,2921880,9.9,249675
607.27633,1816468,5.8,275467
607.348469,1156494,3.3,278368
608.097618,1833287,5.9,266958
608.133988,1334083,4,259755
608.170489,1438016,4.4,297197
608.207338,1151804,3.4,312156
609.037486,1139951,3.4,287859
609.052766,1271022,3.9,329158
609.073769,4190444,15.1,264641
609.088816,1759466,5.7,255323
609.110183,5357800,19.6,254899
609.12555,1350887,4.2,271552
609.146556,4168933,15,250090
609.18297,2924770,10.2,275272
609.219246,2666718,9.2,247157
609.255631,1811675,5.9,263086
610.113846,1423500,4.5,246091
610.186141,1359494,4.2,279558
611.031659,1256762,3.8,203426
611.05338,1807416,5.9,254080
611.068397,2023991,6.8,251200
611.08946,4090933,14.7,253934
611.104898,1889331,6.2,216337
611.125842,4409394,15.9,254883
611.141117,2161200,7.3,257532
611.162215,3415086,12.1,266363
611.177484,1605165,5.2,280922
611.198726,1962027,6.5,292297
611.214152,1267242,3.9,308155
611.234912,1528872,4.9,211911
612.107914,1044443,3,150352
612.128928,1284570,3.9,122186
613.04749,1821067,6,277524
613.061131,1129610,3.3,220624
613.068498,1991561,6.6,296927
613.084003,3326856,11.8,275080
613.104966,3573638,12.7,238551
613.12026,3232645,11.4,270254
613.141277,3437443,12.2,262362
613.156633,2575233,8.9,271383
613.177825,2041728,6.8,283079
613.193051,1755006,5.7,286663
613.214388,1659261,5.4,258931
613.229492,1169275,3.5,294651
613.250126,1134458,3.3,192751
614.108863,1261106,3.8,241698
615.063506,3194596,11.3,224570
615.084422,1900770,6.3,250563
615.099613,3656417,13,238866
615.121074,1583327,5.1,255153
615.135913,3282654,11.6,261909
615.15723,1799389,5.9,238982
615.172448,2593499,9,260534
615.193587,1279194,3.9,310457
615.208968,1914584,6.3,292858
615.244999,1409238,4.4,285674
616.102848,1120402,3.3,257616
616.139681,1133199,3.3,274875
616.175771,1307788,4,292837
617.042128,1932874,6.4,243954
617.078858,4353608,15.7,257397
617.115277,4617797,16.7,237341
617.136605,1086275,3.2,244351
617.151694,3269186,11.6,258192
617.187938,2813503,9.8,273822
617.224377,2516540,8.7,233634
617.260892,1844282,6.1,249521
618.082246,1567741,5,248169
618.118572,1195515,3.6,339403
619.058035,2941368,10.3,259059
619.094535,5230006,19.1,246456
619.130794,4107699,14.8,230192
619.167276,3595696,12.8,254972
619.203658,2770350,9.6,282500
619.240312,1976747,6.6,299916
619.276289,1452457,4.6,329992
620.09767,1865585,6.2,254151
620.134156,1173871,3.5,298852
620.170558,1381740,4.3,258661
620.207094,1210986,3.6,233761
621.037007,1076532,3.1,289669
621.073956,4206898,15.2,237536
621.110182,5186863,18.9,245008
621.146581,4468013,16.2,236680
621.182984,3575083,12.7,274879
621.219505,2223400,7.5,251737
621.25592,1808166,5.9,215361
622.076916,1400051,4.4,259539
622.113863,1963249,6.5,257099
622.150207,1051374,3,367833
622.186414,1592556,5.1,263644
622.223273,1177322,3.5,311760
623.053131,1992889,6.7,234914
623.068652,1127096,3.3,245318
623.089639,4319415,15.6,234504
623.104994,1132470,3.3,268207
623.125934,4330677,15.6,235463
623.16236,3173554,11.2,251885
623.198789,2773168,9.7,278393
623.2352,2046126,6.9,276405
624.092607,1127550,3.3,313862
624.129025,1376380,4.3,247028
625.047547,1377354,4.3,285941
625.068932,2090568,7,250428
625.084019,2466888,8.5,267598
625.105125,4193351,15.1,255937
625.120587,1988166,6.6,229117
625.141411,3998789,14.4,244413
625.156526,1366596,4.2,243855
625.177855,2785347,9.7,290242
625.192926,1453122,4.6,237546
625.214305,2254913,7.7,269297
626.108368,1351698,4.2,216291
626.144964,1232401,3.7,319253
627.063295,2297827,7.8,277089
627.084232,2238434,7.6,228741
627.099703,2414561,8.3,265109
627.120843,2728928,9.5,280701
627.136129,2085855,7,217739
627.157237,2312159,7.9,242270
627.172278,2165726,7.3,264302
627.193639,1652701,5.3,270273
627.208737,1251804,3.8,276217
627.229714,1530843,4.9,264239
629.042927,1283463,3.9,216915
629.063754,1099142,3.2,277632
629.078865,2580357,8.9,261978
629.100062,1769348,5.8,284890
629.11528,2984836,10.5,245267
629.136308,1919363,6.4,262592
629.151756,2135938,7.2,246152
629.173304,1687937,5.5,241044
629.187947,2119553,7.1,282475
629.224005,1583999,5.1,231095
630.081756,1211226,3.6,255793
631.057984,2492209,8.6,230996
631.094599,3213104,11.3,244652
631.115658,1154863,3.4,320277
631.130747,2190126,7.4,238005
631.167308,2369325,8.1,249177
631.203705,1918763,6.4,289222
631.240538,1148970,3.4,222659
631.708749,1067287,3.1,300465
632.133571,1211142,3.6,257381
633.07384,2704098,9.4,276886
633.110173,3057377,10.7,244228
633.146593,2342624,8,258885
633.183202,1543902,4.9,223809
633.218964,1656029,5.4,132686
633.256132,1184987,3.5,228350
633.292137,1338586,4.1,244837
634.113512,1055676,3,250759
635.053229,1353883,4.2,328840
635.068313,1102746,3.2,207408
635.089379,3373721,12,257551
635.125777,3064472,10.8,251106
635.16202,2493079,8.6,266033
635.19865,1770134,5.8,265459
635.234954,1331860,4.1,285778
637.068876,2034263,7,288741
637.084195,1270870,4,279282
637.105354,2857558,10.3,244642
637.141584,3025493,11,251691
637.178086,1836627,6.3,283018
637.214241,1216594,3.8,327117
637.250802,1225297,3.8,290011
638.14511,1182773,3.7,234240
638.218191,1093426,3.3,102160
639.063663,1242136,3.9,285610
639.084505,2791960,10.1,231553
639.099584,1491479,4.9,268652
639.120893,3186198,11.6,258775
639.157121,2232853,7.8,226892
639.172603,1055253,3.2,284268
639.193708,1432084,4.7,325417
639.208771,1131540,3.5,324621
639.230048,1277971,4,314800
639.266165,1091602,3.3,283762
640.197069,1019894,3,253469
641.063759,1194972,3.7,298255
641.079041,2628060,9.4,227857
641.10003,2420699,8.6,230673
641.115417,2230747,7.8,259623
641.136519,1782234,6,271789
641.151846,1435098,4.7,261148
641.173091,1164505,3.6,218070
641.188384,1032665,3.1,299882
643.058021,1883043,6.4,243670
643.079711,1218979,3.8,262172
643.094509,2653602,9.5,231449
643.115557,1565090,5.2,283857
643.131069,1403809,4.5,278374
643.152104,1343904,4.3,264202
643.167656,1887648,6.5,240737
643.187987,1109151,3.4,247252
643.240374,1059742,3.2,262808
643.276544,1059741,3.2,244155
645.073802,2699627,9.7,254448
645.11021,2797930,10.1,267858
645.146602,2209129,7.7,252714
645.183019,1700200,5.7,243942
645.219439,1072487,3.2,284389
645.255144,1259110,4,214027
647.052888,1601844,5.3,122409
647.089732,3141939,11.5,246596
647.125976,2714930,9.8,238203
647.16257,2290993,8.1,267520
647.198663,1813808,6.2,179235
647.234801,1508143,5,270322
647.270874,1188654,3.7,145909
648.20169,1051412,3.1,205667
649.068945,1910012,6.6,225660
649.105137,3492091,12.9,234516
649.141541,2745594,9.9,246318
649.178132,2180345,7.6,246031
649.214471,1366263,4.4,282820
650.108993,1198558,3.7,262483
651.04783,1075651,3.2,233251
651.084477,2410690,8.5,260353
651.120784,3088577,11.2,227378
651.136263,1166528,3.6,278906
651.15708,2153152,7.5,245196
651.193803,1902783,6.5,238278
651.23028,1462462,4.8,295559
652.080526,1120165,3.4,242101
652.088251,1051300,3.1,266521
653.063647,1416327,4.6,305982
653.078704,1186951,3.7,309706
653.100086,2474118,8.8,255972
653.115355,1250438,3.9,267202
653.136252,2159749,7.5,238940
653.151834,1197188,3.7,234550
653.172961,1693828,5.7,301844
653.188222,1248899,3.9,268304
653.209347,1277059,4,335035
653.245932,1101442,3.3,259020
655.058098,1468489,4.8,267377
655.078758,1314120,4.2,179388
655.094855,1641544,5.5,235300
655.115553,1914951,6.6,253530
655.131476,1361990,4.4,275088
655.152045,1201222,3.7,240362
655.167395,1077829,3.2,271461
655.188473,1094213,3.3,293170
656.206959,1184803,3.7,209377
657.037544,1021959,3,236159
657.073946,1972742,6.8,252949
657.095275,1600005,5.3,272880
657.11054,1992196,6.9,251005
657.131357,1658372,5.6,224128
657.139523,1030659,3.1,300489
657.146542,1221635,3.8,273805
657.167692,1233154,3.9,217939
657.183085,1183746,3.7,212129
657.219379,1218561,3.8,275318
659.053486,1714623,5.8,263934
659.089599,2569149,9.2,244446
659.126089,2426812,8.6,248550
659.162446,2396091,8.5,242256
659.198617,1307065,4.2,274581
659.235408,1177528,3.6,138960
661.069009,2037617,7.1,238176
661.105087,3106671,11.3,256865
661.141577,1978222,6.8,229323
661.177924,1931116,6.6,267012
661.214163,1920363,6.6,229760
663.084408,2592540,9.3,264643
663.120864,2818842,10.2,261827
663.157025,2159385,7.5,250092
663.193649,1760023,6,205557
663.229578,1597717,5.3,230771
663.266606,1338644,4.3,190460
665.063824,1289409,4.1,260521
665.100175,2666175,9.6,237321
665.136777,2152125,7.5,272066
665.17291,1938107,6.7,253399
665.209706,1974970,6.8,244241
665.245635,1063096,3.3,321082
667.057985,1025116,3.2,292869
667.079534,1722459,6,255588
667.094284,1035354,3.2,204862
667.115315,1608793,5.6,210276
667.152171,1643607,5.7,269793
667.167531,1068119,3.3,237013
667.188566,1356885,4.5,234784
667.262,1056338,3.3,316429
669.095005,1585132,5.5,253597
669.11062,1512427,5.2,267753
669.131459,1857002,6.6,188588
669.167943,1238504,4,237705
669.182811,1211879,3.9,264216
670.793725,1075078,3.4,239927
671.089544,1867636,6.7,217326
671.12581,1332593,4.4,257416
671.162202,1071471,3.4,267007
671.268018,1935208,6.9,228796
673.068606,1043185,3.2,261136
673.105413,1352942,4.5,239091
673.141612,1558764,5.4,291779
673.177828,1140713,3.6,222880
675.084465,1750112,6.2,280125
675.121009,1711197,6,287799
675.157441,1511002,5.2,266016
675.193892,1009239,3.1,224596
677.100284,1377217,4.6,181416
677.13677,1199038,3.9,223153
677.173234,1355963,4.5,228394
679.115833,1734419,6.1,239219
679.151866,1629968,5.7,272121
681.095209,1314907,4.4,243981
681.13166,1538136,5.3,227195
683.089578,1266069,4.2,228208
683.110266,1424275,4.8,292744
685.105518,1146048,3.7,252118
685.214329,1261749,4.1,229037
687.084512,1506277,5.2,258557
687.121128,1484257,5.1,225925
687.193776,1570265,5.4,186516
689.100127,1380093,4.6,131512
689.136824,1412344,4.8,210064
689.172879,1528052,5.3,259674
689.245988,1013739,3.1,245581
691.079377,1043984,3.2,312651
691.115917,1353740,4.5,231721
691.152552,1025031,3.2,312046
691.188698,1024515,3.2,207287
693.095283,1280280,4.2,269429
693.131323,1536787,5.3,250755
695.110716,1553946,5.4,234345
695.146872,1205781,3.9,250305
698.606353,1091926,3.5,218804
699.084416,1168920,3.8,299137
699.157535,1028110,3.2,275081
701.100446,992783,3.1,231575
701.136567,1208587,4,243264
701.173371,1333510,4.6,244132
701.933778,976545,3,216025
703.0795,1176586,3.9,307197
703.115966,1359366,4.7,256811
703.152165,1034241,3.3,318591
705.095337,1483521,5.2,247971
705.131728,1485052,5.2,216305
706.13486,1156216,3.8,280201
707.111011,1289721,4.4,274003
707.147377,1164276,3.8,236823
708.447348,1019211,3.2,236384
709.069021,985850,3.1,301133
709.141818,991601,3.1,143587
714.80933,976937,3.1,122552
754.549368,968725,3,152829
825.513218,1040436,3.3,161548
832.881896,988183,3.1,208514
838.454646,988194,3.1,99873
838.847377,1048369,3.3,189751
849.36775,1006587,3.1,233991
933.411543,1015203,3.1,181447
952.867462,1032350,3.2,212057