"Inst_blank_0313_neg: 100 scans, H1=0.1, H2=0.5, TOF=0.0009, Q1=250, Ex Amp=8.75, neb=0.5 ",,,,,
"Acquired   03/13/2020,   10:35  AM",,,,,
#,m/z,I,S/N,Res.,
1,138.441572,486645,3,1042525,
2,139.31967,522719,3.3,1173962,
3,139.622233,495720,3.1,1207618,
4,139.756959,493836,3.1,658059,
5,140.145844,525187,3.3,1543129,
6,140.526009,824594,5.8,834341,
7,140.792092,586665,3.8,765145,
8,140.886328,15383273,128.2,1114011,
9,141.128746,1541756,11.9,958089,
10,141.250299,86367944,724.8,1150397,
11,141.250501,2114707,16.7,1304248,
12,141.252869,1023441,7.5,1096710,
13,141.253026,713688,4.9,1274566,
14,141.255299,819125,5.8,1243778,
15,141.264479,487150,3,1336703,
16,141.324321,491319,3,1032872,
17,142.98103,820662,5.8,1218603,
18,143.227186,548404,3.5,1279231,
19,143.45915,512848,3.2,1220794,
20,143.675905,514736,3.2,1394914,
21,144.405832,516103,3.2,1142695,
22,144.799263,514077,3.2,1271326,
23,145.02152,515112,3.2,884884,
24,145.118324,522583,3.3,750427,
25,148.52177,610550,4,528325,
26,149.600673,937256,6.8,1245428,
27,149.628286,494118,3.1,1490921,
28,151.132085,488806,3,1370043,
29,152.265407,515400,3.2,1290899,
30,153.427678,1081970,8,1128419,
31,154.01834,531582,3.4,840881,
32,154.377859,527723,3.3,1559485,
33,155.234284,566129,3.7,555958,
34,156.406896,533037,3.4,966055,
35,157.080007,493860,3.1,922974,
36,157.78999,493802,3.1,1001347,
37,158.31393,636041,4.3,862500,
38,158.384989,524509,3.3,1033457,
39,159.567499,1049063,7.7,721631,
40,160.017184,681879,4.6,648255,
41,160.306923,513527,3.2,1071504,
42,161.119973,513486,3.2,1280243,
43,161.198576,936286,6.8,485385,
44,161.99464,509278,3.2,885570,
45,163.646803,540115,3.5,968700,
46,163.90399,540240,3.5,1034654,
47,163.951008,495272,3.1,1227487,
48,164.405795,503333,3.1,990474,
49,164.618578,494941,3.1,1114896,
50,164.72311,514169,3.2,1123197,
51,165.74734,562740,3.6,875489,
52,167.1227,535369,3.4,947868,
53,167.161851,536597,3.4,724344,
54,167.436178,520690,3.3,1065431,
55,169.164472,492879,3.1,760702,
56,169.232412,506963,3.2,1111166,
57,170.433289,631027,4.2,1045023,
58,170.835261,490703,3,1232960,
59,171.211015,528514,3.4,700911,
60,172.355038,491556,3,1039240,
61,172.478213,533005,3.4,1196069,
62,172.685276,758967,5.3,339592,
63,174.37167,5355282,43.9,993924,
64,176.812584,488554,3,873512,
65,176.920277,489764,3,1038992,
66,177.347728,1495467,11.5,736169,
67,178.051107,732326,5.1,1187476,
68,179.575118,499648,3.1,827640,
69,179.755992,682211,4.6,590530,
70,180.267018,529517,3.4,1118080,
71,180.792532,661879,4.5,1284695,
72,181.793365,540507,3.4,942302,
73,182.518487,493866,3.1,868643,
74,182.94483,524435,3.3,979057,
75,183.012023,507236,3.2,952121,
76,184.152457,502750,3.1,831855,
77,187.164112,493431,3,1059350,
78,189.027306,527353,3.3,857553,
79,189.448521,758533,5.3,919562,
80,189.673882,551531,3.5,789511,
81,190.043238,542390,3.5,702949,
82,190.206503,1090266,8,722420,
83,190.371888,495055,3.1,942887,
84,196.805215,497618,3.1,696633,
85,200.386832,547961,3.5,657086,
86,201.078574,489858,3,831001,
87,201.315532,526795,3.3,1057386,
88,202.611032,1451900,11,890584,
89,202.616245,1619004,12.4,860847,
90,205.160339,502143,3.1,836973,
91,205.659791,530451,3.3,1046594,
92,209.988834,500005,3.1,825698,
93,210.021341,535782,3.4,863724,
94,210.141146,496619,3,815157,
95,210.377433,506965,3.1,968056,
96,211.134895,494389,3,1142178,
97,212.483652,948175,6.8,791063,
98,212.488071,551247,3.5,883169,
99,213.483669,501915,3.1,900511,
100,213.684947,492964,3,620240,
101,214.795703,496324,3,677640,
102,216.405448,507484,3.1,713632,
103,217.884102,1794047,13.8,701380,
104,218.627996,494016,3,826667,
105,219.559638,542091,3.4,1067226,
106,220.320785,525518,3.3,682330,
107,220.763673,493890,3,674115,
108,221.166005,2493973,19.6,655799,
109,221.167198,515157,3.2,1320905,
110,221.959837,509114,3.1,884342,
111,224.159329,502848,3.1,894972,
112,224.401601,2108588,16.4,616428,
113,224.402156,673196,4.5,480401,
114,224.810001,513119,3.2,428535,
115,225.166824,534384,3.3,820119,
116,228.163848,531677,3.3,772793,
117,228.716311,509271,3.1,728702,
118,231.461517,519642,3.2,630020,
119,232.667021,508083,3.1,722436,
120,234.83294,533659,3.3,791555,
121,236.614455,514223,3.2,876681,
122,237.508994,498522,3,1002891,
123,237.515983,516634,3.2,782650,
124,238.254495,503645,3.1,635170,
125,238.29479,501247,3.1,716691,
126,239.54299,553530,3.5,585095,
127,240.73372,495762,3,713746,
128,241.99824,503021,3.1,730746,
129,242.32739,537565,3.3,666387,
130,245.027314,502778,3.1,611134,
131,245.62663,523190,3.2,626745,
132,247.099111,554457,3.5,775455,
133,247.531198,505133,3.1,834267,
134,248.293687,682640,4.5,776791,
135,249.498659,555527,3.5,522808,
136,250.22651,511432,3.1,679935,
137,252.406124,500170,3,673309,
138,252.852969,518238,3.2,757722,
139,255.187587,507174,3.1,674001,
140,258.310145,515921,3.1,665635,
141,260.908727,540612,3.3,503045,
142,261.237509,505266,3,599794,
143,262.974859,516735,3.1,662127,
144,267.212428,517019,3.1,362526,
145,271.598165,516447,3.1,588113,
146,273.780291,509441,3,682060,
147,273.813556,583362,3.6,697183,
148,276.186281,1946862,14.6,673487,
149,278.064595,532676,3.2,570185,
150,279.233076,606714,3.8,661646,
151,281.248679,7347928,58,569105,
152,282.251289,778631,5.2,758200,
153,282.252058,1869831,13.9,654494,
154,282.733654,527997,3.2,493284,
155,283.137413,643696,4.1,694106,
156,283.263719,4799799,37.5,485662,
157,283.264322,12639030,100.5,596246,
158,284.267111,1593958,11.7,644339,
159,284.2677,2762086,21,590548,
160,286.310522,586824,3.6,656600,
161,287.429831,546622,3.3,634950,
162,287.929848,532566,3.2,512832,
163,289.108243,2405968,18.1,639663,
164,291.079294,1572274,11.5,703070,
165,293.175846,2287131,17.2,276655,
166,293.179226,691867,4.4,623928,
167,293.212335,701853,4.5,742244,
168,294.179297,662990,4.2,487299,
169,295.227149,759940,5,760320,
170,295.227797,990212,6.8,501205,
171,297.153061,2642408,19.9,257220,
172,297.186115,1143530,8,717631,
173,297.243052,1951725,14.4,480976,
174,297.243635,3755501,28.8,594532,
175,297.279958,847087,5.7,539768,
176,297.736683,516359,3,635214,
177,298.156431,668957,4.2,724396,
178,298.247004,756386,4.9,669421,
179,299.165374,1717843,12.6,420294,
180,299.201662,130928216,1039.1,526465,
181,299.259322,954968,6.5,439825,
182,299.717216,522801,3.1,553941,
183,300.168743,569289,3.4,608135,
184,300.205071,24383114,191.9,496397,
185,301.159313,33312446,262.5,315354,
186,301.159855,113069760,893.6,572859,
187,301.181165,567872,3.4,565079,
188,301.206264,736833,4.8,536420,
189,301.208469,3413697,25.9,578550,
190,301.216821,8278722,64.4,317885,
191,301.217413,21749442,171,569387,
192,302.162668,9784053,76.4,351821,
193,302.163248,21081846,165.8,559983,
194,302.220145,1966073,14.5,397506,
195,302.220769,4708089,36.2,610692,
196,302.905596,529567,3.1,672954,
197,303.166629,2543405,19.1,569422,
198,303.224235,865200,5.8,673702,
199,303.232997,100093744,791,554719,
200,304.235242,4167529,31.9,375660,
201,304.236407,18820968,147.9,536225,
202,305.030329,514773,3,641408,
203,305.11842,3796379,29,510899,
204,305.212214,611104,3.8,681549,
205,305.23974,2342817,17.5,541706,
206,305.248704,1720226,12.5,573147,
207,305.279145,518180,3,546812,
208,306.121619,892788,6,338658,
209,307.036089,762888,4.9,666047,
210,307.13396,647438,4,753841,
211,307.191659,646545,4,629255,
212,307.195014,1495313,10.7,615969,
213,307.264353,960917,6.5,459965,
214,307.84466,530423,3.1,452985,
215,308.295918,1048401,7.2,548402,
216,309.14974,536260,3.2,429091,
217,309.153158,1144836,8,528645,
218,309.170861,1730693,12.6,577358,
219,309.174258,819333,5.4,344352,
220,309.207295,1047175,7.2,708934,
221,309.241204,1171721,8.2,456841,
222,309.279983,2012811,14.8,455679,
223,310.283284,520199,3,513313,
224,311.167444,4338940,33.1,438192,
225,311.168743,24649980,193.2,528507,
226,311.222926,1414400,10.1,547677,
227,311.259118,518466,3,584474,
228,311.295684,4588804,35.1,520936,
229,312.17212,4696377,35.6,535715,
230,312.29903,1292609,9,546761,
231,313.07857,844145,5.5,343658,
232,313.14464,575989,3.4,764339,
233,313.147144,576501,3.4,901705,
234,313.148016,1020277,6.9,515062,
235,313.164575,1508214,10.7,614378,
236,313.179822,1382775,9.7,438465,
237,313.181017,6601079,50.5,547735,
238,313.21755,579385,3.5,619445,
239,313.22079,1737082,12.5,568285,
240,313.238531,3215739,24,525053,
241,314.184408,1345717,9.4,624418,
242,314.876855,558305,3.3,543483,
243,315.160281,978291,6.6,486911,
244,315.181287,698612,4.4,597804,
245,315.193667,535541,3.1,1087241,
246,315.195462,3523061,26.4,416175,
247,315.196686,13797877,106.6,516780,
248,315.252908,800760,5.2,555866,
249,315.25418,3323897,24.9,473426,
250,315.469055,554886,3.3,558063,
251,316.200065,2660405,19.7,502601,
252,316.257518,641080,3.9,598237,
253,317.090161,526126,3,480942,
254,317.103091,854383,5.6,430778,
255,317.118421,3062896,22.8,535860,
256,317.153831,1119346,7.7,625194,
257,317.154797,4002418,30.2,484992,
258,317.203301,567989,3.4,544742,
259,317.205113,541941,3.2,683299,
260,317.212312,8127094,62.4,504352,
261,318.121779,752625,4.8,455043,
262,318.158179,851891,5.6,490135,
263,318.215669,1745847,12.6,518836,
264,318.556725,582349,3.5,874146,
265,318.832009,667999,4.1,686479,
266,319.097641,903601,5.9,402182,
267,319.117902,1086194,7.3,540949,
268,319.118841,4090098,30.6,476635,
269,319.155109,542964,3.1,816302,
270,319.191572,836727,5.4,476154,
271,319.227947,7830265,59.5,529070,
272,320.12222,868148,5.7,604440,
273,320.231331,1914940,13.7,518986,
274,321.207371,651741,4,369536,
275,321.209381,1161597,7.9,671740,
276,321.210611,4568958,34.3,499481,
277,321.216607,532478,3.1,636779,
278,321.220127,2965886,21.9,515182,
279,321.243641,1881472,13.5,555779,
280,321.839457,529832,3,624397,
281,322.213882,843329,5.5,487992,
282,322.247046,666371,4.1,459900,
283,322.311728,573896,3.4,284759,
284,323.168761,904707,5.9,592260,
285,323.186515,767620,4.9,311252,
286,323.189936,856580,5.6,304237,
287,323.22049,1513734,10.6,548383,
288,323.222826,896134,5.9,567741,
289,323.256858,919433,6.1,447922,
290,323.259295,879625,5.7,615264,
291,323.538479,528668,3,408162,
292,324.03326,570430,3.4,780303,
293,324.171804,533640,3.1,445439,
294,325.147993,1383052,9.5,554869,
295,325.165667,742797,4.6,447271,
296,325.180489,859278,5.5,256561,
297,325.181707,1133966,7.6,440574,
298,325.183243,9765518,73.7,264772,
299,325.184361,57234576,436.9,502320,
300,325.186989,3153039,23.1,456852,
301,325.202092,1343120,9.2,548217,
302,325.238644,1005970,6.7,578025,
303,325.274783,1252629,8.5,396636,
304,325.311348,5383320,40.1,478427,
305,325.34763,702618,4.3,671120,
306,326.186826,2153429,15.4,275358,
307,326.187766,10767573,81.3,488953,
308,326.314688,1112798,7.5,528380,
309,327.104598,701846,4.3,627694,
310,327.160302,670362,4.1,723207,
311,327.180167,2052636,14.7,475965,
312,327.191046,1069213,7.1,519260,
313,327.196685,714397,4.4,526533,
314,327.200005,1230877,8.4,483143,
315,327.217827,2193183,15.7,522821,
316,327.233069,553248,3.2,406270,
317,327.254316,958625,6.3,442924,
318,327.290555,828708,5.3,535848,
319,328.378288,537458,3.1,618143,
320,329.093319,938022,6.1,588575,
321,329.120341,2144168,15.4,526308,
322,329.160655,545195,3.1,672464,
323,329.174812,605868,3.6,647283,
324,329.175973,2915756,21.3,536760,
325,329.212315,711727,4.4,663717,
326,329.233411,2634160,19.1,510642,
327,330.179237,589685,3.5,673888,
328,330.236786,603258,3.6,652012,
329,331.041057,774965,4.9,473778,
330,331.108939,855354,5.5,561036,
331,331.134209,541692,3.1,528994,
332,331.135896,650556,3.9,617539,
333,331.155198,658110,4,562135,
334,331.157139,663230,4,620607,
335,331.191588,4501056,33.4,508899,
336,331.228002,617283,3.7,606780,
337,331.249039,549189,3.2,310008,
338,331.264408,684230,4.2,618173,
339,331.542882,587738,3.5,547494,
340,331.546473,678747,4.1,609820,
341,332.080268,1042307,6.9,554986,
342,332.174055,1841034,12.9,458614,
343,332.194892,791307,5,548662,
344,332.238456,560910,3.2,631279,
345,332.675692,880175,5.6,512138,
346,333.038602,560715,3.2,543646,
347,333.113361,6125265,45.3,512889,
348,333.11673,1659345,11.5,584227,
349,333.122962,618705,3.6,733993,
350,333.125076,2937809,21.2,301041,
351,333.126212,18462418,138.7,498288,
352,333.148629,871251,5.6,491325,
353,333.170921,798421,5,543633,
354,333.207248,8742615,65.2,520028,
355,333.279972,660957,4,694605,
356,334.116684,1402397,9.6,534958,
357,334.129635,3487518,25.4,518633,
358,334.21061,1994020,14.1,533390,
359,334.311653,2418476,17.3,504736,
360,335.127832,5485930,40.5,364376,
361,335.128965,28874602,217.6,506204,
362,335.133559,594538,3.5,760936,
363,335.186521,1232495,8.3,476062,
364,335.22159,2521969,18.1,341299,
365,335.222875,14233457,106.7,480020,
366,335.22501,2057586,14.5,385401,
367,335.226258,8763250,65.3,482781,
368,335.256869,1229428,8.3,538233,
369,335.295621,731383,4.5,511336,
370,335.315082,958968,6.2,494263,
371,336.131275,1469368,10.1,588459,
372,336.132386,6670264,49.5,501583,
373,336.226248,3179455,23,510869,
374,336.229634,1987775,14,470800,
375,336.269782,1648834,11.4,558310,
376,336.323716,854727,5.4,241781,
377,336.326083,6628807,49.2,277108,
378,336.327271,39327688,296.7,500326,
379,336.858899,3376112,24.5,522441,
380,337.13338,573830,3.3,500136,
381,337.135641,868742,5.5,482051,
382,337.1659,793864,5,454064,
383,337.184487,792458,5,638105,
384,337.202178,1474059,10.1,462180,
385,337.205527,1731852,12.1,510642,
386,337.236021,944142,6.1,593458,
387,337.238562,1416974,9.7,518846,
388,337.272506,2183185,15.5,504915,
389,337.311309,1921044,13.5,542276,
390,337.329476,1797909,12.6,368196,
391,337.330665,9809941,73.2,493974,
392,338.016337,1200203,8,495115,
393,338.241761,534685,3,425809,
394,338.334072,983652,6.4,424242,
395,338.628882,612220,3.6,556048,
396,339.181415,1155752,7.7,531837,
397,339.19289,837801,5.3,309890,
398,339.194315,3537577,25.7,478831,
399,339.198879,9190569,68.5,292358,
400,339.200028,65509544,489.6,508113,
401,339.204307,671146,4,889269,
402,339.204991,583082,3.3,806006,
403,339.215311,670890,4,261207,
404,339.217795,1132587,7.5,480307,
405,339.233032,1071020,7,558758,
406,339.254142,1450414,9.8,578209,
407,339.255543,549550,3.1,419487,
408,339.290587,884656,5.6,614648,
409,339.325726,2510771,17.8,342899,
410,339.326983,14123187,104.8,488329,
411,340.046384,4812013,35,493222,
412,340.197731,676089,4,672854,
413,340.202199,2340346,16.5,402222,
414,340.203386,12681466,94,491650,
415,340.330347,2900228,20.7,506540,
416,340.857398,593198,3.4,684911,
417,340.858504,723758,4.4,573947,
418,341.049738,738366,4.5,599237,
419,341.107884,716995,4.3,593541,
420,341.109019,3004739,21.5,503653,
421,341.152505,820294,5.1,511345,
422,341.160772,925511,5.9,582824,
423,341.177809,682952,4.1,518096,
424,341.194613,922698,5.9,708622,
425,341.195815,2763082,19.7,525393,
426,341.197103,1116746,7.3,417180,
427,341.206706,1503051,10.2,574017,
428,341.209891,615307,3.6,372708,
429,341.212386,637323,3.7,494428,
430,341.222935,692876,4.2,453425,
431,341.233438,829389,5.2,559243,
432,341.248881,559534,3.2,406140,
433,341.268786,731216,4.4,559936,
434,341.269827,2508880,17.8,436130,
435,341.28506,768977,4.7,561623,
436,341.306262,1453139,9.9,506301,
437,343.155174,655082,3.9,680821,
438,343.176023,565484,3.2,507348,
439,343.17719,787436,4.9,609853,
440,343.191677,703469,4.2,584727,
441,343.195022,787949,4.9,579443,
442,343.206863,981230,6.3,566500,
443,343.212797,1492975,10.2,517532,
444,343.225617,1479664,10.1,310402,
445,343.228115,559344,3.2,592369,
446,343.249086,804658,5,408193,
447,343.264395,615027,3.6,509947,
448,344.238497,553668,3.1,612200,
449,345.113374,1249165,8.3,542078,
450,345.116785,1068173,7,382621,
451,345.170806,1072274,7,522725,
452,345.207215,731157,4.4,443998,
453,345.210598,812437,5.1,560130,
454,345.228377,975254,6.3,598214,
455,345.243686,743704,4.5,617988,
456,345.280075,613915,3.6,581867,
457,346.14502,21953252,163.4,484272,
458,346.202542,953320,6.1,529931,
459,346.254143,762733,4.7,519417,
460,347.054237,818993,5,554318,
461,347.092643,787636,4.8,241054,
462,347.103843,3581749,25.5,484469,
463,347.129045,12708663,93.1,488351,
464,347.130992,3409207,24.2,365839,
465,347.132416,19950392,146.7,489465,
466,347.148349,5248825,37.9,478781,
467,347.186503,2090812,14.5,536030,
468,347.222951,598335,3.4,651156,
469,347.55583,580315,3.3,617221,
470,347.559439,1230940,8.1,501262,
471,348.107389,825995,5.1,468889,
472,348.132386,3249037,23,531259,
473,348.135768,4161421,29.8,504646,
474,348.151686,580494,3.3,744879,
475,348.327254,912413,5.7,472516,
476,349.036454,1747931,11.9,494858,
477,349.108266,1301729,8.6,546191,
478,349.12829,803042,4.9,590309,
479,349.135669,566563,3.2,453744,
480,349.165855,675558,4,608408,
481,349.202194,4989929,35.9,509646,
482,349.205552,2233833,15.5,486199,
483,349.236196,1359596,9,530056,
484,349.238609,569836,3.2,613086,
485,349.241888,1388780,9.3,517032,
486,349.274946,741871,4.5,464085,
487,350.103647,588471,3.3,467936,
488,350.205483,1100864,7.1,456450,
489,350.20886,602560,3.4,513626,
490,350.342972,3086924,21.8,496167,
491,351.181477,1157525,7.5,582107,
492,351.217838,5815449,42,466690,
493,351.221167,1149081,7.5,442468,
494,351.251746,2480284,17.3,517912,
495,351.254232,760348,4.6,504453,
496,351.290573,918175,5.8,485805,
497,351.326911,600994,3.4,566950,
498,351.346201,1051044,6.8,492735,
499,351.363278,627557,3.6,445401,
500,351.977874,2247900,15.6,505751,
501,352.184753,582894,3.3,389831,
502,352.221213,1331953,8.8,478023,
503,352.322193,1005562,6.4,519164,
504,353.160691,711877,4.2,460247,
505,353.197203,955976,6.1,434068,
506,353.200427,3510600,25,481472,
507,353.209924,7605577,55.3,489194,
508,353.215781,1537353,10.4,505805,
509,353.23111,1123147,7.3,451252,
510,353.23348,1226315,8.1,537940,
511,353.248808,577612,3.3,480620,
512,353.269867,1262414,8.3,589149,
513,353.306236,1469778,9.9,542925,
514,353.342643,9225557,67.3,471358,
515,353.378949,847064,5.2,541557,
516,354.203795,603426,3.4,634403,
517,354.213321,1746083,11.9,275043,
518,354.218994,615459,3.5,578595,
519,354.309646,566059,3.2,505313,
520,354.345965,2652591,18.6,511495,
521,355.101067,2646515,18.4,505416,
522,355.167998,791801,4.8,250808,
523,355.176276,818682,5,651981,
524,355.206814,642300,3.7,668704,
525,355.211412,553085,3,664084,
526,355.212706,1039613,6.6,542068,
527,355.227977,741630,4.4,547328,
528,355.249153,1384704,9.1,479856,
529,355.264365,791426,4.8,573914,
530,355.285476,2467332,17,487900,
531,355.300706,709381,4.2,590956,
532,355.321926,1561607,10.4,496146,
533,356.059439,553674,3,701877,
534,356.087288,1241804,8.1,350317,
535,356.104325,569166,3.2,404006,
536,356.288805,733279,4.4,641753,
537,356.325086,654946,3.8,251672,
538,357.088193,1062824,6.8,554780,
539,357.133533,835244,5.1,550860,
540,357.134495,3003052,21,478913,
541,357.160419,2589870,17.9,503630,
542,357.186007,689841,4,543469,
543,357.189561,649137,3.7,542076,
544,357.192012,628401,3.6,737774,
545,357.222451,1392052,9.2,454502,
546,357.22839,1029813,6.5,467308,
547,357.241239,3386038,23.8,456808,
548,357.280006,622521,3.5,469728,
549,357.316498,677949,3.9,531033,
550,357.589829,596822,3.4,523694,
551,358.096051,4118277,29.1,490585,
552,358.16376,747531,4.5,640093,
553,358.244706,662034,3.8,479161,
554,358.840814,8329034,60,480490,
555,359.097909,669793,3.9,637304,
556,359.099624,718690,4.2,321612,
557,359.103876,20340578,147.9,470036,
558,359.113634,2259043,15.5,283143,
559,359.114734,13682531,99.2,466338,
560,359.128985,866916,5.3,518021,
561,359.132346,1207397,7.8,532582,
562,359.157358,668647,3.9,419381,
563,359.171209,832616,5.1,518345,
564,359.186387,641130,3.7,524757,
565,359.207565,584556,3.3,551878,
566,359.222901,621037,3.5,609424,
567,359.238262,574831,3.2,564727,
568,359.259166,593008,3.3,528075,
569,360.107208,4551616,32.3,465087,
570,360.11806,2112961,14.5,452120,
571,360.327316,3822548,27,480714,
572,360.836595,1182980,7.6,535307,
573,361.107076,662558,3.8,561559,
574,361.108263,2347550,16.2,434261,
575,361.110473,1093918,7,511176,
576,361.111745,1621278,10.8,499123,
577,361.119492,1288735,8.4,442620,
578,361.148031,5844002,41.8,477303,
579,361.165828,719011,4.2,390262,
580,361.191705,1240102,8.1,447887,
581,361.202179,1170983,7.6,408319,
582,361.205537,915879,5.7,394950,
583,361.238453,662954,3.8,525879,
584,361.311293,554801,3,524588,
585,361.330636,861235,5.3,509277,
586,362.06801,1423481,9.4,459989,
587,362.111605,676093,3.9,506412,
588,362.139817,1396864,9.2,537808,
589,362.151341,1404801,9.3,539076,
590,362.197444,1350277,8.9,493567,
591,362.285367,706189,4.1,503258,
592,362.342939,49774740,363.4,469623,
593,363.122697,1502941,9.9,429279,
594,363.123936,7293150,51.7,455892,
595,363.127361,2023134,13.6,509674,
596,363.181504,1226723,7.9,435403,
597,363.196869,639204,3.6,289656,
598,363.213043,670694,3.8,539429,
599,363.254253,664426,3.8,494082,
600,363.326949,606961,3.4,365069,
601,363.346285,12531955,89.6,465449,
602,364.077899,1461561,9.6,473298,
603,364.127238,2025790,13.6,481106,
604,364.211849,1099334,6.9,535983,
605,364.213094,5194054,36.6,472801,
606,364.349638,1878099,12.6,449014,
607,364.357271,6061396,42.8,373469,
608,364.358574,38175060,275.1,462213,
609,364.579504,830185,5,452932,
610,365.138366,8731039,62.1,317453,
611,365.139563,58499488,422.2,466048,
612,365.176926,554659,3,549536,
613,365.191068,574117,3.1,504681,
614,365.197099,1676453,11.1,484657,
615,365.216453,933799,5.7,520093,
616,365.233463,857641,5.2,465198,
617,365.23687,664873,3.8,532254,
618,365.254596,916651,5.6,533541,
619,365.269883,693676,4,456401,
620,365.3063,561968,3.1,627910,
621,365.34265,1937331,13,509088,
622,365.362011,9734581,69.4,471685,
623,366.142919,11739649,83.9,448706,
624,366.345855,688533,4,560712,
625,366.365298,1220247,7.8,417929,
626,367.146298,1377380,9,547004,
627,367.17646,958183,5.9,379098,
628,367.189176,5140072,36.2,466068,
629,367.206937,934250,5.7,590518,
630,367.212749,1649770,10.9,482525,
631,367.216098,1325674,8.6,483336,
632,367.227849,562540,3.1,411011,
633,367.231269,618860,3.5,485503,
634,367.246745,1282669,8.3,472268,
635,367.249062,1251438,8,462920,
636,367.2644,862575,5.2,522695,
637,367.28551,1238897,7.9,452450,
638,367.321954,1201013,7.7,447915,
639,367.358267,36897400,265.9,449538,
640,368.192562,948427,5.8,542242,
641,368.361615,9161436,65.3,445355,
642,369.133099,1227816,7.9,455943,
643,369.192044,699182,4,595914,
644,369.204751,669743,3.8,329631,
645,369.213124,11500336,82.2,441326,
646,369.221674,722993,4.2,595733,
647,369.222575,1226545,7.9,563585,
648,369.228446,668466,3.8,322323,
649,369.264763,858549,5.2,465363,
650,369.280013,663479,3.8,435466,
651,369.301126,5831481,41.2,460020,
652,369.316493,609722,3.4,541541,
653,369.337579,1559357,10.3,529224,
654,369.36493,1252415,8,499491,
655,369.373977,689728,4,653301,
656,369.554478,610770,3.4,651102,
657,370.216496,1800084,12,452957,
658,370.304423,1414557,9.2,429049,
659,370.332851,1001376,6.2,470694,
660,370.340728,644641,3.6,570177,
661,371.085759,890476,5.4,479531,
662,371.105712,750062,4.4,248919,
663,371.171107,593268,3.3,621409,
664,371.172249,750709,4.4,470813,
665,371.201755,1595640,10.5,466607,
666,371.220465,2221562,15.1,440357,
667,371.238113,1356795,8.8,448159,
668,371.244095,1059580,6.6,440582,
669,371.259254,808829,4.8,507077,
670,371.280444,991232,6.2,579177,
671,371.295788,565633,3.1,447965,
672,371.331978,862981,5.2,574485,
673,372.087716,582737,3.2,529186,
674,372.099122,2006610,13.3,470046,
675,372.241317,584545,3.2,577652,
676,373.045397,1256883,8,431434,
677,373.083105,25642166,182.2,433153,
678,373.129409,810427,4.8,566557,
679,373.16681,594879,3.2,537041,
680,373.184339,1382337,8.9,411830,
681,373.18645,919745,5.6,449285,
682,373.187804,3787969,26.1,447992,
683,373.202906,586435,3.2,477061,
684,373.217358,1280196,8.1,431848,
685,373.275066,575562,3.1,346567,
686,373.347712,570130,3.1,318765,
687,374.086427,5924126,41.3,438085,
688,374.191117,743848,4.3,417904,
689,374.245087,1023406,6.3,351206,
690,374.285401,729906,4.2,530119,
691,375.089837,614917,3.4,614247,
692,375.123954,1437320,9.3,387227,
693,375.127109,733193,4.2,388632,
694,375.135201,731146,4.2,426342,
695,375.173195,8027534,56.3,448237,
696,375.18242,5268879,36.6,416702,
697,375.233267,638484,3.6,295085,
698,375.622038,584252,3.2,433329,
699,376.176611,2064886,13.7,448093,
700,376.185737,948215,5.8,400209,
701,376.301058,598403,3.3,568072,
702,376.322235,579845,3.1,526029,
703,377.065649,638930,3.6,433237,
704,377.06758,816211,4.8,299392,
705,377.103242,649686,3.6,454786,
706,377.139514,9174618,64.5,432456,
707,377.143051,746587,4.3,560629,
708,377.165124,574685,3.1,434333,
709,377.191216,721632,4.1,425530,
710,377.19724,604896,3.3,497656,
711,377.200577,1951841,12.9,475694,
712,377.233591,590948,3.2,207019,
713,377.248762,590566,3.2,584928,
714,377.269768,577000,3.1,426856,
715,377.569268,612615,3.4,490016,
716,378.075323,860092,5.1,509563,
717,378.142887,1995716,13.3,397270,
718,378.192244,885449,5.3,525694,
719,378.337853,1023448,6.3,511137,
720,379.047065,2531107,17.1,465249,
721,379.082163,612135,3.4,551471,
722,379.11884,972075,5.9,509863,
723,379.155304,601134,3.3,442017,
724,379.176349,625713,3.5,565552,
725,379.206925,1234228,7.8,552155,
726,379.212778,680501,3.9,324136,
727,379.246967,766392,4.5,290738,
728,379.249312,572408,3.1,429853,
729,379.285484,760764,4.4,502879,
730,379.358384,1249348,7.9,535274,
731,380.090945,1390994,8.9,228908,
732,380.208078,985758,6,528898,
733,380.296043,2759592,18.7,432443,
734,380.592648,599752,3.2,277438,
735,380.822754,8810464,61.3,451228,
736,380.850896,810211,4.7,500708,
737,381.09665,2536446,16.9,423373,
738,381.116774,3923968,26.7,422211,
739,381.120147,2812416,18.9,449810,
740,381.186114,939527,5.6,567923,
741,381.191912,869128,5.1,511931,
742,381.222633,1573643,10.1,483480,
743,381.228346,1140236,7.1,434029,
744,381.231774,1700364,11,462861,
745,381.247032,802318,4.7,475427,
746,381.262308,1129231,7,403761,
747,381.264763,638224,3.5,270607,
748,381.279915,831377,4.9,457007,
749,381.299216,679827,3.8,416125,
750,381.301153,987667,6,452778,
751,381.316425,956949,5.8,540600,
752,381.337611,2041367,13.4,443268,
753,381.373981,22263836,156.3,437362,
754,382.120048,996716,6,516017,
755,382.377259,5574792,38.4,440779,
756,382.818578,979895,5.9,455913,
757,383.148726,740315,4.2,544945,
758,383.184084,1182175,7.4,471206,
759,383.20169,1577185,10.1,409287,
760,383.207566,1039329,6.3,428597,
761,383.238237,1994469,13.1,464155,
762,383.24413,876773,5.2,389677,
763,383.280413,1131497,7,431158,
764,383.295682,964971,5.8,400870,
765,383.316785,5859565,40.4,405074,
766,383.332059,1416175,9,385961,
767,383.353224,5185777,35.6,429528,
768,383.380732,816116,4.8,533914,
769,384.107537,749251,4.3,242527,
770,384.179364,1007691,6.1,240845,
771,384.205104,625230,3.4,519290,
772,384.320259,1368410,8.7,431676,
773,384.327363,2299227,15.2,447470,
774,384.356638,1336158,8.4,455911,
775,385.083145,711598,4,471256,
776,385.153669,1186230,7.4,503015,
777,385.187011,647225,3.6,545372,
778,385.202235,582331,3.1,287221,
779,385.217453,4782525,32.8,400090,
780,385.223291,598973,3.2,519007,
781,385.253916,1210049,7.5,382341,
782,385.259603,920129,5.5,421748,
783,385.275038,715587,4.1,445468,
784,385.296128,1242565,7.8,494998,
785,385.311352,705095,4,435125,
786,385.347707,1459659,9.3,466965,
787,386.072743,609307,3.3,551621,
788,386.091056,916253,5.5,421807,
789,386.220852,1375275,8.7,365866,
790,386.248917,1182254,7.4,216807,
791,386.285465,710962,4,607768,
792,387.098733,37112460,261.2,422205,
793,387.121606,677135,3.8,525129,
794,387.196658,834711,4.9,493201,
795,387.215515,583385,3.1,299519,
796,387.218493,707354,4,416583,
797,387.233057,1219995,7.6,417803,
798,387.254155,601630,3.2,522683,
799,387.290549,754338,4.3,468727,
800,387.363345,1373098,8.7,441739,
801,388.082827,675322,3.8,497046,
802,388.102153,8598268,59.7,412806,
803,388.236534,643339,3.5,559271,
804,388.30106,576146,3.1,525118,
805,389.078031,1768297,11.5,433480,
806,389.103073,600300,3.2,478217,
807,389.105473,953452,5.7,498829,
808,389.179382,1764468,11.5,427329,
809,389.212428,806008,4.7,515633,
810,389.24884,833660,4.9,459434,
811,389.342614,623751,3.4,518439,
812,390.081308,606810,3.2,344776,
813,390.198169,599271,3.2,595232,
814,390.374261,689915,3.8,530568,
815,391.093632,1443148,9.1,450873,
816,391.118925,1438799,9.1,262687,
817,391.140005,933457,5.5,412107,
818,391.19503,672727,3.7,539408,
819,391.228081,680027,3.8,468816,
820,391.244355,703837,3.9,531190,
821,391.264501,676575,3.7,408643,
822,391.3582,683114,3.8,564078,
823,392.332341,2390232,15.7,406150,
824,393.080576,3091245,20.6,330873,
825,393.134501,5643571,38.4,399106,
826,393.177723,1822776,11.7,383875,
827,393.18605,729784,4.1,449868,
828,393.195373,701114,3.9,483657,
829,393.202525,750522,4.2,430173,
830,393.222403,988477,5.9,445451,
831,393.316494,618823,3.3,505906,
832,393.33572,692425,3.8,213430,
833,393.37394,1930574,12.5,405617,
834,393.582244,1765221,11.3,406020,
835,394.088524,811039,4.7,448182,
836,394.13783,1431461,9,440997,
837,394.314953,1279929,7.9,406946,
838,394.377328,664768,3.6,495096,
839,395.135749,785302,4.5,419011,
840,395.15018,39931416,278,398837,
841,395.153903,857368,5,635925,
842,395.189892,573596,3,291710,
843,395.201731,1306142,8.1,464201,
844,395.238153,1511202,9.6,405856,
845,395.244148,692131,3.8,262535,
846,395.247542,1023267,6.2,350017,
847,395.280517,827687,4.8,490114,
848,395.316929,1241387,7.7,406935,
849,395.331912,699437,3.9,449342,
850,395.353141,1264943,7.8,395700,
851,395.389576,26832436,186.5,412875,
852,396.067128,583168,3.1,445839,
853,396.153475,9721482,66.9,394828,
854,396.24141,585108,3.1,474401,
855,396.356589,598689,3.2,567709,
856,396.39291,7538342,51.7,411058,
857,397.15695,1164029,7.1,380046,
858,397.164396,5732094,39,386550,
859,397.181087,780288,4.5,441012,
860,397.199778,3419906,22.9,404639,
861,397.217401,3437316,23,402835,
862,397.226697,3358469,22.5,436499,
863,397.253819,1933064,12.5,413459,
864,397.259699,893193,5.2,401419,
865,397.296056,1040653,6.3,431846,
866,397.311399,1138446,7,403715,
867,397.332438,9768721,67.2,378034,
868,397.347668,1131027,6.9,427044,
869,397.368874,2785557,18.5,423892,
870,397.396364,1126936,6.9,377209,
871,398.0784,26193766,182,405747,
872,398.167731,920688,5.4,459521,
873,398.20319,750068,4.2,306484,
874,398.220762,988662,5.9,382284,
875,398.230042,666359,3.7,530731,
876,398.257329,659835,3.6,434416,
877,398.314826,609025,3.3,486898,
878,398.335872,2646916,17.5,388971,
879,398.372209,812552,4.7,447795,
880,399.062417,3051479,20.3,353827,
881,399.081706,5609433,38.2,417790,
882,399.182358,673764,3.7,618650,
883,399.183468,629732,3.4,460034,
884,399.196684,1251302,7.7,439083,
885,399.217468,600296,3.2,523773,
886,399.233059,7285738,49.9,374553,
887,399.269455,1786350,11.5,395764,
888,399.275279,791791,4.5,295259,
889,399.290861,594801,3.2,536783,
890,399.311696,1222899,7.5,467616,
891,399.327042,1546741,9.8,440446,
892,399.348213,591223,3.1,538538,
893,399.363279,1073657,6.5,363592,
894,400.065783,799305,4.5,449854,
895,400.08847,1021772,6.1,245128,
896,400.214178,906842,5.3,441895,
897,400.236436,2375773,15.4,413721,
898,401.029043,1544887,9.7,460170,
899,401.078112,1391293,8.6,236838,
900,401.116278,919233,5.4,379992,
901,401.190076,602697,3.2,497530,
902,401.1981,3632330,24.1,386119,
903,401.212371,1471436,9.2,401626,
904,401.218256,687565,3.8,270213,
905,401.231053,1810638,11.5,329699,
906,401.234412,811471,4.6,475054,
907,401.248664,2891984,19,419894,
908,401.285047,612308,3.2,524589,
909,401.290788,749653,4.2,455058,
910,401.306279,846039,4.8,436697,
911,401.342654,938203,5.5,449366,
912,401.378971,1338079,8.2,441626,
913,402.085653,659632,3.6,376646,
914,402.201523,780093,4.4,496817,
915,402.215698,673086,3.7,471051,
916,402.252053,708163,3.9,344475,
917,402.316728,691146,3.8,364289,
918,402.804695,8102274,54.9,411306,
919,403.194979,1654958,10.4,397018,
920,403.206791,1037487,6.2,430031,
921,403.213695,4621744,30.9,393222,
922,403.227994,1499058,9.4,211180,
923,403.249291,622004,3.3,519601,
924,403.264364,2824630,18.5,362746,
925,404.217099,963362,5.7,392732,
926,404.223653,821795,4.7,414952,
927,404.247809,778278,4.4,442470,
928,404.267791,1090088,6.5,438744,
929,404.80053,987236,5.8,462528,
930,405.109375,16224903,111,386848,
931,405.134387,669322,3.6,416861,
932,405.151579,1181580,7.2,201335,
933,405.166024,599694,3.1,699920,
934,405.17717,1103247,6.6,190578,
935,405.180903,587279,3.1,173816,
936,405.186142,6527632,44.1,420386,
937,405.192233,853137,4.9,544829,
938,405.197664,920209,5.4,805676,
939,405.200292,738194,4.1,470560,
940,405.201146,989330,5.8,784360,
941,405.202155,1278098,7.8,658865,
942,405.203058,1053074,6.3,346515,
943,405.205611,1348754,8.3,223477,
944,405.207397,1845906,11.7,357134,
945,405.2084,1690259,10.7,618406,
946,405.210086,2753171,18,306196,
947,405.211178,2398867,15.6,271029,
948,405.211861,3072659,20.2,276033,
949,405.212869,3354771,22.2,302765,
950,405.213594,4405907,29.4,220338,
951,405.214639,5458579,36.7,312565,
952,405.216416,10162835,69.2,179701,
953,405.218141,19571348,134.1,92591,
954,405.222132,2338468608,16143.4,425672,
955,405.225402,23876244,163.8,280145,
956,405.226465,13173397,90,462687,
957,405.227137,10543765,71.8,345710,
958,405.228222,6894229,46.6,526624,
959,405.22886,5646997,38,305693,
960,405.229936,4702869,31.5,215918,
961,405.230602,3315861,21.9,230158,
962,405.23167,3171989,20.9,220315,
963,405.233425,2507413,16.3,483792,
964,405.235156,1656982,10.4,375227,
965,405.236172,1624726,10.2,348931,
966,405.237916,1363606,8.4,413422,
967,405.239583,1237142,7.5,551684,
968,405.24331,1486998,9.3,452656,
969,405.24443,974999,5.7,519459,
970,405.247635,713879,3.9,688669,
971,405.252077,585879,3.1,808605,
972,405.264761,1000089,5.9,564920,
973,405.267775,588057,3.1,574620,
974,405.28009,940699,5.5,473685,
975,405.301224,722269,4,350974,
976,405.31653,703007,3.9,495951,
977,406.112744,3775225,25.1,406677,
978,406.189419,2508546,16.3,396727,
979,406.221844,7479045,50.6,181971,
980,406.225708,556937984,3844,428955,
981,406.229093,7192326,48.7,260301,
982,407.084354,579942,3,461925,
983,407.11581,605930,3.2,519594,
984,407.150096,4332398,28.9,409791,
985,407.181679,1358705,8.4,419896,
986,407.225681,1963894,12.6,286234,
987,407.229215,58667896,404,393857,
988,407.232523,1927031,12.3,559870,
989,407.259253,1935226,12.4,385552,
990,407.295623,719870,4,369069,
991,407.314296,777856,4.4,409566,
992,407.316723,712320,3.9,502268,
993,407.331931,580546,3,363510,
994,407.353292,628485,3.3,467784,
995,407.389669,1086857,6.5,466684,
996,407.425739,760205,4.3,482886,
997,408.073512,2472918,16.1,396393,
998,408.15343,1350878,8.3,443156,
999,408.232605,5325800,35.8,364224,
1000,409.057605,2338884,15.2,387959,
1001,409.083244,1209159,7.4,306731,
1002,409.093725,3500616,23.2,363410,
1003,409.119385,817739,4.6,439284,
1004,409.129377,836684,4.8,458911,
1005,409.14464,737805,4.1,320395,
1006,409.181268,622673,3.3,465562,
1007,409.205328,1227348,7.5,432872,
1008,409.217473,1782357,11.3,434820,
1009,409.22333,608470,3.2,489041,
1010,409.236032,672984,3.6,478116,
1011,409.238744,776536,4.4,435607,
1012,409.254157,690138,3.8,262512,
1013,409.259653,1719898,10.9,405184,
1014,409.275062,724828,4,410083,
1015,409.296168,778206,4.4,385979,
1016,409.311417,958304,5.6,475509,
1017,409.332497,1742434,11,427056,
1018,409.34773,1054308,6.3,429240,
1019,409.36884,1917030,12.2,396731,
1020,409.405265,9868394,67.1,393123,
1021,409.441555,686702,3.7,458940,
1022,409.595323,1791104,11.4,415045,
1023,410.372254,660950,3.6,475583,
1024,410.40855,3168474,20.9,439005,
1025,411.160299,19244334,130.2,388098,
1026,411.178979,911151,5.2,544274,
1027,411.188227,1985840,12.6,438251,
1028,411.196737,1564977,9.7,372723,
1029,411.215489,1790515,11.2,409978,
1030,411.233159,3295541,21.5,386825,
1031,411.242261,1182646,7.1,319831,
1032,411.254385,670136,3.6,356800,
1033,411.26947,860217,4.9,534001,
1034,411.275271,726586,4,572743,
1035,411.290545,901308,5.2,386548,
1036,411.311759,1810750,11.4,430831,
1037,411.326983,1210432,7.3,455913,
1038,411.348132,11464002,77.2,384411,
1039,411.363432,1656644,10.3,439729,
1040,411.384543,5569862,37,397905,
1041,412.094015,820884,4.6,410716,
1042,412.163686,5347740,35.5,404686,
1043,412.200059,609056,3.2,465489,
1044,412.236466,1052580,6.2,498543,
1045,412.301075,639915,3.4,453774,
1046,412.351461,3173809,20.7,402007,
1047,412.387897,1441460,8.8,381142,
1048,413.083104,944385,5.5,476902,
1049,413.125265,810501,4.5,490606,
1050,413.167126,733642,4,347214,
1051,413.197165,619661,3.2,457337,
1052,413.212392,3678735,24.1,400543,
1053,413.218522,747791,4.1,407935,
1054,413.236207,1033745,6.1,501737,
1055,413.23933,28513810,193.5,397678,
1056,413.248733,6946323,46.4,384845,
1057,413.285091,861207,4.9,456565,
1058,413.291046,951575,5.5,491540,
1059,413.30627,921625,5.3,362977,
1060,413.327455,1646619,10.2,377700,
1061,413.342642,1409821,8.6,409678,
1062,413.37905,1342753,8.2,306592,
1063,414.073504,597356,3.1,497394,
1064,414.2157,1173372,7,424005,
1065,414.242734,5808767,38.6,401137,
1066,414.252151,2118784,13.5,366238,
1067,414.382536,788622,4.4,267994,
1068,415.075415,2113753,13.4,408496,
1069,415.093729,1489115,9.2,432440,
1070,415.104943,1577948,9.8,385433,
1071,415.17715,613604,3.2,217483,
1072,415.191897,664933,3.5,233846,
1073,415.228015,3156201,20.5,370791,
1074,415.233934,1285866,7.8,389190,
1075,415.246938,603627,3.1,520748,
1076,415.248196,623851,3.3,606602,
1077,415.264366,4151021,27.3,399541,
1078,415.270259,1093614,6.5,402157,
1079,415.28545,772463,4.3,423435,
1080,415.288839,803056,4.5,548896,
1081,415.300728,688497,3.7,412706,
1082,415.32195,3427059,22.4,384448,
1083,415.358316,895991,5.1,366206,
1084,415.394577,1791739,11.2,449454,
1085,415.57708,912399,5.2,351454,
1086,416.077735,1274180,7.7,446536,
1087,416.231562,1140565,6.8,370776,
1088,416.259711,659288,3.5,409461,
1089,416.267853,1339737,8.1,390689,
1090,416.325304,999519,5.8,401037,
1091,417.072978,20240302,137,388961,
1092,417.109333,824498,4.6,466464,
1093,417.132106,1095093,6.5,470411,
1094,417.171607,1007545,5.9,417751,
1095,417.210668,5774269,38.4,383798,
1096,417.220189,1609662,10,412343,
1097,417.228279,865215,4.9,433719,
1098,417.243655,3003841,19.5,404696,
1099,417.264805,879299,5,478118,
1100,417.280038,2611653,16.8,388913,
1101,417.301005,661319,3.5,371433,
1102,417.30466,594119,3.1,474926,
1103,417.316409,630088,3.3,492634,
1104,417.337529,829643,4.7,446719,
1105,418.076268,4666393,30.8,374795,
1106,418.213949,1568807,9.7,385352,
1107,418.247084,810922,4.5,437513,
1108,418.283392,919854,5.3,503874,
1109,418.348055,714165,3.9,369830,
1110,418.778646,1097058,6.5,403395,
1111,419.010818,607866,3.2,561791,
1112,419.114781,640005,3.4,527439,
1113,419.12504,6147206,40.9,390711,
1114,419.151107,29423752,199.7,385915,
1115,419.160533,837386,4.7,361644,
1116,419.189926,1063309,6.3,460016,
1117,419.201764,1191566,7.1,397574,
1118,419.22299,1031056,6,406171,
1119,419.238164,1599634,9.9,434357,
1120,419.243979,778131,4.3,522660,
1121,419.259336,1150612,6.9,301853,
1122,419.280489,785302,4.4,427556,
1123,419.295649,1168792,7,408521,
1124,419.316737,864154,4.9,462904,
1125,419.332012,834588,4.7,405599,
1126,419.353093,621982,3.2,434502,
1127,419.389654,1099426,6.5,429196,
1128,419.426219,667174,3.6,416542,
1129,420.128329,1767918,11.1,380357,
1130,420.154447,6541553,43.6,388980,
1131,421.109228,7135571,47.7,388443,
1132,421.129268,952277,5.5,319563,
1133,421.14691,1318999,8,391202,
1134,421.157938,664920,3.5,433668,
1135,421.166772,3102041,20.2,388457,
1136,421.181059,636762,3.3,378312,
1137,421.217442,60635484,412.5,379611,
1138,421.226745,12245343,82.5,395226,
1139,421.238388,603040,3.1,231430,
1140,421.274938,1446244,8.9,431209,
1141,421.296083,1105510,6.5,372949,
1142,421.31131,825960,4.6,447674,
1143,421.330053,1012329,5.9,451404,
1144,421.332592,948074,5.5,394825,
1145,421.34774,638827,3.4,620303,
1146,421.368937,657389,3.5,486793,
1147,421.405239,2177905,13.9,382173,
1148,422.083404,1299894,7.8,421583,
1149,422.112531,1498553,9.1,389627,
1150,422.170158,664383,3.5,417528,
1151,422.185578,656704,3.4,233872,
1152,422.220815,18504132,123.6,374835,
1153,422.230086,2817989,18,408200,
1154,422.584955,678888,3.6,539774,
1155,423.010945,1349395,8.1,400046,
1156,423.098772,2727964,17.4,390065,
1157,423.145068,3368481,21.7,406227,
1158,423.16039,3196450,20.5,378970,
1159,423.179878,3566116,23,216940,
1160,423.182482,13486628,89.8,375535,
1161,423.196537,743590,4,268848,
1162,423.22423,2785832,17.8,389811,
1163,423.233092,1318441,7.9,428058,
1164,423.254308,965163,5.5,406071,
1165,423.273806,802605,4.4,570018,
1166,423.276315,2698798,17.2,453888,
1167,423.296478,665264,3.5,385533,
1168,423.311837,1145393,6.7,412886,
1169,423.326936,1045043,6.1,325483,
1170,423.348133,3262517,21,381481,
1171,423.384412,1146040,6.7,311213,
1172,423.420881,17889852,119.5,380062,
1173,423.457444,738752,4,465268,
1174,424.080749,1024381,5.9,397432,
1175,424.102153,797951,4.4,397966,
1176,424.148423,1242756,7.4,470665,
1177,424.163706,928134,5.3,422608,
1178,424.185827,2704008,17.2,377201,
1179,424.27972,656017,3.4,503076,
1180,424.351431,1099416,6.4,377037,
1181,424.424268,5090975,33.3,370850,
1182,425.103199,633954,3.3,205977,
1183,425.139633,2093285,13.1,425652,
1184,425.160758,18582248,124.1,370415,
1185,425.176101,1041129,6,448623,
1186,425.195688,6011627,39.5,382351,
1187,425.212389,2161388,13.6,368147,
1188,425.21824,653293,3.4,446113,
1189,425.24872,1746672,10.8,392737,
1190,425.254749,1064176,6.2,368084,
1191,425.258002,2271985,14.3,396136,
1192,425.290996,807924,4.5,457838,
1193,425.306273,1094645,6.4,417847,
1194,425.327433,2053879,12.8,379800,
1195,425.342592,1622265,9.9,416350,
1196,425.346012,809721,4.5,399460,
1197,425.363821,17595130,117.5,373605,
1198,425.378968,1420028,8.6,195385,
1199,425.400175,1512190,9.2,365130,
1200,425.427528,957441,5.5,388566,
1201,425.43647,796162,4.4,449468,
1202,426.073367,1162048,6.8,409258,
1203,426.164141,4762440,31.1,390521,
1204,426.199037,1074508,6.2,366736,
1205,426.215807,834893,4.6,490288,
1206,426.367174,5057372,33.1,362624,
1207,426.403467,649567,3.4,482958,
1208,427.15519,832423,4.6,480920,
1209,427.191721,1318314,7.9,428009,
1210,427.214679,930988,5.3,467897,
1211,427.228069,3313582,21.3,394564,
1212,427.25219,636336,3.3,441232,
1213,427.264464,2899377,18.5,350543,
1214,427.285494,937651,5.3,489345,
1215,427.306625,1322933,7.9,387611,
1216,427.343079,1889208,11.7,392452,
1217,427.358366,2006458,12.5,409818,
1218,427.370525,956859,5.5,410971,
1219,427.394809,1529021,9.3,388434,
1220,428.135318,964099,5.5,409882,
1221,428.231305,1052172,6.1,446907,
1222,428.267736,1134095,6.6,422731,
1223,428.332282,706069,3.8,490607,
1224,428.398078,742683,4,400980,
1225,429.080282,654810,3.4,393150,
1226,429.179928,3418212,22,371117,
1227,429.207211,1402726,8.5,379201,
1228,429.22129,655847,3.4,472815,
1229,429.243696,3450985,22.2,398818,
1230,429.249467,775914,4.2,422574,
1231,429.280179,1889901,11.7,422956,
1232,429.285933,3083373,19.8,374582,
1233,429.301196,1234031,7.3,410809,
1234,429.32236,806768,4.4,427527,
1235,429.337703,763762,4.2,278518,
1236,429.373891,1764469,10.9,365625,
1237,429.410304,1223801,7.3,392512,
1238,430.104598,5051576,33,383018,
1239,430.247088,1124549,6.6,502171,
1240,430.283456,602184,3.1,506575,
1241,430.289152,597320,3,511753,
1242,430.333547,615692,3.2,349512,
1243,430.348094,785230,4.3,366497,
1244,431.039712,1794315,11.1,425492,
1245,431.088564,118406416,796.1,392956,
1246,431.107924,1415186,8.5,431604,
1247,431.118382,597266,3,226706,
1248,431.126876,1136403,6.7,397037,
1249,431.187386,1913625,11.9,392528,
1250,431.222902,1475868,8.9,343270,
1251,431.228821,1694492,10.4,379302,
1252,431.25941,2751263,17.5,389461,
1253,431.280423,1002273,5.8,426040,
1254,431.2958,1874722,11.6,440301,
1255,431.316856,1502756,9.1,338472,
1256,431.320244,677156,3.6,470529,
1257,431.389332,687658,3.6,457032,
1258,431.59027,1124668,6.6,353698,
1259,432.072822,1047654,6.1,381638,
1260,432.092015,25664872,171.8,376033,
1261,432.224731,824820,4.6,364099,
1262,432.262669,818807,4.5,380617,
1263,432.299053,675066,3.6,385481,
1264,432.363754,716160,3.8,453107,
1265,433.092829,1486783,9,361769,
1266,433.095298,2367423,14.9,363093,
1267,433.146653,952771,5.4,445369,
1268,433.181114,20819398,139.2,363984,
1269,433.205396,921160,5.2,345892,
1270,433.223321,616266,3.2,471309,
1271,433.238653,1737675,10.7,375918,
1272,433.259611,1008845,5.8,427336,
1273,433.274971,1384654,8.3,360176,
1274,433.296151,1126352,6.6,443343,
1275,433.311462,1791441,11.1,429071,
1276,433.332556,3431891,22.1,398627,
1277,433.347888,650452,3.4,509003,
1278,433.405189,958937,5.4,452831,
1279,434.184404,6371867,41.3,363049,
1280,434.335949,868904,4.8,407260,
1281,435.08365,2237030,13.9,380317,
1282,435.146151,2247275,14,412246,
1283,435.162341,1877612,11.5,399957,
1284,435.187902,1122926,6.5,397536,
1285,435.196769,5268079,34,400192,
1286,435.205951,1643632,9.9,419442,
1287,435.218735,1334385,7.9,436331,
1288,435.221413,1531505,9.2,415660,
1289,435.254289,1012084,5.7,394114,
1290,435.275422,841845,4.6,447711,
1291,435.290703,678775,3.5,467188,
1292,435.311881,1102968,6.3,434604,
1293,435.327024,1888634,11.6,332853,
1294,435.345742,3126907,19.8,374751,
1295,435.348439,832379,4.6,430037,
1296,435.359562,928892,5.2,430479,
1297,435.420854,1431937,8.5,381133,
1298,435.457198,798084,4.3,463417,
1299,436.200044,1941184,11.9,412798,
1300,436.20931,745665,4,456627,
1301,436.330083,701643,3.7,444063,
1302,436.349103,933324,5.2,382012,
1303,437.114401,2258697,14,367027,
1304,437.145421,649355,3.3,363292,
1305,437.156844,2388748,14.9,340510,
1306,437.160643,1067277,6.1,509666,
1307,437.161737,779533,4.2,588039,
1308,437.175845,661518,3.4,304778,
1309,437.192363,3136271,19.9,363998,
1310,437.212443,4409105,28.3,371794,
1311,437.221665,809489,4.4,213869,
1312,437.233393,844946,4.6,376337,
1313,437.248846,884755,4.9,454861,
1314,437.254656,736020,3.9,525044,
1315,437.267535,689685,3.6,508232,
1316,437.269893,1022229,5.8,368960,
1317,437.291,762391,4.1,147175,
1318,437.306501,697368,3.7,457631,
1319,437.327443,1664794,10.1,431025,
1320,437.342681,2194203,13.6,381574,
1321,437.363895,2326813,14.5,411211,
1322,437.379008,1353502,8,380029,
1323,437.400221,1519903,9.1,417240,
1324,437.43659,5487394,35.5,374494,
1325,438.08416,2903892,18.3,394353,
1326,438.096232,1016149,5.8,192729,
1327,438.11779,770391,4.1,354219,
1328,438.195551,952669,5.3,431305,
1329,438.21571,1187166,6.9,242120,
1330,438.345791,732520,3.9,216375,
1331,438.439933,1799023,11,345288,
1332,438.598096,825979,4.5,481312,
1333,438.781425,1251209,7.3,385996,
1334,439.054974,3591070,22.9,359762,
1335,439.068331,783519,4.2,430024,
1336,439.119575,908451,5.1,509654,
1337,439.155237,9465765,61.9,356419,
1338,439.177417,1015207,5.8,595494,
1339,439.227976,932267,5.2,349649,
1340,439.233723,623147,3.2,186523,
1341,439.249184,1170860,6.8,401403,
1342,439.264571,688429,3.6,202842,
1343,439.271219,6764462,44,362649,
1344,439.273816,1553838,9.3,319864,
1345,439.285484,706863,3.7,361322,
1346,439.306755,1273520,7.5,343778,
1347,439.321872,819634,4.5,189369,
1348,439.343067,2524595,15.8,362886,
1349,439.358383,2172340,13.5,388805,
1350,439.379454,14921654,98.1,363443,
1351,439.383423,606134,3,727877,
1352,439.394706,1495223,9,372203,
1353,439.415909,1945529,11.9,387369,
1354,440.058256,821224,4.5,215068,
1355,440.088775,645098,3.3,553676,
1356,440.158613,2819055,17.7,362430,
1357,440.274628,1814007,11.1,368434,
1358,440.34641,1089277,6.3,411339,
1359,440.361908,634878,3.2,398393,
1360,440.382812,4367359,28,345361,
1361,440.986166,893482,5,498507,
1362,441.109384,1156147,6.7,448304,
1363,441.133135,18128948,119.4,365842,
1364,441.170949,27656248,182.7,369196,
1365,441.19383,697401,3.7,439883,
1366,441.207221,1264698,7.4,399329,
1367,441.223623,1589307,9.6,401851,
1368,441.228367,658108,3.4,252917,
1369,441.24363,1949757,12,334577,
1370,441.252902,3448893,21.9,366694,
1371,441.264856,873278,4.8,183978,
1372,441.266929,690750,3.6,455655,
1373,441.280099,1167679,6.8,439321,
1374,441.286031,962112,5.4,362485,
1375,441.301371,612161,3.1,408146,
1376,441.322365,1266242,7.4,387983,
1377,441.333556,616259,3.1,359750,
1378,441.337083,825027,4.5,232889,
1379,441.341045,2412100,15,351668,
1380,441.35869,1957957,12,380020,
1381,441.374034,1408582,8.4,290108,
1382,441.386311,678983,3.5,510995,
1383,441.410349,1912392,11.7,384486,
1384,442.136485,3882107,24.8,357156,
1385,442.174265,8075389,52.7,361019,
1386,442.247126,683394,3.6,456030,
1387,442.256286,662659,3.4,423005,
1388,442.311755,2428551,15.2,362126,
1389,442.344361,769673,4.1,470538,
1390,442.362137,615818,3.1,451790,
1391,442.797259,2916520,18.4,406643,
1392,443.091255,1504443,9,398429,
1393,443.129112,827326,4.5,454907,
1394,443.14881,1794751,10.9,363150,
1395,443.177729,1015233,5.8,330877,
1396,443.222906,1591492,9.6,387150,
1397,443.228742,634308,3.2,354784,
1398,443.24412,828485,4.5,261245,
1399,443.25939,2424006,15.1,395846,
1400,443.265415,922055,5.1,476148,
1401,443.280411,870344,4.8,445042,
1402,443.296133,687689,3.6,332693,
1403,443.301674,4357321,28,355316,
1404,443.314809,869834,4.8,421831,
1405,443.337963,989643,5.6,425983,
1406,443.353218,1401548,8.3,391732,
1407,443.389749,953551,5.4,429552,
1408,443.425933,1155537,6.7,383871,
1409,444.226146,604165,3,437415,
1410,444.262722,785159,4.2,459540,
1411,444.304813,1202954,7,360069,
1412,444.363813,755470,4,472244,
1413,445.068,897594,5,429064,
1414,445.093677,935740,5.2,449714,
1415,445.10432,3561789,22.7,216900,
1416,445.136214,1562687,9.4,360802,
1417,445.158595,1633088,9.9,328305,
1418,445.164385,7887168,51.4,369889,
1419,445.203245,898755,5,182365,
1420,445.215121,1347395,8,436363,
1421,445.223241,659908,3.4,408959,
1422,445.238638,1556293,9.4,378718,
1423,445.244472,671045,3.5,240795,
1424,445.257161,728902,3.9,419116,
1425,445.27502,1102663,6.3,179629,
1426,445.296113,1210952,7.1,365176,
1427,445.311239,847945,4.7,410748,
1428,445.332564,720971,3.8,400819,
1429,445.335836,652107,3.3,478404,
1430,445.368859,1008461,5.7,287143,
1431,446.107683,974714,5.5,425012,
1432,446.161964,609917,3.1,497946,
1433,446.167756,1756541,10.7,394052,
1434,446.218276,836736,4.6,459758,
1435,446.219626,820352,4.5,447899,
1436,446.379402,802314,4.4,371737,
1437,447.064305,1214898,7.1,457034,
1438,447.083553,1195187,7,372564,
1439,447.142503,783030,4.2,377420,
1440,447.217939,747579,4,408920,
1441,447.238828,617660,3.1,458659,
1442,447.254339,1322429,7.8,403723,
1443,447.269646,899006,5,182739,
1444,447.2753,756414,4,313570,
1445,447.290836,1039039,5.9,440555,
1446,447.311708,1354176,8,417159,
1447,447.326887,636609,3.3,473868,
1448,447.348086,844482,4.6,422717,
1449,447.384596,613700,3.1,452042,
1450,447.421003,1117894,6.5,368555,
1451,447.457289,659272,3.4,342263,
1452,448.063848,754410,4,396533,
1453,448.103583,612844,3.1,364939,
1454,448.115191,915693,5.1,420917,
1455,448.130395,849646,4.7,343884,
1456,448.18355,656113,3.4,442246,
1457,448.257378,612469,3.1,437437,
1458,449.099233,37618208,249.2,371435,
1459,449.190004,723751,3.8,420345,
1460,449.200431,639911,3.3,412626,
1461,449.212372,787752,4.3,415425,
1462,449.233481,744105,4,186260,
1463,449.258014,1016618,5.8,438174,
1464,449.270025,908587,5.1,483325,
1465,449.29112,974380,5.5,382636,
1466,449.306418,932781,5.2,292580,
1467,449.324932,900910,5,415127,
1468,449.327448,1758254,10.7,390152,
1469,449.342719,840495,4.6,376925,
1470,449.361372,1731120,10.5,385539,
1471,449.363821,871984,4.8,357493,
1472,449.43654,4021812,25.8,371666,
1473,450.102589,8860245,57.9,363525,
1474,450.364701,624227,3.2,332376,
1475,450.439879,1204326,7,373792,
1476,451.10341,688647,3.6,441107,
1477,451.106045,1067143,6.1,368241,
1478,451.155064,696073,3.6,354187,
1479,451.270488,876942,4.8,395419,
1480,451.285453,850959,4.7,316923,
1481,451.306679,1415312,8.4,424161,
1482,451.322095,1125777,6.5,398271,
1483,451.343115,1648274,10,395701,
1484,451.354327,1400722,8.3,371693,
1485,451.358488,851091,4.7,433284,
1486,451.379454,2548884,16,349279,
1487,451.394774,964500,5.4,386191,
1488,451.415893,840853,4.6,329161,
1489,451.452181,12001943,78.8,338947,
1490,451.788428,671399,3.5,454539,
1491,452.357664,602304,3,523026,
1492,452.382846,1039041,5.9,361159,
1493,452.455592,4323013,27.8,346153,
1494,453.021545,734941,3.9,410454,
1495,453.072978,1478879,8.8,296597,
1496,453.109375,1143009,6.6,412172,
1497,453.134571,1198818,7,382393,
1498,453.155314,718947,3.8,354609,
1499,453.170928,5421796,35.1,354619,
1500,453.243819,676967,3.5,418315,
1501,453.249651,641191,3.3,309652,
1502,453.322351,1089258,6.3,430871,
1503,453.337509,1503467,9,338145,
1504,453.358726,2047211,12.6,340731,
1505,453.373923,850668,4.7,254084,
1506,453.395107,15291117,100.7,346868,
1507,453.410387,1668846,10.1,407783,
1508,453.431548,1075951,6.2,424194,
1509,453.458948,633392,3.2,323529,
1510,453.468002,627696,3.2,476652,
1511,454.174243,1774349,10.8,382219,
1512,454.348076,775956,4.2,420789,
1513,454.362286,649748,3.3,309357,
1514,454.398394,4452118,28.6,349713,
1515,454.872035,1102888,6.3,356869,
1516,454.965187,793387,4.3,378229,
1517,455.078322,1239855,7.3,406081,
1518,455.125245,819505,4.5,323827,
1519,455.130006,760113,4.1,347931,
1520,455.150146,1509682,9.1,343021,
1521,455.171267,3177267,20.1,375735,
1522,455.222818,637685,3.3,323380,
1523,455.243973,626358,3.2,363531,
1524,455.259275,864438,4.8,372129,
1525,455.266054,8590134,56.1,344176,
1526,455.268845,812854,4.4,550886,
1527,455.28053,746551,4,383412,
1528,455.301577,687928,3.6,227167,
1529,455.316791,834616,4.6,462616,
1530,455.338093,1490745,8.9,420467,
1531,455.349276,877881,4.9,368313,
1532,455.353251,1308986,7.7,323217,
1533,455.374354,1932090,11.9,389506,
1534,455.389651,1155387,6.7,402038,
1535,455.401886,698171,3.7,238002,
1536,455.426002,1754940,10.7,352810,
1537,456.145366,1384278,8.2,381376,
1538,456.174593,651094,3.3,454439,
1539,456.269495,2134362,13.2,368963,
1540,456.276728,1789786,10.9,393497,
1541,456.36374,612957,3.1,516965,
1542,456.429582,690271,3.6,444416,
1543,456.80826,5966700,38.7,343367,
1544,456.980889,773489,4.2,456170,
1545,457.07554,1324404,7.8,426068,
1546,457.104157,635253,3.2,466124,
1547,457.12809,1109878,6.4,348023,
1548,457.165644,662903,3.4,456427,
1549,457.238858,827513,4.5,136439,
1550,457.2612,1431930,8.5,317329,
1551,457.265595,47334268,313.8,365343,
1552,457.274673,857850,4.7,184004,
1553,457.280751,622011,3.2,308451,
1554,457.296091,633467,3.2,466613,
1555,457.317258,6865788,44.7,354566,
1556,457.332748,950140,5.3,401108,
1557,457.335733,1125244,6.5,408412,
1558,457.353527,931197,5.2,351260,
1559,457.368847,697981,3.7,419153,
1560,457.405309,651518,3.3,380199,
1561,457.441554,1408384,8.4,355214,
1562,458.083394,787859,4.3,182350,
1563,458.145816,1383060,8.2,308020,
1564,458.268951,9380760,61.4,333368,
1565,458.294662,1530009,9.2,351611,
1566,458.320519,1794457,10.9,368277,
1567,458.379442,744603,4,434623,
1568,458.585087,729249,3.9,456030,
1569,458.800155,796839,4.3,432967,
1570,458.803954,1001639,5.7,366935,
1571,459.083554,2285486,14.3,366339,
1572,459.119738,642479,3.3,363803,
1573,459.149334,909488,5.1,331791,
1574,459.230635,1811378,11.2,334627,
1575,459.254338,888243,5,381016,
1576,459.269696,1569203,9.5,240318,
1577,459.275219,825267,4.5,342866,
1578,459.294037,4476852,29.1,354214,
1579,459.311915,775092,4.2,290044,
1580,459.327046,14898100,99,351345,
1581,459.348231,869557,4.8,386965,
1582,459.351445,1666997,10.2,388595,
1583,459.81215,818880,4.5,261037,
1584,460.162436,793289,4.3,520241,
1585,460.233829,871242,4.9,360053,
1586,460.297392,1350604,8.1,390302,
1587,460.330359,5197773,33.9,350086,
1588,460.394965,833998,4.6,413802,
1589,460.761617,878550,4.9,418401,
1590,460.763353,3068886,19.6,369697,
1591,461.058414,1115101,6.5,368896,
1592,461.099308,740317,4,412493,
1593,461.23351,629088,3.2,225399,
1594,461.252146,13157345,87.3,351604,
1595,461.269999,929505,5.2,377417,
1596,461.285232,1264609,7.5,385277,
1597,461.29108,1009889,5.8,468537,
1598,461.305932,634338,3.3,442937,
1599,461.327432,967394,5.5,377803,
1600,461.333703,1033698,5.9,413548,
1601,461.361191,1268707,7.5,338991,
1602,461.363868,1084131,6.3,399864,
1603,461.378898,688611,3.6,437186,
1604,461.436463,691940,3.6,404934,
1605,462.085919,624881,3.2,374665,
1606,462.110959,1229297,7.3,370675,
1607,462.123879,1101810,6.4,386883,
1608,462.130847,1125106,6.6,402198,
1609,462.255513,4332532,28.1,345167,
1610,462.612623,742138,4,377236,
1611,462.760387,1275901,7.6,377255,
1612,463.114868,54772740,366.7,357970,
1613,463.17249,1158403,6.8,335896,
1614,463.194986,1220612,7.2,354841,
1615,463.247909,679173,3.6,123531,
1616,463.264193,713477,3.8,293555,
1617,463.270505,787461,4.3,371154,
1618,463.285469,718341,3.8,470660,
1619,463.306617,1032454,5.9,361385,
1620,463.321854,667398,3.5,423113,
1621,463.343228,812038,4.5,440305,
1622,463.377077,2285063,14.3,343274,
1623,463.394827,683271,3.6,355048,
1624,463.452167,1611784,9.8,369186,
1625,463.573259,800010,4.4,451055,
1626,464.065264,1243153,7.3,429978,
1627,464.083457,1199121,7.1,285298,
1628,464.11819,13550609,90,342685,
1629,464.125317,2956305,18.8,339700,
1630,464.38036,661781,3.4,404887,
1631,464.455738,604438,3.1,291673,
1632,464.585011,640279,3.3,457032,
1633,465.10945,645918,3.3,184586,
1634,465.119008,747038,4,376690,
1635,465.121601,1687582,10.3,412303,
1636,465.128664,748574,4,447777,
1637,465.151956,643870,3.3,524596,
1638,465.17292,728990,3.9,342408,
1639,465.188325,1453086,8.8,341988,
1640,465.210671,1896991,11.7,381878,
1641,465.252929,2543135,16.1,304956,
1642,465.275941,885535,4.9,439064,
1643,465.285665,657663,3.4,224996,
1644,465.29935,988192,5.6,362482,
1645,465.304539,10705952,70.9,333079,
1646,465.322335,1111840,6.5,261900,
1647,465.340922,668832,3.5,406181,
1648,465.358677,1074976,6.2,441621,
1649,465.374037,753312,4.1,401119,
1650,465.395129,1489441,9,295025,
1651,465.410056,845857,4.7,466463,
1652,465.431525,1508897,9.1,361784,
1653,465.467824,3890210,25.1,352354,
1654,466.13068,5909544,38.7,373460,
1655,466.239058,707113,3.7,416127,
1656,466.256305,651049,3.4,464280,
1657,466.307934,3215401,20.6,361123,
1658,466.34868,5565482,36.4,293763,
1659,466.434844,743210,4,441853,
1660,466.47109,1189419,7,414660,
1661,467.088704,3978287,25.7,353455,
1662,467.118233,989744,5.6,444845,
1663,467.13395,1885744,11.7,396474,
1664,467.150171,2714672,17.2,330378,
1665,467.265281,623408,3.2,307398,
1666,467.274689,804145,4.4,385922,
1667,467.301607,941105,5.3,479578,
1668,467.337971,1240369,7.3,368081,
1669,467.349575,702769,3.7,280905,
1670,467.374471,2194481,13.7,374861,
1671,467.389754,1004337,5.7,350353,
1672,467.410741,12915761,85.7,344931,
1673,467.426022,1691186,10.4,379377,
1674,467.447203,2462770,15.5,342197,
1675,468.091966,1096757,6.4,308992,
1676,468.094699,872245,4.9,468446,
1677,468.15354,741685,4,353927,
1678,468.414068,3925047,25.3,357170,
1679,468.429367,683703,3.6,386249,
1680,468.450419,1374519,8.2,362959,
1681,468.887642,613560,3.1,371602,
1682,469.104193,899641,5,372920,
1683,469.165819,6003769,39.3,350628,
1684,469.238202,627513,3.2,402923,
1685,469.259717,683705,3.6,357791,
1686,469.284182,1479737,8.9,308987,
1687,469.311615,636857,3.3,357205,
1688,469.316966,1041465,6,416213,
1689,469.332652,738233,4,411860,
1690,469.335647,691641,3.6,411981,
1691,469.353683,1461305,8.8,380121,
1692,469.364856,3810361,24.6,377002,
1693,469.369134,722489,3.9,390215,
1694,469.389992,1741625,10.7,327213,
1695,469.405551,659385,3.4,180922,
1696,469.417534,619833,3.2,543017,
1697,469.441618,1714745,10.5,387325,
1698,470.169225,2088506,13,373500,
1699,470.368302,1011258,5.8,422844,
1700,470.379404,655674,3.4,474516,
1701,470.581082,762170,4.1,403390,
1702,471.073052,1585210,9.6,291114,
1703,471.081188,1340474,8,389640,
1704,471.176906,1029946,5.9,281204,
1705,471.18148,34309176,229.3,348421,
1706,471.261002,3476538,22.3,340678,
1707,471.269411,693050,3.7,381089,
1708,471.275125,751033,4,392064,
1709,471.296468,982585,5.6,374481,
1710,471.311836,651577,3.4,369510,
1711,471.332877,3907641,25.2,308853,
1712,471.348129,688825,3.6,268904,
1713,471.369173,675769,3.5,377602,
1714,471.420614,697401,3.7,331872,
1715,471.457372,874809,4.9,404775,
1716,471.574643,917049,5.2,384192,
1717,472.084446,740023,4,386526,
1718,472.184822,9978935,66,339848,
1719,472.264212,898103,5,391272,
1720,472.336234,1361975,8.1,349908,
1721,472.460436,595510,3,503155,
1722,473.088708,748595,4.1,377186,
1723,473.099255,853555,4.8,439694,
1724,473.188101,1274675,7.6,350503,
1725,473.206126,4777011,31.4,353766,
1726,473.270156,608178,3.1,408335,
1727,473.282764,5198898,34.2,339367,
1728,473.290882,626226,3.2,442990,
1729,473.309863,656434,3.4,187862,
1730,473.327675,730930,3.9,423223,
1731,473.367612,672370,3.6,311052,
1732,473.590142,666672,3.5,234015,
1733,474.09682,764589,4.2,367594,
1734,474.209423,778156,4.3,373377,
1735,474.28606,1665580,10.3,371203,
1736,475.114857,634405,3.3,523151,
1737,475.19489,628901,3.3,389725,
1738,475.264488,612260,3.1,417880,
1739,475.300793,1273380,7.6,349335,
1740,475.306827,794660,4.4,433245,
1741,475.32243,724003,3.9,210573,
1742,475.343099,607587,3.1,321251,
1743,475.376914,701731,3.8,312837,
1744,475.45218,1341474,8.1,351006,
1745,476.139691,1028124,6,409065,
1746,476.562826,820247,4.6,448841,
1747,477.094282,943121,5.4,386782,
1748,477.109525,1679377,10.4,315049,
1749,477.130617,788752,4.3,313530,
1750,477.149475,911376,5.2,385830,
1751,477.210727,1290256,7.7,364064,
1752,477.246973,1363983,8.2,356542,
1753,477.264869,2392079,15.2,350112,
1754,477.279782,695311,3.7,313154,
1755,477.285836,726543,3.9,377073,
1756,477.356169,849422,4.8,400647,
1757,477.392645,1261069,7.5,386285,
1758,477.395253,832781,4.6,375307,
1759,477.467875,4464653,29.3,353359,
1760,478.080848,693701,3.7,243733,
1761,478.268153,1025538,5.9,377170,
1762,478.359736,665601,3.5,406752,
1763,478.396052,648576,3.4,323019,
1764,478.471221,1554943,9.5,334189,
1765,478.790181,8063995,53.7,344986,
1766,479.047345,807159,4.5,398578,
1767,479.226367,3082228,19.9,367306,
1768,479.247633,1879540,11.7,353458,
1769,479.265143,877300,4.9,415152,
1770,479.277895,626803,3.2,328981,
1771,479.314383,3544051,23,343733,
1772,479.337895,820595,4.6,338512,
1773,479.374459,849906,4.8,391167,
1774,479.389607,599026,3.1,427408,
1775,479.410852,2175474,13.7,369302,
1776,479.426028,724465,3.9,429380,
1777,479.447153,838257,4.7,281126,
1778,479.483565,6028273,39.9,353227,
1779,480.078285,1541863,9.4,325907,
1780,480.120289,641510,3.3,371380,
1781,480.229683,1071077,6.3,410752,
1782,480.317754,1130211,6.7,331184,
1783,480.486991,2136032,13.5,345964,
1784,480.579828,797407,4.4,421071,
1785,480.786147,1555419,9.5,407415,
1786,481.104296,2651094,17,325782,
1787,481.125628,4278229,28,346549,
1788,481.165755,704853,3.8,341542,
1789,481.20549,650452,3.4,406681,
1790,481.290244,730066,3.9,426958,
1791,481.296271,1359826,8.2,364103,
1792,481.299811,756690,4.1,375812,
1793,481.353537,1029585,6,403146,
1794,481.389991,1520081,9.3,370723,
1795,481.405573,668624,3.5,390413,
1796,481.426421,12911568,86.5,338234,
1797,481.441692,1135056,6.7,413969,
1798,481.462675,1010383,5.8,327739,
1799,482.107574,861379,4.8,390613,
1800,482.125557,4733891,31.1,353408,
1801,482.129193,914115,5.2,288230,
1802,482.292327,1233344,7.4,407666,
1803,482.429716,3848125,25.1,325880,
1804,482.789755,991670,5.7,378301,
1805,483.033307,599217,3.1,506372,
1806,483.129091,1200815,7.1,338176,
1807,483.181536,3776430,24.6,332844,
1808,483.221122,667310,3.5,438892,
1809,483.269608,1314221,7.9,372288,
1810,483.275276,646829,3.4,328361,
1811,483.290387,597932,3,385440,
1812,483.299868,655788,3.4,422520,
1813,483.332907,1139883,6.7,349924,
1814,483.345738,1420203,8.6,340716,
1815,483.369259,1126059,6.6,172269,
1816,483.385009,731690,4,291240,
1817,483.405824,1172906,6.9,417479,
1818,483.420992,919722,5.2,367053,
1819,483.457458,1286569,7.7,309792,
1820,484.184816,1216922,7.2,345187,
1821,484.307869,812695,4.5,458401,
1822,485.089037,1860998,11.6,370520,
1823,485.099178,1887110,11.8,382579,
1824,485.156941,1850756,11.5,355060,
1825,485.160742,638724,3.3,411805,
1826,485.179367,3876740,25.3,340162,
1827,485.279152,1872770,11.7,343559,
1828,485.28526,1337730,8.1,368034,
1829,485.312487,763521,4.2,249403,
1830,485.327437,705153,3.8,497609,
1831,485.348516,4234112,27.7,334731,
1832,485.472814,1005693,5.8,419732,
1833,486.078347,942447,5.4,372467,
1834,486.102817,656239,3.4,419767,
1835,486.1828,1235821,7.4,337510,
1836,486.351907,1254249,7.5,401219,
1837,487.085981,1332311,8,343121,
1838,487.195077,848213,4.7,357866,
1839,487.256015,2402131,15.3,366912,
1840,487.264265,868691,4.9,342976,
1841,487.300769,1409362,8.5,375714,
1842,487.343519,618065,3.2,183825,
1843,487.587896,952907,5.5,255583,
1844,488.198468,621244,3.2,335753,
1845,488.259579,605434,3.1,264602,
1846,488.26794,591290,3,349562,
1847,489.109506,1765156,11.1,384416,
1848,489.162569,3021603,19.7,346291,
1849,489.280011,1325344,8.1,381612,
1850,489.31645,955935,5.5,258902,
1851,489.322557,631327,3.3,453805,
1852,490.10464,6877962,46.1,349026,
1853,490.165904,596744,3.1,413228,
1854,490.283516,628869,3.3,386552,
1855,490.967661,745971,4.1,355413,
1856,491.108002,2052335,13,386636,
1857,491.316984,658025,3.5,372973,
1858,491.337994,663784,3.5,390976,
1859,491.408341,766182,4.2,337938,
1860,491.447195,637541,3.4,363153,
1861,491.483638,1237732,7.5,180427,
1862,492.282658,782798,4.3,287783,
1863,492.575884,1086662,6.4,386269,
1864,493.067491,638136,3.4,279732,
1865,493.077394,768183,4.2,412832,
1866,493.117608,611766,3.2,474401,
1867,493.163812,650677,3.4,438412,
1868,493.242252,797234,4.4,303978,
1869,493.281006,629553,3.3,390567,
1870,493.294366,689393,3.7,159072,
1871,493.330138,1163184,7,395048,
1872,493.353607,1026735,6,419122,
1873,493.426388,1333421,8.1,358404,
1874,493.441777,697773,3.8,388811,
1875,493.462864,1489580,9.2,351877,
1876,493.499115,1519275,9.4,376289,
1877,495.083736,999292,5.8,379498,
1878,495.156359,1518714,9.4,377585,
1879,495.221121,927096,5.3,360721,
1880,495.269285,660471,3.5,299681,
1881,495.286654,818038,4.6,395751,
1882,495.309362,812150,4.6,366491,
1883,495.369373,825716,4.6,414968,
1884,495.405812,1475187,9.1,353163,
1885,495.420903,825202,4.6,369292,
1886,495.442095,5890674,39.4,331024,
1887,495.457325,994161,5.8,366519,
1888,495.478411,1654897,10.3,362104,
1889,496.091602,657246,3.5,371454,
1890,496.445479,1956435,12.4,340209,
1891,497.099424,1232960,7.4,301602,
1892,497.160991,1000254,5.8,308948,
1893,497.16757,981053,5.7,278978,
1894,497.248892,1115707,6.6,354467,
1895,497.285203,1388602,8.5,370441,
1896,497.348723,724280,3.9,354601,
1897,497.385149,695287,3.8,258433,
1898,497.421341,1060918,6.3,302934,
1899,497.436461,626613,3.3,429308,
1900,497.47304,1265204,7.7,376473,
1901,498.120605,855584,4.8,420767,
1902,498.374474,1957912,12.4,325137,
1903,498.99654,745093,4.1,274395,
1904,499.091742,1243138,7.5,358547,
1905,499.114865,2127873,13.6,318532,
1906,499.17644,3060223,20,324714,
1907,499.264409,1347837,8.2,355272,
1908,499.294968,755964,4.2,318365,
1909,499.300826,1678844,10.5,319757,
1910,499.327787,974587,5.7,380060,
1911,499.364172,5289466,35.2,324786,
1912,499.377394,738041,4,374813,
1913,499.383097,621049,3.2,254691,
1914,499.400328,612088,3.2,470098,
1915,499.452319,764663,4.2,366180,
1916,499.488636,676726,3.6,406132,
1917,500.07578,688099,3.7,175733,
1918,500.118112,793314,4.4,317353,
1919,500.179711,1019872,6,444627,
1920,500.304201,621020,3.2,407486,
1921,500.367556,1476058,9.1,286741,
1922,500.426402,595800,3.1,338608,
1923,500.77222,4922830,32.7,328137,
1924,500.782026,680397,3.6,408869,
1925,501.08899,638404,3.4,456725,
1926,501.134517,4795842,31.9,327361,
1927,501.192064,20324800,138.3,336678,
1928,501.280203,1999294,12.7,310416,
1929,501.291853,34808252,237.5,338751,
1930,501.316506,1665468,10.4,356878,
1931,501.32224,806332,4.5,422092,
1932,501.468137,667576,3.6,325393,
1933,502.073166,912037,5.2,395804,
1934,502.104574,669348,3.6,385571,
1935,502.137862,1648803,10.3,303864,
1936,502.195417,6271393,42,327045,
1937,502.283476,810974,4.5,236880,
1938,502.29525,7559582,50.8,324908,
1939,502.319792,603037,3.1,340577,
1940,502.574914,648597,3.4,357401,
1941,502.767996,698639,3.8,300316,
1942,503.088668,1981317,12.6,303746,
1943,503.109932,641028,3.4,369088,
1944,503.130274,1579908,9.8,317223,
1945,503.146145,702083,3.8,396244,
1946,503.162036,850819,4.8,311463,
1947,503.198689,1124481,6.7,334432,
1948,503.295817,2651006,17.3,309658,
1949,503.298733,1052542,6.3,290846,
1950,503.389761,989819,5.8,388088,
1951,503.483526,954488,5.6,306292,
1952,504.092037,839525,4.8,333534,
1953,504.133546,789860,4.4,297268,
1954,504.299158,1199967,7.3,195816,
1955,505.311432,1203519,7.3,346544,
1956,505.405213,905788,5.3,370586,
1957,505.423906,1604924,10.1,346016,
1958,505.426611,821820,4.7,339982,
1959,505.499205,1748281,11.1,346164,
1960,506.502619,758810,4.2,352071,
1961,507.07093,784137,4.4,373165,
1962,507.158209,663686,3.6,230921,
1963,507.309139,972802,5.7,251755,
1964,507.345832,731392,4,451287,
1965,507.442019,1410814,8.8,328220,
1966,507.45721,605629,3.2,271112,
1967,507.489786,698108,3.8,313623,
1968,507.514867,2898171,19.1,332346,
1969,508.115166,736233,4.1,366944,
1970,508.444849,630495,3.3,326067,
1971,508.518201,1188829,7.2,326862,
1972,509.080926,1359052,8.4,309644,
1973,509.120742,589259,3.1,300224,
1974,509.176515,631369,3.4,392004,
1975,509.219254,585672,3,281243,
1976,509.285201,16609478,114.1,322524,
1977,509.421056,804034,4.5,159757,
1978,509.436826,587201,3,363285,
1979,509.45769,4879553,32.8,299535,
1980,509.47298,775104,4.3,299888,
1981,509.582722,1060285,6.3,383199,
1982,510.288542,7024808,47.6,320313,
1983,510.34326,706214,3.9,369517,
1984,510.461038,1605283,10.1,313656,
1985,511.114855,954512,5.6,340024,
1986,511.144555,1292175,7.9,325487,
1987,511.151359,1087631,6.5,366967,
1988,511.264523,776843,4.4,392382,
1989,511.285211,608651,3.2,283198,
1990,511.291582,1264267,7.7,325325,
1991,511.300825,1471114,9.2,328238,
1992,511.36416,915849,5.3,388631,
1993,511.400647,973704,5.7,385070,
1994,511.437058,1291911,7.9,367963,
1995,511.48879,1008517,6,350728,
1996,512.304128,582510,3,434871,
1997,513.130557,1507415,9.4,328851,
1998,513.19222,1781845,11.3,319750,
1999,513.280226,1835090,11.7,347492,
2000,513.301119,788050,4.4,366255,
2001,513.310517,894802,5.2,329791,
2002,513.316453,1416273,8.8,363904,
2003,513.343451,1151569,7,382972,
2004,513.379866,1632848,10.3,392893,
2005,513.395296,1427535,8.9,323146,
2006,513.504507,700236,3.8,362106,
2007,514.118748,1588283,10,306072,
2008,514.195509,662329,3.6,403510,
2009,514.319904,790198,4.5,316900,
2010,514.570962,832303,4.7,380991,
2011,515.062943,1102626,6.6,366067,
2012,515.099509,1224737,7.5,301625,
2013,515.171129,676895,3.7,390123,
2014,515.2141,677406,3.7,400291,
2015,515.259468,682525,3.7,440684,
2016,515.295742,3136540,20.7,312934,
2017,515.332098,1048347,6.2,312352,
2018,515.338236,642075,3.4,345131,
2019,515.389953,663834,3.6,336792,
2020,515.564371,761621,4.3,205269,
2021,516.299209,1443842,9,326248,
2022,517.104392,1940462,12.4,324415,
2023,517.202315,8503276,57.9,325582,
2024,517.232472,3643371,24.2,306216,
2025,517.275102,1089258,6.5,303381,
2026,517.311514,3326953,22,320736,
2027,517.348045,703848,3.9,308886,
2028,518.085963,749014,4.2,442271,
2029,518.205653,3163092,20.9,319820,
2030,518.235775,998099,5.9,354327,
2031,518.314791,1066705,6.4,375808,
2032,518.83387,634053,3.4,403310,
2033,519.149335,1337278,8.2,292558,
2034,519.208771,593020,3.1,193467,
2035,519.290795,937915,5.5,359478,
2036,519.327234,1433018,8.9,356517,
2037,519.439752,901687,5.2,139880,
2038,520.978351,1451926,9.1,362161,
2039,521.118052,1265043,7.8,321782,
2040,521.267394,675664,3.7,148117,
2041,521.306515,590223,3.1,177893,
2042,521.36133,951438,5.6,369442,
2043,521.421284,613901,3.2,348091,
2044,521.457975,1133708,6.9,383524,
2045,521.494087,862860,5,354448,
2046,521.530553,881803,5.1,366747,
2047,522.070436,875136,5.1,256939,
2048,522.130998,2354047,15.3,291029,
2049,522.460832,667257,3.6,348374,
2050,522.754177,3785587,25.3,325781,
2051,523.134176,704684,3.9,221767,
2052,523.273838,1785706,11.4,335073,
2053,523.437005,1028711,6.1,318471,
2054,523.473499,3006311,19.9,316063,
2055,523.5096,671590,3.6,151964,
2056,524.476823,948053,5.6,313650,
2057,524.750137,605649,3.2,313994,
2058,525.094126,831052,4.8,413050,
2059,525.130822,677707,3.7,404673,
2060,525.171916,4610891,31,316319,
2061,525.280159,7925577,54.1,307577,
2062,525.379875,1520455,9.6,385733,
2063,525.416433,811335,4.6,386726,
2064,525.452594,1167686,7.1,303116,
2065,525.50432,736838,4.1,481215,
2066,526.17532,1450812,9.1,312861,
2067,526.283407,2950971,19.5,326291,
2068,527.182714,750127,4.2,347174,
2069,527.259849,760110,4.3,404655,
2070,527.286972,748590,4.2,347745,
2071,527.295813,1693485,10.8,329193,
2072,527.359217,623149,3.3,390745,
2073,527.395646,2620204,17.2,337607,
2074,527.519855,658987,3.6,403956,
2075,528.084163,780836,4.4,364633,
2076,528.299408,623522,3.3,307161,
2077,528.398989,972833,5.7,384207,
2078,529.006956,604955,3.2,502518,
2079,529.12527,761370,4.3,308790,
2080,529.187068,1605913,10.1,363786,
2081,529.202376,1066009,6.4,365997,
2082,529.275044,1270040,7.8,361572,
2083,529.296139,1912088,12.3,318962,
2084,529.305526,788760,4.5,364251,
2085,529.31135,2360088,15.4,305426,
2086,529.347584,595864,3.1,316204,
2087,529.390174,1311511,8.1,318238,
2088,530.190422,616209,3.3,326410,
2089,530.299596,724624,4,293612,
2090,530.315017,785680,4.4,165613,
2091,530.393366,689167,3.8,368153,
2092,531.075816,1624330,10.3,248379,
2093,531.181617,645386,3.5,343644,
2094,531.202639,8150794,55.7,314671,
2095,531.290691,1631497,10.3,324837,
2096,531.327122,2383625,15.6,329586,
2097,531.439654,1064712,6.4,361060,
2098,531.577791,1080839,6.5,337803,
2099,532.206112,2619140,17.2,180859,
2100,532.293768,784132,4.4,307825,
2101,532.33037,1072899,6.4,329335,
2102,533.126691,669440,3.6,276305,
2103,533.188825,4038400,27.1,299784,
2104,533.306335,1110784,6.7,151435,
2105,533.327494,1005311,6,147000,
2106,533.342759,1310207,8.1,325220,
2107,533.384816,684415,3.7,323102,
2108,533.455308,2776831,18.3,323763,
2109,534.192028,1049853,6.3,351584,
2110,534.459187,785788,4.4,278091,
2111,535.114979,1225724,7.5,305399,
2112,535.340644,943355,5.5,349314,
2113,535.358402,722683,4,368138,
2114,535.47338,1305851,8.1,280718,
2115,535.521071,2920699,19.3,283390,
2116,535.546082,865275,5,317843,
2117,536.118055,726523,4,373201,
2118,536.146533,1106683,6.7,358944,
2119,536.524419,1096699,6.6,342823,
2120,536.982871,583420,3,367158,
2121,537.268433,643324,3.5,259782,
2122,537.320096,651260,3.5,174792,
2123,537.37969,642813,3.4,317361,
2124,537.452718,1062909,6.4,318024,
2125,537.489161,3144445,20.8,309755,
2126,538.083546,1018622,6.1,294942,
2127,538.161888,780286,4.4,352440,
2128,538.492465,1365759,8.5,326190,
2129,538.585277,831488,4.8,371254,
2130,539.095794,1690369,10.8,314820,
2131,539.100636,683521,3.7,271707,
2132,539.188713,737026,4.1,434068,
2133,539.295924,584450,3.1,390217,
2134,539.431935,867459,5,269651,
2135,539.447506,581251,3,333871,
2136,539.468139,694019,3.8,395289,
2137,539.519885,581507,3,359718,
2138,540.427334,731655,4.1,251616,
2139,540.583006,687368,3.8,374965,
2140,541.27516,632588,3.4,153132,
2141,541.296286,598284,3.2,166675,
2142,541.311218,946189,5.6,361785,
2143,541.338662,795661,4.5,398233,
2144,541.353938,829197,4.8,353530,
2145,541.374665,1175821,7.2,340772,
2146,541.41111,914189,5.4,344451,
2147,543.141064,751898,4.2,265441,
2148,543.202778,713626,4,284138,
2149,543.290994,1074971,6.5,273126,
2150,543.317677,656667,3.6,356214,
2151,543.327196,1351963,8.4,327880,
2152,543.369447,661788,3.6,351363,
2153,544.126252,1074978,6.5,365839,
2154,544.330491,635684,3.4,256629,
2155,544.736024,6037288,41.1,304709,
2156,545.197194,2806573,18.6,322873,
2157,545.306315,1183278,7.2,196591,
2158,545.318129,24313646,168.8,292294,
2159,545.342979,1220654,7.5,160712,
2160,546.200273,909367,5.3,335022,
2161,546.309671,659769,3.6,289734,
2162,546.321396,6405945,43.7,308923,
2163,546.731728,1212733,7.4,307640,
2164,547.078635,1393473,8.7,320616,
2165,547.089221,1265474,7.8,338013,
2166,547.153538,638786,3.4,341027,
2167,547.212788,6242115,42.6,311207,
2168,547.297181,591172,3.1,355857,
2169,547.321994,1525060,9.6,273198,
2170,547.358364,804165,4.6,357478,
2171,547.471243,744390,4.2,267489,
2172,547.590694,830024,4.8,288083,
2173,548.081737,614606,3.3,303404,
2174,548.216033,2170191,14.1,296002,
2175,548.325552,804305,4.6,221852,
2176,549.219402,598365,3.2,270300,
2177,549.301177,680542,3.7,326844,
2178,549.33786,611422,3.2,176402,
2179,549.392714,1292127,8,291406,
2180,549.452556,818016,4.7,311640,
2181,549.488702,637024,3.4,287581,
2182,549.56212,735713,4.1,307196,
2183,550.988916,1482614,9.3,334071,
2184,551.278076,931450,5.5,324694,
2185,551.359394,671611,3.7,165995,
2186,551.468232,1311101,8.1,329171,
2187,551.5046,2733438,18.1,293394,
2188,552.312299,642186,3.5,370948,
2189,552.499904,654349,3.5,303349,
2190,552.508197,983693,5.8,338588,
2191,553.423766,724380,4,328407,
2192,553.447548,883869,5.1,355363,
2193,553.483974,2044317,13.3,283849,
2194,554.09722,712552,3.9,237874,
2195,554.487302,785326,4.5,375066,
2196,555.141071,2340794,15.3,307102,
2197,555.167613,1637306,10.4,295174,
2198,555.17081,1513402,9.5,302745,
2199,555.309233,639933,3.4,352510,
2200,555.348416,888253,5.2,295880,
2201,555.354084,1049533,6.3,287072,
2202,555.42689,1169855,7.1,372620,
2203,555.442035,1339839,8.3,317888,
2204,556.144602,866252,5,412639,
2205,556.17077,627276,3.4,358220,
2206,557.156929,1647582,10.5,318718,
2207,557.306071,599265,3.2,349817,
2208,557.33354,1083362,6.6,261432,
2209,557.42122,754787,4.3,244393,
2210,557.454997,619492,3.3,370385,
2211,559.197642,699910,3.9,405735,
2212,559.212803,1181702,7.3,364349,
2213,559.306786,3376136,22.7,295504,
2214,559.321844,927496,5.5,362482,
2215,559.471051,1998347,13,274141,
2216,560.164003,793881,4.5,306437,
2217,560.310264,1462812,9.2,337501,
2218,560.47436,668959,3.7,355191,
2219,560.583713,576545,3,328913,
2220,560.710157,586020,3.1,159948,
2221,561.09419,3089452,20.6,312391,
2222,561.213369,2072110,13.5,314827,
2223,561.258681,2801199,18.6,276738,
2224,561.301382,634416,3.4,348165,
2225,561.33798,867889,5.1,297511,
2226,561.486629,2401844,15.8,292795,
2227,561.489434,768564,4.4,448318,
2228,561.561972,591669,3.1,361074,
2229,562.097519,1116224,6.8,298531,
2230,562.21678,861763,5,376653,
2231,562.261923,665156,3.6,297446,
2232,562.489888,821576,4.7,293156,
2233,563.33793,1994842,13,279438,
2234,563.408183,886364,5.2,274154,
2235,563.504767,1143390,7,352278,
2236,563.552378,6348895,43.5,293997,
2237,563.577751,642911,3.5,400797,
2238,564.341366,939120,5.6,324484,
2239,564.507682,576115,3,407449,
2240,564.555744,2569332,17,297798,
2241,565.111251,1120384,6.8,340800,
2242,565.483974,684680,3.8,290223,
2243,565.520485,2051209,13.4,311194,
2244,566.52375,1044383,6.3,327456,
2245,567.104644,584108,3.1,331870,
2246,567.127034,1085356,6.6,303977,
2247,567.300173,1341616,8.4,326307,
2248,567.390683,714418,4,315367,
2249,567.46325,1218996,7.5,265876,
2250,568.458685,1064650,6.4,305846,
2251,569.15676,3409113,22.9,279365,
2252,569.332989,599389,3.2,326791,
2253,569.369667,1341150,8.4,324164,
2254,569.406039,729823,4.1,304493,
2255,569.441962,620768,3.3,215450,
2256,570.15182,792048,4.5,267897,
2257,570.160217,1164528,7.1,324802,
2258,571.172429,2365190,15.6,281251,
2259,571.348878,588938,3.1,298551,
2260,571.437138,1154828,7.1,328474,
2261,571.497895,1079566,6.5,279727,
2262,572.073772,1354011,8.5,157885,
2263,572.175645,979229,5.8,370802,
2264,573.19214,944691,5.6,378793,
2265,575.150153,674399,3.7,313644,
2266,575.20796,1365856,8.5,277038,
2267,575.3599,591332,3.1,328967,
2268,575.408286,595045,3.1,324984,
2269,575.431643,611301,3.3,301620,
2270,575.468392,609766,3.2,273024,
2271,576.211241,838006,4.8,292276,
2272,576.757503,1323394,8.2,334413,
2273,577.165864,695947,3.8,316019,
2274,577.214985,5644685,38.6,291746,
2275,577.223471,6486413,44.5,288061,
2276,577.332926,651919,3.5,346236,
2277,577.424006,5964177,40.8,275348,
2278,577.484217,1255570,7.8,296939,
2279,577.593174,638229,3.5,271184,
2280,578.218085,1101218,6.7,265080,
2281,578.226851,2189218,14.4,272233,
2282,578.427394,2507175,16.7,296733,
2283,579.104786,1378741,8.7,281386,
2284,579.439699,1050556,6.4,333762,
2285,579.462985,629949,3.4,389686,
2286,579.49952,1927102,12.6,258756,
2287,579.535948,1470910,9.4,292044,
2288,580.503061,790739,4.5,285769,
2289,580.539329,782292,4.5,362141,
2290,581.147162,734432,4.1,287282,
2291,581.288769,913891,5.4,373348,
2292,581.294886,961507,5.8,292517,
2293,581.455393,2172903,14.3,165537,
2294,581.479182,789735,4.5,272282,
2295,581.51536,1239784,7.7,229010,
2296,581.526445,688872,3.8,360698,
2297,582.458594,790011,4.5,268650,
2298,582.474247,770299,4.4,321563,
2299,583.064376,4524552,30.9,271459,
2300,583.346442,1165581,7.2,223860,
2301,583.385384,1080846,6.6,265404,
2302,583.458212,1307663,8.2,273064,
2303,583.47346,1578000,10.1,274567,
2304,584.067843,787739,4.5,336103,
2305,584.110374,607644,3.2,316360,
2306,584.167872,1262621,7.9,298138,
2307,584.349684,592545,3.1,348759,
2308,584.476688,652579,3.6,338905,
2309,585.151749,591664,3.1,359374,
2310,585.328396,797236,4.6,202215,
2311,585.364796,972596,5.8,273917,
2312,585.486499,804279,4.6,124117,
2313,586.089503,696898,3.9,224706,
2314,587.095688,1643092,10.6,277557,
2315,587.167317,2006614,13.1,264719,
2316,587.432103,616026,3.3,403014,
2317,587.502418,1404252,8.9,242244,
2318,588.170306,764007,4.4,261339,
2319,588.451065,615532,3.3,288656,
2320,589.182563,619641,3.3,319256,
2321,589.223579,897274,5.3,262315,
2322,589.344269,19686012,138.1,277927,
2323,589.517815,761855,4.3,201595,
2324,590.08415,600840,3.2,275362,
2325,590.347671,5307020,36.5,275842,
2326,591.351219,745116,4.2,292787,
2327,591.363653,623516,3.4,268998,
2328,591.535844,650399,3.6,277753,
2329,591.583589,4913824,33.7,289383,
2330,592.587053,1776303,11.5,311731,
2331,593.120691,1583798,10.1,282775,
2332,593.160831,2429623,16.1,282318,
2333,593.47884,1271483,7.9,262715,
2334,593.551895,1323708,8.3,304506,
2335,593.590111,615229,3.3,291476,
2336,594.123593,674756,3.7,321201,
2337,594.163921,992709,6,311488,
2338,594.554799,578250,3,198422,
2339,595.436839,669397,3.7,327734,
2340,595.494816,1369302,8.6,264315,
2341,596.489716,1686753,10.9,310213,
2342,596.498035,611041,3.3,268485,
2343,597.395259,2132203,14,258242,
2344,597.401195,894699,5.3,302764,
2345,597.437405,750060,4.3,365863,
2346,597.452532,865772,5.1,362355,
2347,597.473911,770284,4.4,288708,
2348,597.493346,746732,4.2,284810,
2349,598.398758,948469,5.7,363165,
2350,598.406641,604150,3.2,94079,
2351,598.434343,587254,3.1,138412,
2352,598.739619,1665785,10.7,294614,
2353,599.157602,943869,5.6,354876,
2354,599.19701,1213693,7.5,311955,
2355,599.380915,758142,4.3,178808,
2356,599.411007,1435647,9.1,250516,
2357,599.468484,1250047,7.8,288742,
2358,599.529057,2320128,15.4,277723,
2359,600.123648,651781,3.6,322967,
2360,600.532389,845320,5,323864,
2361,601.183047,1935629,12.8,293819,
2362,601.311583,1341198,8.5,247994,
2363,601.347529,630414,3.4,257316,
2364,601.426559,13214478,93.2,258514,
2365,601.483998,624015,3.4,278593,
2366,601.526144,921615,5.5,316732,
2367,602.186658,773907,4.5,274233,
2368,602.314889,687508,3.8,254474,
2369,602.429837,5667605,39.4,264389,
2370,602.695045,1035030,6.3,343565,
2371,603.198434,869145,5.1,326535,
2372,603.362749,622618,3.4,172281,
2373,603.433355,1097754,6.8,241608,
2374,603.439625,2377498,15.9,289989,
2375,603.442388,2413338,16.2,255785,
2376,604.099861,693661,3.9,255740,
2377,604.44295,1322527,8.4,252170,
2378,604.445661,1336607,8.5,261604,
2379,605.218323,936994,5.6,275442,
2380,605.284852,1923874,12.7,250646,
2381,605.379001,866338,5.1,309404,
2382,605.454989,2935587,19.9,272628,
2383,605.457901,5446435,37.8,277776,
2384,606.458343,1303845,8.2,289405,
2385,606.461351,2479397,16.6,261849,
2386,607.234037,5288743,36.7,272623,
2387,607.464429,817447,4.8,269766,
2388,607.470954,1562407,10.1,288906,
2389,607.567097,1048871,6.4,316630,
2390,608.237347,1874728,12.3,260741,
2391,608.474335,813608,4.7,325417,
2392,609.1121,675368,3.8,362181,
2393,609.35898,626984,3.4,314782,
2394,609.416292,643624,3.5,285759,
2395,609.474225,601384,3.2,228856,
2396,609.486541,1951528,12.9,262345,
2397,609.509978,689448,3.9,316689,
2398,609.557825,1062696,6.5,226919,
2399,611.299135,610086,3.3,258975,
2400,611.326265,1162278,7.2,264487,
2401,611.432091,843046,5,259789,
2402,611.45308,907814,5.4,287121,
2403,611.489814,721702,4.1,235023,
2404,612.435248,658211,3.6,308413,
2405,613.173126,1918241,12.6,290924,
2406,613.390051,780576,4.5,291776,
2407,613.396076,1074464,6.6,289729,
2408,613.44781,1127200,7,332207,
2409,614.176509,815133,4.8,329271,
2410,615.363405,816407,4.8,235975,
2411,615.405812,1338647,8.5,287210,
2412,615.463213,700311,3.9,219476,
2413,616.063635,3257107,22.2,250193,
2414,616.194115,744211,4.3,282487,
2415,617.067101,1195277,7.5,307660,
2416,617.343138,594571,3.2,248985,
2417,617.379136,1021707,6.2,292093,
2418,617.42144,2265867,15.1,284225,
2419,618.424924,697987,3.9,211088,
2420,619.234252,862716,5.1,246839,
2421,619.358454,1217275,7.6,321300,
2422,619.39495,598779,3.2,148046,
2423,619.436902,970747,5.9,135867,
2424,619.639748,615929,3.3,336834,
2425,620.36179,600818,3.2,298657,
2426,620.721511,1489135,9.6,270106,
2427,621.241381,5706474,39.7,268638,
2428,621.373761,715496,4,315076,
2429,621.392833,5561064,38.6,266638,
2430,621.410318,651880,3.6,237655,
2431,621.452778,1065960,6.5,279795,
2432,621.54645,879591,5.2,286788,
2433,621.583004,1090534,6.7,261130,
2434,622.118462,870112,5.2,294314,
2435,622.244522,1376735,8.8,252182,
2436,622.39608,2348766,15.7,264690,
2437,623.057041,1178838,7.4,318743,
2438,623.244252,3177172,21.6,258382,
2439,623.350834,762707,4.4,256783,
2440,623.399612,570962,3,300852,
2441,623.408644,1453778,9.3,273941,
2442,623.452833,634065,3.5,257001,
2443,623.525704,758480,4.4,290666,
2444,624.247568,1678536,11,249310,
2445,625.251762,575675,3.1,354158,
2446,625.321266,1530554,10,272308,
2447,625.424236,4564665,31.8,258813,
2448,625.432732,738488,4.3,268685,
2449,625.468884,1627320,10.7,254515,
2450,625.787959,578740,3.1,265357,
2451,626.427482,2051243,13.7,250294,
2452,626.472184,708778,4,324713,
2453,626.548016,1490601,9.7,253929,
2454,627.08894,587937,3.2,197574,
2455,627.41166,795548,4.7,255996,
2456,627.439775,564380,3,403685,
2457,627.551515,749210,4.3,249404,
2458,627.560687,1399706,9,222012,
2459,628.563683,569867,3,287817,
2460,629.342771,612222,3.3,251380,
2461,629.379267,994942,6.1,285707,
2462,629.455478,1041020,6.4,246485,
2463,629.55755,583547,3.1,130490,
2464,630.079391,4301426,30,249784,
2465,631.082688,1427553,9.2,251724,
2466,631.094269,642657,3.6,124908,
2467,631.183874,569311,3,154470,
2468,631.358809,626396,3.4,305859,
2469,631.394628,1026395,6.3,287154,
2470,631.400331,690907,3.9,185413,
2471,632.187341,588365,3.2,328200,
2472,633.337413,580535,3.1,231314,
2473,633.370533,13521463,96.4,248478,
2474,633.374812,1109047,6.9,300892,
2475,633.410622,691510,3.9,265617,
2476,633.41648,828470,4.9,158867,
2477,634.374138,3647011,25.2,241786,
2478,634.614608,572958,3.1,273784,
2479,635.229203,776978,4.5,322019,
2480,635.377269,744719,4.3,128670,
2481,635.389857,998670,6.1,182535,
2482,635.432191,750861,4.3,277803,
2483,635.59845,607114,3.3,261963,
2484,637.244653,2721255,18.6,240562,
2485,637.447535,756962,4.4,254482,
2486,637.468672,651746,3.6,257329,
2487,637.589052,1059295,6.6,262546,
2488,638.146138,605907,3.3,322375,
2489,638.247917,1171152,7.4,239493,
2490,639.447929,982197,6,244467,
2491,639.484493,1827764,12.1,255729,
2492,639.520903,603571,3.3,358477,
2493,640.451409,753053,4.4,256860,
2494,640.487975,1089436,6.8,318431,
2495,641.023422,578959,3.1,130336,
2496,641.427518,953989,5.8,283636,
2497,641.463865,647300,3.6,278088,
2498,642.703731,905573,5.5,253603,
2499,643.223253,919896,5.6,204735,
2500,643.3583,571220,3.1,185388,
2501,645.374216,823070,4.9,239322,
2502,646.377767,711427,4.1,305337,
2503,647.35285,746727,4.3,271934,
2504,647.389769,1162470,7.3,279278,
2505,648.089959,2730194,18.6,234077,
2506,648.393379,639433,3.5,340449,
2507,649.074135,889013,5.3,321865,
2508,649.093194,838324,5,274593,
2509,649.311207,1433262,9.3,252620,
2510,649.40532,997547,6.1,299615,
2511,649.411996,737195,4.3,307568,
2512,649.577802,649126,3.6,352686,
2513,649.61491,827045,5,252650,
2514,650.361962,819598,4.9,321017,
2515,651.239144,1109619,7,293900,
2516,651.384534,691055,4,249557,
2517,651.420723,655726,3.7,280848,
2518,651.557364,745834,4.4,344043,
2519,652.003418,566620,3.1,311131,
2520,652.242463,666196,3.8,332938,
2521,653.138424,1043000,6.5,272922,
2522,653.254845,2268212,15.5,245232,
2523,653.463494,1359917,8.8,240679,
2524,653.500192,3335212,23.2,278740,
2525,654.258088,1141779,7.2,325361,
2526,654.503618,1190923,7.6,255181,
2527,654.579584,1049609,6.6,277684,
2528,655.352659,761839,4.5,328995,
2529,655.443129,866284,5.2,289518,
2530,655.582599,621544,3.5,312961,
2531,656.446246,561482,3,227971,
2532,657.030986,832439,5,320511,
2533,659.353523,567398,3.1,328862,
2534,661.369139,638493,3.6,208138,
2535,661.384714,621468,3.5,227469,
2536,661.405098,872987,5.3,274631,
2537,662.105493,1868546,12.5,243451,
2538,662.408819,559094,3,313093,
2539,662.91007,877284,5.3,330296,
2540,663.089578,1260253,8.1,303675,
2541,663.384624,642770,3.6,349964,
2542,663.421427,716241,4.1,316379,
2543,664.100186,779959,4.6,264771,
2544,664.625427,677923,3.9,238624,
2545,664.685333,663969,3.8,300846,
2546,665.255263,625675,3.5,249052,
2547,665.267393,3789450,26.5,233517,
2548,665.499976,852865,5.1,224558,
2549,665.573109,573502,3.1,195755,
2550,666.270783,1005155,6.3,221035,
2551,666.640646,742997,4.3,235111,
2552,667.25544,736828,4.3,145618,
2553,667.480197,589747,3.2,181403,
2554,667.515861,4511282,31.8,229406,
2555,668.519066,2122762,14.4,227221,
2556,669.347431,870632,5.3,125777,
2557,669.458866,1138916,7.2,220243,
2558,675.120185,945912,5.8,224795,
2559,677.39695,6825111,48.7,227547,
2560,677.645778,638604,3.6,285074,
2561,678.400237,2114668,14.5,237255,
2562,679.515794,922428,5.7,239376,
2563,680.115913,564130,3.1,259444,
2564,680.656713,571275,3.1,183343,
2565,681.249729,703985,4.1,307013,
2566,681.253387,607217,3.4,330921,
2567,681.495135,1022951,6.5,279410,
2568,681.531433,4781030,34.2,232828,
2569,682.534981,2074554,14.2,229235,
2570,682.63596,766390,4.6,316641,
2571,683.265532,2228123,15.3,235618,
2572,684.269017,1150833,7.4,236730,
2573,685.402294,594305,3.3,160705,
2574,686.667722,1415948,9.4,240768,
2575,687.249906,678644,3.9,193424,
2576,690.896708,730721,4.3,336778,
2577,692.657035,784412,4.7,328583,
2578,693.337384,863746,5.3,253345,
2579,693.531428,940538,5.9,278960,
2580,695.546961,5093808,36.5,221438,
2581,695.675031,639787,3.6,194120,
2582,696.550316,2311563,16,259349,
2583,697.164204,804213,4.9,293890,
2584,697.37314,624622,3.5,239760,
2585,697.490053,714090,4.2,304382,
2586,697.526504,576617,3.2,273495,
2587,698.179662,584018,3.2,291699,
2588,698.924498,557369,3,199758,
2589,705.676852,748399,4.4,263469,
2590,707.547348,695744,4.1,227949,
2591,708.090002,1167155,7.5,226803,
2592,709.293735,2030105,13.8,226119,
2593,709.526517,554772,3,305873,
2594,709.562823,3666963,25.8,212530,
2595,710.566216,1639935,11,223256,
2596,713.182346,1401298,9.2,271917,
2597,713.276173,1098704,7,263652,
2598,714.185607,626627,3.5,110321,
2599,721.422942,2352528,16.2,214483,
2600,721.562458,803216,4.8,257798,
2601,722.106029,2011024,13.7,222805,
2602,722.426605,590225,3.3,242530,
2603,722.565797,583057,3.2,299920,
2604,723.109258,774546,4.6,243820,
2605,723.578753,2881428,20.1,234554,
2606,723.672742,628373,3.5,249262,
2607,724.581822,1247642,8.1,250386,
2608,729.286491,649424,3.7,222098,
2609,729.676019,621783,3.5,315259,
2610,737.59442,3646645,25.7,236490,
2611,738.597684,1597662,10.7,204411,
2612,740.116066,726048,4.3,289854,
2613,749.439918,587835,3.2,300667,
2614,749.59472,684357,3.9,227200,
2615,751.452005,580680,3.1,216010,
2616,751.610143,1215444,7.7,244240,
2617,753.320013,819539,4.9,200523,
2618,758.353995,844514,5,275624,
2619,761.593961,743668,4.3,222160,
2620,763.173156,603261,3.3,294636,
2621,763.609796,943011,5.7,238486,
2622,764.613365,690940,3.9,268131,
2623,765.449391,747846,4.3,288496,
2624,765.625044,1300565,8.3,202890,
2625,766.629327,694959,4,305672,
2626,787.674296,571607,3.1,233716,
2627,788.828519,564912,3,242079,
2628,795.797616,576406,3.1,209690,
2629,799.133032,1074394,6.7,220971,
2630,804.080301,614470,3.4,189510,
2631,813.148685,720304,4.2,215767,
2632,817.648413,564283,3,207260,
2633,825.52857,582080,3.2,144285,
2634,831.158327,703626,4.1,250441,
2635,837.672704,573164,3.1,218235,
2636,838.055494,667481,3.8,187796,
2637,845.174555,555996,3,249419,
2638,856.143152,638031,3.6,202668,
2639,900.253539,599956,3.3,207865,
2640,1005.773447,594964,3.2,171877,
2641,1031.828141,578726,3.1,210503,
2642,1039.804895,603493,3.2,144599,
2643,1047.086311,697245,3.9,143101,
2644,1047.200295,736032,4.1,132595,
2645,1047.254683,592034,3.1,128969,
2646,1073.343802,609896,3.2,156065,
2647,1098.625647,583844,3,175332,
2648,1102.179545,626179,3.3,164003,
2649,1121.771519,581605,3,181078,
2650,1128.87277,626301,3.3,63488,
2651,1131.938943,732602,4.1,177967,