"Inst_blank_0312_neg: 100 scans, H1=0.1, H2=0.5, TOF=0.0009, Q1=250, Ex Amp=8.75, neb=0.5 ",,,,,
Acquired 3/12/2020  9:11 AM,,,,,
#,m/z,I,S/N,Res.,
1,139.088555,489181,3,1230649,
2,139.20498,488551,3,1244673,
3,139.584759,501717,3.1,1157655,
4,140.710772,948839,6.9,1314937,
5,140.74701,491603,3,874028,
6,141.581335,536536,3.4,710554,
7,141.795827,502621,3.1,1505736,
8,141.863503,503263,3.1,1099322,
9,142.140692,488396,3,1242548,
10,142.142488,854068,6.1,1483362,
11,142.98178,501643,3.1,1584751,
12,143.307996,516023,3.2,1113080,
13,145.021705,585763,3.8,539695,
14,146.437845,497631,3.1,995186,
15,147.059971,517797,3.3,834635,
16,147.065806,526951,3.3,876320,
17,147.201292,500676,3.1,1330464,
18,147.253747,488824,3,1344675,
19,147.409158,522858,3.3,1137430,
20,148.034493,488990,3,1347396,
21,148.058045,490341,3,1181502,
22,150.975714,517318,3.3,1263685,
23,151.053465,504658,3.1,1362027,
24,151.133275,688252,4.7,1329185,
25,152.862993,499417,3.1,748833,
26,152.885046,504059,3.1,1226598,
27,153.260546,500793,3.1,1152288,
28,157.222332,494912,3.1,1118933,
29,158.31412,1322066,10,798707,
30,158.481565,552398,3.5,1102662,
31,160.574216,501500,3.1,1033635,
32,160.591479,542284,3.5,1249424,
33,160.636134,496416,3.1,1018740,
34,161.091857,510140,3.2,1013595,
35,161.148533,561804,3.6,1015409,
36,163.785898,571689,3.7,1266892,
37,164.064671,490737,3,1008513,
38,166.414349,487374,3,1016227,
39,166.647037,514511,3.2,925371,
40,166.78054,551671,3.5,972559,
41,166.964988,540232,3.4,960857,
42,167.693333,502194,3.1,1314069,
43,168.191613,527916,3.3,843129,
44,168.982441,492408,3,886900,
45,170.024134,512573,3.2,1007289,
46,170.412098,516616,3.2,1101548,
47,172.357185,550949,3.5,1217520,
48,172.684281,1363208,10.4,1047916,
49,172.736025,635904,4.2,969729,
50,173.365099,500922,3.1,747168,
51,173.820958,487674,3,864408,
52,174.371524,2379223,18.9,1049589,
53,174.47421,488200,3,1088346,
54,177.347818,626745,4.2,1190696,
55,178.392265,501622,3.1,1030207,
56,178.590827,488361,3,1208458,
57,179.174534,524433,3.3,933545,
58,179.336547,496612,3.1,1038719,
59,179.340017,496668,3.1,753432,
60,180.516435,665734,4.5,938286,
61,182.00818,488606,3,847747,
62,182.371828,492356,3,912915,
63,182.434247,490469,3,1021880,
64,182.54895,617863,4.1,1240387,
65,182.848203,507788,3.2,1036312,
66,182.970411,489895,3,954600,
67,184.762883,489024,3,924681,
68,187.014232,612125,4,1062564,
69,187.645717,498283,3.1,745885,
70,188.245876,519480,3.3,1031372,
71,189.448117,935091,6.7,909700,
72,189.69622,512392,3.2,1086445,
73,190.206791,1182468,8.8,841802,
74,191.075124,522489,3.3,943593,
75,194.935946,517787,3.2,1027978,
76,194.959647,495052,3,878160,
77,197.016335,530404,3.3,778621,
78,197.285508,531771,3.4,826022,
79,197.39421,509551,3.2,941765,
80,198.227421,506006,3.1,752512,
81,199.087586,505295,3.1,871412,
82,199.538268,520604,3.3,705722,
83,199.947273,495336,3,959739,
84,204.744008,520781,3.3,766637,
85,205.903752,492850,3,840203,
86,206.530626,558615,3.6,402399,
87,208.648474,521918,3.3,876208,
88,208.926075,532871,3.4,825279,
89,209.319743,520597,3.2,889766,
90,209.511199,507771,3.1,947507,
91,210.128575,529968,3.3,946716,
92,211.42178,540573,3.4,798978,
93,211.576662,514855,3.2,509783,
94,211.616693,494084,3,1018736,
95,211.994735,574289,3.7,874269,
96,212.481012,593218,3.9,904131,
97,212.485382,750787,5.2,1021133,
98,212.486827,809091,5.6,890921,
99,212.488304,790147,5.5,931785,
100,213.479976,519046,3.2,900136,
101,213.972775,521175,3.2,776129,
102,215.34083,630377,4.2,826477,
103,218.688052,493827,3,812670,
104,220.303058,503263,3.1,756773,
105,226.313926,530435,3.3,894053,
106,227.559632,494563,3,637948,
107,228.423419,507444,3.1,869588,
108,228.546083,539929,3.4,674663,
109,231.208986,502479,3.1,546204,
110,231.704179,526354,3.3,392888,
111,235.147846,500759,3.1,872832,
112,236.171852,535903,3.4,802261,
113,239.20832,497155,3,593620,
114,242.076224,505056,3.1,760249,
115,242.441049,518061,3.2,882171,
116,246.31544,499486,3,599177,
117,246.38372,517120,3.2,656849,
118,248.293316,654598,4.3,759333,
119,251.321787,507572,3.1,690864,
120,251.444197,557689,3.5,605116,
121,251.982403,534284,3.3,711850,
122,256.510518,533806,3.3,653301,
123,257.262878,524169,3.2,791490,
124,258.150485,555241,3.5,637528,
125,260.281599,522676,3.2,696651,
126,261.148835,586899,3.7,595242,
127,262.578312,510854,3.1,717598,
128,267.532453,504375,3,620602,
129,272.888903,511225,3.1,731807,
130,273.307271,537288,3.3,679701,
131,273.878474,508317,3,608734,
132,275.317748,506002,3,630332,
133,275.999095,893547,6.2,661106,
134,276.186472,1961714,14.8,681854,
135,281.248741,2364081,18.1,281439,
136,282.252232,604376,3.8,340954,
137,282.341939,545947,3.3,528125,
138,283.263928,5249279,41.4,439656,
139,283.264415,11458815,91.7,578119,
140,284.267774,2386214,18.2,607777,
141,285.046097,523973,3.2,422743,
142,288.452162,536973,3.3,603983,
143,289.944833,532618,3.2,585594,
144,290.467216,635296,4,624131,
145,293.176026,2976401,22.9,283119,
146,293.178851,575377,3.6,759214,
147,293.179437,779025,5.2,737871,
148,294.179275,657596,4.2,516431,
149,295.155163,948902,6.5,401022,
150,295.22806,909417,6.2,677877,
151,295.264439,631019,4,784591,
152,297.153126,2806590,21.4,409876,
153,297.243658,2021954,15.1,510314,
154,297.280069,1120324,7.9,511707,
155,297.413102,524361,3.1,587244,
156,297.679647,509557,3,506877,
157,298.156503,845419,5.7,612073,
158,298.246841,659567,4.2,621198,
159,299.054845,689171,4.5,589550,
160,299.165379,553752,3.4,450428,
161,299.201817,10679194,84.6,499733,
162,299.259319,1706652,12.6,491071,
163,299.338813,565984,3.5,522265,
164,300.205155,2380743,18,475297,
165,300.866019,1564646,11.4,294244,
166,301.159902,2001651,14.9,431149,
167,301.217485,3275254,25.1,273701,
168,302.163388,748834,4.9,600007,
169,302.220517,631781,4,367208,
170,303.003107,1491018,10.8,300222,
171,303.233071,6127701,47.9,498653,
172,304.236435,1511556,11,555260,
173,305.118435,1319855,9.5,566668,
174,305.175888,582322,3.6,554216,
175,305.248759,790197,5.2,470319,
176,306.90711,540167,3.2,572337,
177,307.19514,643349,4.1,499228,
178,307.22803,577367,3.5,586226,
179,307.264419,1740312,12.8,606019,
180,309.170933,3432825,26.3,451446,
181,309.174311,2885497,21.9,481022,
182,309.207265,1388154,10,603615,
183,309.241271,2536828,19.1,258606,
184,309.280049,3013502,22.9,469984,
185,310.17434,772652,5.1,352294,
186,310.177733,527404,3.1,778234,
187,310.244566,520431,3.1,528406,
188,310.283404,871986,5.9,659340,
189,310.383547,517751,3.1,693346,
190,311.150233,701663,4.5,688011,
191,311.166043,815583,5.4,375123,
192,311.168768,30424544,241.4,500886,
193,311.186635,690528,4.4,713498,
194,311.222041,750818,4.9,856125,
195,311.222938,1114338,7.8,443550,
196,311.259419,849636,5.7,698733,
197,311.295692,8440294,66.2,503834,
198,312.171298,1669396,12.1,517929,
199,312.172177,5522965,42.6,506943,
200,312.299083,2209307,16.4,517258,
201,313.070532,707780,4.5,446273,
202,313.144738,743752,4.8,635990,
203,313.164599,1697865,12.4,529370,
204,313.175568,693450,4.4,580059,
205,313.181078,4398666,33.7,548783,
206,313.191799,640971,4,611834,
207,313.202352,599435,3.7,232044,
208,313.217484,3577420,27.2,523924,
209,313.238569,2029389,15,429683,
210,313.275025,629071,3.9,638122,
211,313.311355,632273,3.9,469160,
212,313.322668,546898,3.3,602170,
213,314.184486,908160,6.1,586091,
214,314.22086,778370,5.1,500573,
215,314.241879,710531,4.6,625506,
216,315.049844,654383,4.1,295541,
217,315.157909,875573,5.9,629910,
218,315.160359,1555638,11.2,551551,
219,315.181546,816567,5.4,599710,
220,315.196726,5371576,41.4,496784,
221,315.254274,1837755,13.5,541437,
222,316.200091,1138415,7.9,502208,
223,317.154891,689381,4.4,423174,
224,317.17596,696998,4.4,633622,
225,317.212369,2630440,19.7,512535,
226,318.050543,517719,3,792419,
227,318.215725,579297,3.5,654300,
228,318.832278,519812,3,363431,
229,319.11887,683925,4.3,254031,
230,319.155108,627799,3.9,351512,
231,319.191749,982681,6.7,642429,
232,319.228042,2663323,19.8,554824,
233,320.231413,588246,3.6,717523,
234,320.922936,1473278,10.5,641643,
235,321.170865,1181453,8.2,503908,
236,321.188055,1245710,8.7,458512,
237,321.204984,707855,4.5,596509,
238,321.207381,731407,4.7,415638,
239,321.210689,2047503,15,547709,
240,321.241317,896017,6,598204,
241,321.243648,1324305,9.3,552728,
242,322.053552,556545,3.3,454249,
243,323.150202,631620,3.9,513463,
244,323.168813,696325,4.4,411698,
245,323.186647,1464710,10.4,532456,
246,323.189944,1878150,13.7,571054,
247,323.220509,5731464,43.9,474034,
248,323.222902,1354120,9.6,521964,
249,323.256962,2252938,16.6,500401,
250,323.259348,906378,6.1,633372,
251,323.295693,903500,6,404954,
252,323.332118,928911,6.2,452385,
253,324.223893,989381,6.7,493416,
254,324.226122,586373,3.5,457915,
255,324.919866,541840,3.2,315182,
256,325.165836,1248767,8.7,550106,
257,325.18091,802624,5.2,254434,
258,325.183463,8901888,68.3,312932,
259,325.184429,55562496,431.6,500173,
260,325.187303,976640,6.5,580082,
261,325.19984,988673,6.6,541029,
262,325.202205,1333505,9.3,459850,
263,325.23855,929540,6.2,586052,
264,325.274975,1566982,11.1,578277,
265,325.311384,6695176,51.1,496387,
266,325.347755,1988106,14.4,454768,
267,326.187845,21397822,165.5,552432,
268,326.31478,1738567,12.5,457785,
269,327.033755,524660,3,623675,
270,327.086105,661111,4.1,599018,
271,327.160269,559612,3.3,575703,
272,327.180241,2142077,15.6,564998,
273,327.18156,983933,6.6,520557,
274,327.191239,751870,4.8,449452,
275,327.19687,594686,3.6,566888,
276,327.217847,2865024,21.3,463612,
277,327.254257,2114434,15.4,533745,
278,327.290681,1296516,9,542036,
279,328.18364,592573,3.6,591642,
280,328.221247,603200,3.6,647855,
281,328.293876,560196,3.3,597236,
282,328.860943,2564073,18.9,543213,
283,329.093243,553848,3.3,634894,
284,329.139597,773371,5,557980,
285,329.160797,572092,3.4,412414,
286,329.175141,710141,4.5,693868,
287,329.176011,2347005,17.2,517250,
288,329.197166,976638,6.5,570238,
289,329.212437,1978879,14.4,520666,
290,329.233574,1692673,12.1,253598,
291,330.179335,628158,3.8,662259,
292,330.215752,685633,4.3,705198,
293,331.155288,1120382,7.7,247942,
294,331.17631,564864,3.3,666532,
295,331.191686,2541697,18.7,527437,
296,331.249245,597509,3.6,417805,
297,331.264434,1120902,7.7,553560,
298,331.546352,553240,3.2,441380,
299,331.839169,1598636,11.4,495434,
300,332.080528,1107644,7.5,323276,
301,332.145775,561216,3.3,610217,
302,332.152398,6537921,49.4,507912,
303,332.194964,674755,4.2,659890,
304,332.886345,831730,5.4,643261,
305,333.113401,1870593,13.4,523914,
306,333.126234,658306,4,454644,
307,333.148741,14326531,109.6,492379,
308,333.155845,668676,4.1,586300,
309,333.170976,1267205,8.7,560263,
310,333.207303,3133191,23.1,538769,
311,333.2437,643594,3.9,640114,
312,333.280063,1827852,13.1,485765,
313,334.152098,1074631,7.2,461973,
314,334.210698,861643,5.6,505074,
315,334.225701,643276,3.9,299035,
316,334.31173,825682,5.3,514364,
317,334.727492,594670,3.5,561396,
318,334.902139,999290,6.7,616063,
319,334.938565,4608893,34.5,499641,
320,335.016032,526210,3,579488,
321,335.129099,2694026,19.8,526554,
322,335.150261,661259,4.1,531475,
323,335.181648,592142,3.5,496372,
324,335.186542,2127246,15.4,534139,
325,335.218201,613776,3.7,270061,
326,335.223006,3897232,29,533191,
327,335.256069,616979,3.7,569566,
328,335.256912,1604755,11.3,292295,
329,335.259395,657683,4,506665,
330,335.295809,2394517,17.4,529250,
331,335.93815,799682,5.1,414561,
332,336.118671,525518,3,538265,
333,336.132437,705999,4.4,580371,
334,336.22621,1272022,8.8,494219,
335,336.327388,12882909,98.4,491015,
336,336.858974,890114,5.8,592463,
337,336.917808,1785350,12.7,526912,
338,336.93551,721287,4.5,554250,
339,337.031705,535758,3.1,535061,
340,337.129207,564180,3.3,502793,
341,337.165867,1477655,10.4,485783,
342,337.202254,2531866,18.5,517369,
343,337.204356,1135130,7.7,599961,
344,337.205579,5575706,42,518883,
345,337.236307,2614300,19.1,469250,
346,337.238663,1444124,10.1,507875,
347,337.272589,5648415,42.6,519807,
348,337.311438,3777569,28.1,506915,
349,337.330769,2877987,21.2,512622,
350,338.205478,566880,3.3,677539,
351,338.208978,1144416,7.8,484406,
352,338.27591,1369189,9.5,537400,
353,338.314679,682216,4.2,516535,
354,338.342983,2212970,16,534807,
355,338.933479,1431700,10,611684,
356,339.047404,2805404,20.6,486310,
357,339.145056,618147,3.7,537952,
358,339.163727,527140,3,267121,
359,339.181475,1778597,12.7,469597,
360,339.199292,3377319,25,365675,
361,339.200145,19813542,151.9,488885,
362,339.201757,866215,5.6,600604,
363,339.207397,590823,3.5,491037,
364,339.215547,2826920,20.6,523459,
365,339.217959,1430440,9.9,496791,
366,339.254267,1184939,8,518926,
367,339.290755,1438125,10,545245,
368,339.323285,535855,3.1,301984,
369,339.327029,21734576,165.3,503318,
370,340.046481,3043555,22.3,510901,
371,340.203495,3885807,28.7,518266,
372,340.28603,584308,3.4,640350,
373,340.294232,529269,3,667116,
374,340.330387,4959480,36.9,480560,
375,340.569986,552841,3.2,584671,
376,340.858536,6022430,45.1,489440,
377,341.101811,1617711,11.3,481720,
378,341.109149,3518768,25.9,510958,
379,341.124404,556849,3.2,560351,
380,341.142966,581554,3.4,398402,
381,341.160775,993588,6.6,520034,
382,341.177901,1118261,7.5,497092,
383,341.179428,1128245,7.6,582474,
384,341.19586,760886,4.8,473623,
385,341.197185,1387062,9.6,528305,
386,341.223111,996920,6.6,624213,
387,341.233605,1731385,12.2,516132,
388,341.269911,5758268,43,511482,
389,341.306362,3404606,25,502743,
390,341.333596,554176,3.2,550756,
391,341.34276,862273,5.6,502418,
392,342.273303,1530245,10.7,509350,
393,342.301628,766471,4.8,549851,
394,342.309686,643463,3.9,571145,
395,342.854245,555119,3.2,387686,
396,342.920702,548660,3.2,617550,
397,343.157155,711494,4.4,600007,
398,343.176324,825287,5.3,524397,
399,343.191797,633416,3.8,221269,
400,343.212796,2367946,17.1,514803,
401,343.228077,620235,3.7,319195,
402,343.249204,1174732,7.9,550586,
403,343.688652,530861,3,564232,
404,345.170967,817243,5.2,636146,
405,345.207362,808542,5.1,632063,
406,345.228475,794080,5,445725,
407,345.243935,678881,4.1,499281,
408,346.145173,1557413,10.9,573518,
409,346.275308,812207,5.2,547236,
410,346.76412,559700,3.2,526430,
411,347.103915,2125038,15.1,529049,
412,347.129184,807280,5.1,535603,
413,347.131345,540400,3.1,759362,
414,347.13245,1655280,11.5,468283,
415,347.147837,545265,3.1,630143,
416,347.150095,827121,5.2,299885,
417,347.151224,957937,6.2,521881,
418,347.186596,1404916,9.6,518474,
419,347.220611,597175,3.5,503062,
420,347.222918,931191,6,496228,
421,347.259383,930554,6,571711,
422,347.29574,728828,4.5,520846,
423,347.55962,1139089,7.6,445045,
424,348.061355,706359,4.3,590658,
425,348.107232,612283,3.6,491107,
426,348.291123,711241,4.4,489234,
427,348.371777,584719,3.4,447237,
428,348.954228,7046012,52.4,473955,
429,348.974642,537597,3,518682,
430,349.108232,540680,3.1,661985,
431,349.129381,535561,3,522074,
432,349.165962,1150860,7.7,474725,
433,349.202281,2626447,18.9,459755,
434,349.205583,1726095,12.1,481962,
435,349.233815,867857,5.5,300294,
436,349.236249,2137234,15.2,461716,
437,349.238695,1036178,6.8,473973,
438,349.241841,632466,3.8,397351,
439,349.275045,1241237,8.4,609626,
440,349.311379,677911,4.1,607314,
441,349.953783,1511369,10.4,539342,
442,350.205549,680797,4.1,546101,
443,350.306636,3522533,25.7,464183,
444,350.334939,539751,3.1,533737,
445,350.951075,895896,5.8,549267,
446,351.142679,542375,3.1,487617,
447,351.145081,595399,3.5,369929,
448,351.161313,564008,3.2,468347,
449,351.181534,1636906,11.4,492027,
450,351.215564,1276588,8.6,397544,
451,351.217934,2681389,19.3,521375,
452,351.221296,2089517,14.8,496193,
453,351.251883,7733295,57.6,484309,
454,351.254352,769199,4.8,338647,
455,351.290665,1002418,6.6,469356,
456,351.310041,1045172,6.9,438385,
457,351.327064,997813,6.5,487258,
458,351.363482,1070904,7.1,513455,
459,352.221123,588988,3.4,365526,
460,352.255248,1733503,12.1,474311,
461,352.322296,3134596,22.7,441491,
462,352.949191,6746294,50.1,490298,
463,353.063052,1420223,9.7,485301,
464,353.160739,1023431,6.7,574801,
465,353.197208,1555914,10.8,480767,
466,353.200566,10141898,75.9,489023,
467,353.210071,1580747,11,470840,
468,353.215858,749003,4.6,237111,
469,353.231173,6644941,49.4,443029,
470,353.233631,1096909,7.3,489606,
471,353.269935,1151951,7.7,567650,
472,353.306335,2696914,19.4,461149,
473,353.325686,800468,5,573051,
474,353.342695,15370453,115.6,480345,
475,353.379158,1721816,12,502295,
476,353.948765,1235462,8.3,415126,
477,354.200379,601114,3.5,598209,
478,354.203919,1610266,11.2,534467,
479,354.234521,1402397,9.6,538206,
480,354.301491,640034,3.8,682131,
481,354.309714,656163,3.9,414315,
482,354.346102,3516710,25.6,465101,
483,354.691362,608898,3.5,415784,
484,354.946039,1055062,6.9,540333,
485,355.117535,792676,4.9,478050,
486,355.150464,656359,3.9,621922,
487,355.1765,1041257,6.8,518471,
488,355.212868,810028,5.1,418418,
489,355.249173,2132847,15,426200,
490,355.285623,5415282,39.7,464069,
491,355.321981,2090869,14.7,516371,
492,355.349378,697591,4.2,572241,
493,356.087387,1341363,9,493956,
494,356.288951,1237956,8.3,534041,
495,356.58916,804572,5,522469,
496,356.936451,550137,3.1,473364,
497,357.088309,787589,4.9,508797,
498,357.134633,770313,4.8,294839,
499,357.170955,597388,3.5,536349,
500,357.192092,657422,3.9,600129,
501,357.228541,1418513,9.6,448677,
502,357.264728,1230612,8.2,488695,
503,358.096113,1829976,12.7,445582,
504,358.82463,646165,3.8,640664,
505,358.840924,6137495,45.1,493663,
506,358.871613,808473,5,463690,
507,358.956372,583200,3.3,633827,
508,359.103911,12157612,90.4,476790,
509,359.11473,891053,5.7,566769,
510,359.171373,922802,5.9,511201,
511,359.186427,951987,6.1,541693,
512,359.207799,650549,3.9,582654,
513,359.223016,633398,3.7,298967,
514,359.259287,554041,3.1,538295,
515,360.107231,2548992,18.1,461544,
516,360.23919,550987,3.1,413654,
517,360.836728,638782,3.8,580352,
518,360.971903,703177,4.2,404444,
519,361.085805,542163,3,508629,
520,361.119622,795222,4.9,273408,
521,361.147998,550872,3.1,600323,
522,361.163521,1362009,9.2,430161,
523,361.166871,942042,6,199206,
524,361.197425,1570140,10.8,479541,
525,361.202213,977245,6.3,289823,
526,361.274895,546659,3.1,555099,
527,362.197389,771601,4.8,270844,
528,362.343124,1259454,8.4,496013,
529,362.896952,1332717,8.9,496281,
530,362.969912,16473075,121.6,478881,
531,362.982245,563316,3.2,714573,
532,363.124092,1189632,7.8,465850,
533,363.181501,1673477,11.4,433692,
534,363.213124,3105288,22.1,452521,
535,363.217945,1080072,7,501298,
536,363.249516,669323,4,463460,
537,363.254292,836236,5.2,530899,
538,363.290718,896783,5.6,608917,
539,363.327056,1095954,7.1,519360,
540,363.969479,3120201,22.2,448447,
541,363.973315,1031497,6.7,468764,
542,364.077899,964434,6.2,423461,
543,364.213121,1249374,8.3,481395,
544,364.21628,723422,4.4,461093,
545,364.285958,1298788,8.6,400924,
546,364.358676,1007723,6.5,482276,
547,364.579569,780414,4.8,542206,
548,364.966728,2009759,13.9,435278,
549,365.124368,559533,3.1,579930,
550,365.139644,4103343,29.5,457868,
551,365.160784,780720,4.8,325045,
552,365.176924,762802,4.6,607210,
553,365.197172,1592755,10.8,473534,
554,365.231187,1292982,8.6,450078,
555,365.23363,735671,4.4,459231,
556,365.236911,1274807,8.5,450848,
557,365.267485,1263034,8.4,270103,
558,365.269874,1147322,7.5,420872,
559,365.28928,628283,3.6,643210,
560,365.306339,1052989,6.8,443650,
561,365.342686,3977408,28.6,442893,
562,365.379105,621507,3.6,612588,
563,365.966289,583158,3.3,469044,
564,366.143068,1057030,6.8,551261,
565,366.270937,587281,3.3,445293,
566,366.30157,1771540,12.2,478907,
567,366.346036,1010584,6.5,477612,
568,366.374476,695194,4.1,526348,
569,366.837782,974403,6.2,563381,
570,366.964816,13352270,98.4,441500,
571,367.042317,1666389,11.4,487893,
572,367.078738,577752,3.3,514521,
573,367.176455,1121377,7.3,483340,
574,367.189283,1543778,10.5,514997,
575,367.212859,1632612,11.1,460569,
576,367.216205,2921316,20.7,481959,
577,367.246752,3107687,22.1,420864,
578,367.249187,1223783,8.1,435401,
579,367.285629,1460074,9.8,454812,
580,367.321929,1491309,10.1,424087,
581,367.35415,998256,6.4,171038,
582,367.358309,64380272,478.3,461553,
583,367.964351,2524582,17.8,478558,
584,367.968123,566183,3.2,493253,
585,368.25015,910272,5.7,509881,
586,368.31724,3241414,23.1,434313,
587,368.325316,591430,3.4,469805,
588,368.361733,15080905,111.2,447899,
589,368.853432,4153845,29.9,463884,
590,368.961611,1655039,11.3,441525,
591,369.133146,2931726,20.8,419707,
592,369.155612,753168,4.6,448698,
593,369.192132,1171219,7.7,488699,
594,369.205013,543508,3,661892,
595,369.213276,2477589,17.4,481348,
596,369.228555,1080087,7,522344,
597,369.264856,1379354,9.2,485487,
598,369.30125,14265885,105.2,429941,
599,369.320635,944543,6,455238,
600,369.33767,2912800,20.7,450523,
601,369.365011,1915427,13.2,510512,
602,369.374127,548900,3.1,413953,
603,369.554283,548020,3,461110,
604,370.056099,543841,3,603566,
605,370.091964,795620,4.9,500476,
606,370.268328,578164,3.3,557186,
607,370.304568,3307639,23.6,451317,
608,370.332857,5504634,39.9,431197,
609,370.341012,597370,3.4,532559,
610,370.84926,547240,3,582554,
611,371.067758,601148,3.4,495763,
612,371.085743,769469,4.7,565103,
613,371.171443,550853,3.1,588184,
614,371.207686,633672,3.7,361465,
615,371.220563,686793,4.1,331177,
616,371.244194,1905867,13.2,488036,
617,371.259378,554573,3.1,531818,
618,371.280599,1074383,7,535136,
619,371.316933,804434,5,418581,
620,371.336227,1502676,10.2,444077,
621,372.099222,1077273,6.9,473924,
622,372.138202,751132,4.5,442794,
623,372.887121,790369,4.8,504682,
624,373.045417,674799,3.9,576824,
625,373.083207,12556146,91.5,440953,
626,373.141245,618680,3.5,429790,
627,373.166867,831610,5.1,535145,
628,373.1845,961020,6.1,386692,
629,373.186902,665596,3.9,570720,
630,373.202139,752509,4.5,622037,
631,373.203027,844413,5.2,586787,
632,373.238759,590977,3.3,655363,
633,373.259749,742531,4.4,516949,
634,373.27494,578436,3.2,731020,
635,374.086525,2923470,20.5,467903,
636,374.894676,686233,4,561185,
637,375.134928,551343,3,399960,
638,375.182472,10141747,73.7,427241,
639,375.217881,750775,4.5,396162,
640,375.25433,876218,5.4,455740,
641,375.326968,650689,3.8,515074,
642,376.142291,783500,4.7,576886,
643,376.185759,1572752,10.6,456282,
644,376.910318,1186772,7.7,514727,
645,376.998057,903900,5.6,256412,
646,377.067475,1043427,6.7,433861,
647,377.138585,857577,5.3,348813,
648,377.139736,820457,5,564336,
649,377.16082,640491,3.7,551092,
650,377.197064,830703,5.1,500097,
651,377.200503,573487,3.2,417515,
652,377.228805,836978,5.1,520136,
653,377.23374,613234,3.5,479299,
654,377.236835,618610,3.5,510649,
655,377.26515,862325,5.3,420095,
656,377.269948,753909,4.5,584208,
657,377.306385,762617,4.6,582210,
658,377.569337,581778,3.3,440855,
659,378.074195,571329,3.2,546946,
660,378.075469,1105729,7.1,478477,
661,378.192479,1143884,7.4,274046,
662,378.843396,904073,5.6,535834,
663,379.039878,1603228,10.8,423519,
664,379.046875,699805,4.1,489145,
665,379.176453,762153,4.6,498684,
666,379.192467,581162,3.3,221689,
667,379.212965,565356,3.1,315560,
668,379.246767,1570480,10.5,408896,
669,379.249375,767920,4.6,505587,
670,379.283206,1230259,8,545143,
671,379.285437,928563,5.8,385118,
672,379.322069,965559,6.1,526742,
673,379.358332,1273786,8.4,422344,
674,380.09096,987904,6.3,384340,
675,380.208003,869771,5.4,455323,
676,380.250213,706959,4.2,371999,
677,380.280867,618898,3.5,417834,
678,380.325275,618774,3.5,557258,
679,380.59279,620335,3.5,517683,
680,380.649484,572085,3.2,507364,
681,380.732236,559293,3.1,436485,
682,380.796108,574211,3.2,393685,
683,380.82289,13599301,98.3,444728,
684,380.851065,2901064,20.2,439397,
685,380.980504,5592661,39.8,437699,
686,381.016503,690776,4,617777,
687,381.057989,594780,3.3,522323,
688,381.094302,857183,5.2,374668,
689,381.155556,558821,3.1,424018,
690,381.192189,1388649,9.1,439487,
691,381.228508,1006188,6.3,485390,
692,381.231878,5917293,42.2,407112,
693,381.26249,4755055,33.7,409481,
694,381.265013,990575,6.2,486116,
695,381.301318,1261939,8.2,470643,
696,381.316461,619380,3.5,520319,
697,381.337672,2727031,18.9,408985,
698,381.37401,33587832,244.3,430378,
699,381.410443,814845,4.9,479875,
700,381.980065,1027508,6.5,495810,
701,382.235188,1228237,7.9,444207,
702,382.265827,1043407,6.6,452447,
703,382.296565,999890,6.3,467704,
704,382.33272,619606,3.5,465987,
705,382.341123,761815,4.5,590079,
706,382.377389,8917722,64.1,423506,
707,382.818656,1725189,11.6,446368,
708,382.846879,566791,3.1,548517,
709,382.869212,632330,3.6,543736,
710,382.977399,849684,5.2,497920,
711,383.037261,838042,5.1,477270,
712,383.148779,2964261,20.6,457651,
713,383.171363,774311,4.6,488591,
714,383.20785,1502762,10,423914,
715,383.244164,1114670,7.1,492921,
716,383.280453,2269489,15.6,452559,
717,383.316901,14152501,102.3,430393,
718,383.332168,2225462,15.2,456408,
719,383.353349,6407993,45.8,424223,
720,383.380654,1220155,7.9,485887,
721,384.107647,4344706,30.7,413116,
722,384.275856,718994,4.2,454012,
723,384.2839,680211,3.9,424089,
724,384.312255,1449109,9.6,452147,
725,384.320325,3712918,26.1,428411,
726,384.335553,579352,3.2,428386,
727,384.356619,1783194,12,450361,
728,385.083156,882784,5.4,447967,
729,385.111056,672099,3.9,467935,
730,385.186983,737771,4.4,611607,
731,385.223216,590702,3.3,238217,
732,385.259878,1443826,9.5,505877,
733,385.296176,1532405,10.2,338153,
734,385.32368,628088,3.6,438314,
735,385.347802,1018106,6.4,483597,
736,386.091011,842179,5.1,344067,
737,386.327852,2015322,13.7,420245,
738,386.831081,810380,4.9,487865,
739,387.094489,577830,3.2,687761,
740,387.098884,23000230,166.9,412724,
741,387.218691,2469042,17,431643,
742,387.239175,797620,4.8,365407,
743,387.275449,859960,5.3,467027,
744,387.290719,588601,3.3,616877,
745,387.550241,573267,3.2,509592,
746,388.102242,5345546,38,416820,
747,389.078092,871530,5.3,419981,
748,389.105684,663405,3.8,382745,
749,389.179435,1252980,8.1,408476,
750,389.198233,998262,6.3,456494,
751,389.228841,1233529,8,410780,
752,389.233586,693242,4,548993,
753,389.236625,1181306,7.6,432365,
754,389.306432,1126529,7.2,490601,
755,390.982528,1269800,8.2,384875,
756,391.093752,704947,4.1,449488,
757,391.208181,592319,3.3,446097,
758,391.212944,604351,3.4,542599,
759,391.244488,2300995,15.6,404896,
760,391.249324,755267,4.4,500685,
761,391.28572,1104199,7,246920,
762,391.321991,855626,5.2,201658,
763,392.247978,591527,3.3,484489,
764,392.288917,596907,3.3,550511,
765,392.85903,3442405,23.9,420518,
766,393.055742,828792,5,413159,
767,393.080636,3786491,26.4,414595,
768,393.19207,642182,3.6,371250,
769,393.223624,2438921,16.6,393529,
770,393.228501,664842,3.8,316590,
771,393.262482,793357,4.7,173193,
772,393.265103,678541,3.9,448502,
773,393.298996,1245969,8,210609,
774,393.301295,921873,5.6,557619,
775,393.337652,960149,5.9,399004,
776,393.374048,2906392,20,410115,
777,393.582361,1943341,13,210301,
778,394.084065,576480,3.1,429177,
779,394.08863,791264,4.7,300148,
780,394.377404,790525,4.7,405208,
781,394.876287,757808,4.5,420357,
782,394.905532,826419,5,368568,
783,394.923127,621620,3.5,571784,
784,394.996179,3133372,21.6,411412,
785,395.148709,1695179,11.2,425884,
786,395.15025,3290059,22.8,404521,
787,395.171456,637645,3.6,581389,
788,395.205613,638033,3.6,435669,
789,395.207814,802513,4.8,504641,
790,395.244159,1173717,7.5,437436,
791,395.247597,1983957,13.3,371247,
792,395.278172,1362392,8.8,384172,
793,395.280485,686200,3.9,315358,
794,395.316921,2082268,14,407779,
795,395.353315,2153440,14.6,418046,
796,395.385452,858339,5.2,474492,
797,395.389661,35497956,255.7,399107,
798,395.995841,833953,5,453900,
799,396.153574,788721,4.7,212539,
800,396.275727,582845,3.2,471464,
801,396.312287,569921,3.1,487397,
802,396.356534,673093,3.8,495114,
803,396.393048,9707593,69.2,390809,
804,396.796844,1029234,6.4,498356,
805,396.848373,713079,4.1,560319,
806,397.160266,654358,3.7,472250,
807,397.164442,21424278,153.9,388324,
808,397.199941,1281946,8.2,409618,
809,397.226747,8669341,61.7,378792,
810,397.259706,1191328,7.6,426140,
811,397.296245,1991332,13.4,373120,
812,397.332587,24848552,178.7,387445,
813,397.368962,3768491,26.2,404061,
814,397.396362,1568942,10.3,440291,
815,398.078453,14485747,103.8,402340,
816,398.167819,3389692,23.5,395021,
817,398.230124,1808642,12.1,432201,
818,398.291442,2084105,14.1,438807,
819,398.299506,564361,3.1,521872,
820,398.335903,6750477,47.8,229839,
821,398.372393,859409,5.2,518920,
822,398.817284,647102,3.7,518972,
823,398.864078,1481027,9.7,433061,
824,399.062561,2071383,14,390314,
825,399.08181,3490137,24.2,392815,
826,399.160094,821856,4.9,293491,
827,399.18252,904547,5.5,492254,
828,399.23912,665320,3.8,508717,
829,399.275461,1514860,9.9,386326,
830,399.311771,1457264,9.5,339801,
831,399.327098,2528625,17.3,427366,
832,399.33936,793459,4.7,296946,
833,399.348133,591347,3.3,425503,
834,399.582256,589195,3.2,489598,
835,400.088314,904382,5.5,340612,
836,400.214134,1551307,10.1,364596,
837,400.307132,680660,3.9,502079,
838,400.315261,633557,3.5,487543,
839,400.330527,844759,5,474520,
840,401.07822,1083938,6.7,384068,
841,401.114292,764838,4.5,361660,
842,401.189897,1145901,7.2,410728,
843,401.198205,2586158,17.5,430171,
844,401.21836,796720,4.7,505778,
845,401.234391,2120242,14.2,221670,
846,401.254695,1398580,9,430348,
847,401.29107,967480,5.9,470052,
848,401.306328,1085497,6.8,482644,
849,401.308263,981561,6,437712,
850,401.342661,1152317,7.2,455367,
851,402.236822,584727,3.2,551292,
852,402.804795,40987344,292.5,413545,
853,402.889596,1382873,8.9,446842,
854,403.197708,661240,3.7,409505,
855,403.205652,1380600,8.9,422912,
856,403.212717,2023161,13.5,323404,
857,403.213809,8006393,56.3,420324,
858,403.233875,779003,4.6,410395,
859,403.249237,1195261,7.5,464747,
860,403.285747,788352,4.6,369196,
861,403.804214,928821,5.6,423927,
862,404.21711,1353310,8.7,458615,
863,404.293978,981350,6,491792,
864,404.522022,573437,3.1,421071,
865,404.800624,5426073,37.8,425481,
866,404.809104,916377,5.5,428764,
867,404.905127,1464739,9.5,388834,
868,405.019173,1738158,11.4,438430,
869,405.10946,9034679,63.7,397327,
870,405.186072,971327,5.9,340592,
871,405.191923,714432,4.1,365573,
872,405.222619,15924163,113,398628,
873,405.226552,571075,3.1,649132,
874,405.228492,731843,4.2,452849,
875,405.264828,1132743,7.1,421489,
876,405.301328,1091019,6.8,486874,
877,405.337635,695886,4,433304,
878,406.089664,3247129,22.2,406425,
879,406.112775,2097692,14,405033,
880,406.223254,646439,3.6,633022,
881,406.226009,4894759,34,225637,
882,406.309399,581103,3.1,297591,
883,406.830413,1083235,6.7,440555,
884,406.87468,1329256,8.5,423276,
885,406.976824,1028210,6.3,398289,
886,407.034848,1869943,12.4,427031,
887,407.093253,595325,3.2,487927,
888,407.131192,572545,3.1,534695,
889,407.207754,982921,6,481329,
890,407.229454,854411,5.1,389134,
891,407.244031,848652,5.1,378037,
892,407.259064,588814,3.2,554423,
893,407.278102,822800,4.9,372911,
894,407.280476,1159824,7.3,391136,
895,407.314458,2001555,13.3,349000,
896,407.316938,1515667,9.8,434573,
897,407.353288,928663,5.6,425467,
898,407.38969,1245083,7.9,400196,
899,408.845996,4636971,32.2,408267,
900,408.921003,2021682,13.5,407963,
901,409.009158,576315,3.1,661311,
902,409.011803,5526843,38.6,410290,
903,409.02422,579772,3.1,414822,
904,409.083256,795074,4.7,410452,
905,409.089358,648387,3.6,494700,
906,409.093768,3517763,24.2,375030,
907,409.125664,1585478,10.3,442468,
908,409.164308,674122,3.8,530879,
909,409.223502,821584,4.9,439429,
910,409.241419,584786,3.2,337032,
911,409.259807,2742100,18.6,358113,
912,409.263151,1356116,8.7,388370,
913,409.293863,850519,5.1,248991,
914,409.296267,1145431,7.2,385157,
915,409.332566,2473307,16.7,426772,
916,409.368963,2597214,17.6,407166,
917,409.405316,11169122,79,380207,
918,409.595389,1795445,11.8,375857,
919,409.920632,563476,3,420292,
920,410.011427,919965,5.6,396900,
921,410.37229,747201,4.3,445902,
922,410.408721,3162052,21.6,379448,
923,410.917747,806390,4.7,483333,
924,411.143747,786828,4.6,424971,
925,411.1604,8363534,58.3,389176,
926,411.180119,2115600,14,376976,
927,411.202644,847378,5,480408,
928,411.238809,681365,3.8,292505,
929,411.24245,3210774,21.7,409084,
930,411.275434,1202201,7.5,488739,
931,411.290752,588826,3.2,402575,
932,411.31179,3218461,21.8,388526,
933,411.348203,23866912,168.1,380375,
934,411.384589,5786148,40,376572,
935,412.0942,588649,3.2,507509,
936,412.133088,590188,3.2,397616,
937,412.163731,2395247,16,395943,
938,412.245603,723191,4.1,388656,
939,412.307073,747133,4.3,462252,
940,412.315136,952446,5.7,426105,
941,412.351549,6123138,42.4,370613,
942,412.387971,1637509,10.6,426966,
943,412.87157,620852,3.4,435803,
944,412.915989,2083000,13.7,232297,
945,413.075968,915655,5.5,378901,
946,413.125376,1738444,11.3,416169,
947,413.159318,586447,3.1,624153,
948,413.18236,595666,3.2,502966,
949,413.218393,783765,4.5,296328,
950,413.234567,603479,3.3,498701,
951,413.239412,4841175,33.3,383539,
952,413.254588,911065,5.4,409825,
953,413.291229,1458396,9.3,345920,
954,413.305944,969054,5.9,309170,
955,413.327565,2282208,15.2,380884,
956,413.342676,623841,3.4,556270,
957,413.354923,1041122,6.4,521227,
958,413.363883,667875,3.7,406973,
959,413.915656,616216,3.4,569847,
960,414.242828,877111,5.2,403007,
961,414.286639,747068,4.3,444593,
962,414.330696,601408,3.2,439965,
963,414.840981,751729,4.3,519609,
964,414.887176,801653,4.7,495591,
965,415.075557,1585543,10.2,373326,
966,415.093651,1042313,6.4,306828,
967,415.104927,1366154,8.7,357605,
968,415.197434,1024914,6.2,386229,
969,415.205872,593811,3.2,394797,
970,415.233969,2321814,15.4,380477,
971,415.249992,1765783,11.5,455870,
972,415.270311,2616217,17.5,402204,
973,415.285761,687387,3.9,343704,
974,415.306888,657821,3.6,357115,
975,415.32197,6295454,43.6,388031,
976,415.358315,800674,4.7,446338,
977,415.577187,847542,5,320257,
978,416.077664,591846,3.2,453139,
979,416.325405,2240509,14.9,396218,
980,416.90252,636019,3.5,213334,
981,416.978034,1017402,6.2,431091,
982,417.073068,8394819,58.5,400777,
983,417.191899,674638,3.8,551159,
984,417.213323,1016528,6.2,395918,
985,417.221239,632785,3.5,492245,
986,417.228323,864850,5.1,440654,
987,417.249508,590804,3.2,532664,
988,417.264749,687957,3.9,482225,
989,417.268069,1277013,8,442819,
990,417.301226,1090905,6.7,374351,
991,417.337712,928092,5.6,477106,
992,418.076406,2040993,13.4,413526,
993,418.744101,631518,3.5,551626,
994,418.778798,3069154,20.7,434118,
995,419.032572,876857,5.2,327451,
996,419.034859,648953,3.6,350477,
997,419.125127,3376385,22.9,408693,
998,419.151249,2118916,14,395730,
999,419.171237,616582,3.4,195750,
1000,419.239475,918540,5.5,348569,
1001,419.244191,1216012,7.6,430422,
1002,419.280586,904720,5.4,448341,
1003,419.314282,746003,4.3,515675,
1004,419.316906,1389331,8.8,435141,
1005,419.353302,962326,5.8,436442,
1006,419.389677,764186,4.4,400740,
1007,420.128347,891229,5.3,297466,
1008,420.288819,705644,4,466319,
1009,420.8437,1456286,9.3,345468,
1010,420.992562,1050027,6.4,467699,
1011,421.01417,582957,3.1,431344,
1012,421.050532,715568,4.1,275293,
1013,421.086848,683828,3.8,429068,
1014,421.164534,1659835,10.7,358590,
1015,421.217569,5030336,34.6,411016,
1016,421.226808,3795392,25.9,384367,
1017,421.255026,2324931,15.5,366818,
1018,421.259866,883907,5.2,507603,
1019,421.293697,1017542,6.2,353885,
1020,421.296172,1377735,8.7,429638,
1021,421.330212,3654090,24.9,380980,
1022,421.332554,833738,4.9,414073,
1023,421.36638,909389,5.4,376277,
1024,421.368935,840653,4.9,443411,
1025,421.405354,2352592,15.5,383867,
1026,422.083327,1008525,6.1,290189,
1027,422.196221,915479,5.4,520190,
1028,422.220821,1431065,9,414815,
1029,422.230127,967962,5.8,438715,
1030,422.258272,679197,3.8,484285,
1031,422.289347,800543,4.6,245440,
1032,422.333566,879907,5.2,430823,
1033,422.408708,792618,4.5,511564,
1034,422.585248,591674,3.1,370073,
1035,422.801111,799565,4.6,493652,
1036,422.936643,20517464,142.8,397102,
1037,422.94924,985434,5.9,422552,
1038,423.039931,765410,4.4,444484,
1039,423.098969,1599591,10.2,406771,
1040,423.138041,657514,3.6,207974,
1041,423.141389,1382251,8.7,386019,
1042,423.180139,6173294,42.3,384087,
1043,423.182563,1175406,7.2,389459,
1044,423.239067,1002611,6,507008,
1045,423.272976,698358,3.9,450626,
1046,423.27547,1116278,6.8,416987,
1047,423.309548,1112441,6.8,456856,
1048,423.311779,1385082,8.7,385223,
1049,423.323075,743419,4.2,311981,
1050,423.348267,4397693,29.8,385684,
1051,423.38459,1439872,9.1,422832,
1052,423.420982,17400452,120.9,375878,
1053,423.936239,4975280,33.9,380046,
1054,423.939986,939056,5.6,370036,
1055,424.183542,1567942,10,414639,
1056,424.351641,1087956,6.6,344460,
1057,424.424318,5049051,34.4,373789,
1058,424.933508,3645191,24.5,378537,
1059,424.940953,680583,3.8,348380,
1060,425.160796,1749274,11.3,383351,
1061,425.181982,724764,4.1,439534,
1062,425.195795,17691420,123,380370,
1063,425.218543,900639,5.3,378118,
1064,425.235352,684832,3.8,372319,
1065,425.258085,6523683,44.7,372320,
1066,425.291173,1218341,7.5,375863,
1067,425.327503,3302184,22.1,385098,
1068,425.363885,36803372,256.9,381595,
1069,425.400335,1811247,11.7,399197,
1070,425.427875,947249,5.6,496299,
1071,426.073379,654824,3.6,331176,
1072,426.199165,3425139,23,397426,
1073,426.261488,1269112,7.9,350543,
1074,426.286283,707962,4,479884,
1075,426.32285,1094013,6.7,414911,
1076,426.33083,740478,4.2,480382,
1077,426.367286,9493377,65.5,371460,
1078,426.403708,601988,3.2,432606,
1079,426.931591,5651376,38.6,383793,
1080,426.970565,1121459,6.8,397856,
1081,427.191673,953414,5.7,344878,
1082,427.234013,754377,4.3,429580,
1083,427.27039,1075660,6.5,412012,
1084,427.285527,862286,5,378889,
1085,427.306706,1544911,9.8,300675,
1086,427.343169,2564562,17,382059,
1087,427.358339,1105108,6.7,420035,
1088,427.370632,1358293,8.5,414168,
1089,427.379511,679253,3.7,434446,
1090,427.931198,1661699,10.6,344231,
1091,428.208108,799002,4.6,451185,
1092,428.302098,702242,3.9,426230,
1093,428.310156,589986,3.1,500668,
1094,428.34656,575781,3,453032,
1095,428.928491,989269,5.9,420085,
1096,429.179945,820841,4.7,374076,
1097,429.184837,1496937,9.5,387196,
1098,429.213161,663660,3.6,411336,
1099,429.221455,1121132,6.8,404589,
1100,429.249899,794479,4.6,432794,
1101,429.265686,1243248,7.7,200192,
1102,429.282528,625905,3.4,504529,
1103,429.286074,6009970,41.1,368052,
1104,429.3013,1664115,10.7,386427,
1105,429.322506,953973,5.7,429097,
1106,429.337641,926326,5.5,441550,
1107,429.339534,1074550,6.5,392648,
1108,429.373979,884857,5.2,421126,
1109,430.104661,2986163,19.9,397072,
1110,430.289412,1748674,11.2,431860,
1111,430.299619,631555,3.4,341869,
1112,430.97496,846072,4.9,414127,
1113,431.088714,52557056,367.4,371713,
1114,431.124813,701956,3.9,407493,
1115,431.20062,1141770,7,453018,
1116,431.2077,575626,3,415627,
1117,431.211165,659339,3.6,418582,
1118,431.228983,3010828,20.1,409973,
1119,431.237012,1678861,10.8,352943,
1120,431.243997,974605,5.8,443960,
1121,431.280535,1192464,7.3,411859,
1122,431.316965,2620691,17.4,331012,
1123,431.353345,604182,3.2,465693,
1124,431.59037,929704,5.5,333294,
1125,432.092097,12776783,88.5,377226,
1126,432.232233,618586,3.3,517699,
1127,432.320317,739680,4.2,444200,
1128,433.011841,792469,4.5,446523,
1129,433.048033,630296,3.4,454215,
1130,433.077976,642202,3.5,383573,
1131,433.093004,616091,3.3,446263,
1132,433.09543,1276571,7.9,421750,
1133,433.216327,1430693,9,378647,
1134,433.259679,1336488,8.4,403383,
1135,433.296078,1094763,6.7,269413,
1136,433.332607,7226797,49.6,355196,
1137,433.368997,680496,3.7,449887,
1138,434.335952,2114040,13.6,389118,
1139,434.861771,625630,3.3,354311,
1140,434.869151,715295,4,409117,
1141,434.915808,4478499,30,395848,
1142,435.107362,1886768,12.1,405066,
1143,435.141346,1545267,9.7,384154,
1144,435.202606,719671,4,452257,
1145,435.239141,612154,3.2,374639,
1146,435.275394,1040700,6.2,412006,
1147,435.309333,1070527,6.4,310160,
1148,435.311919,1526335,9.6,425963,
1149,435.345913,9612865,65.6,373252,
1150,435.359466,2493507,16.3,391123,
1151,435.38465,818756,4.7,191680,
1152,435.420943,1146951,6.9,373367,
1153,436.349234,2731145,17.9,371667,
1154,436.362983,848266,4.9,398862,
1155,436.839743,914603,5.3,549795,
1156,436.841002,2089643,13.5,461204,
1157,437.114493,1668799,10.6,401978,
1158,437.120682,1376703,8.5,383160,
1159,437.127809,628159,3.3,531592,
1160,437.157023,10038977,68.6,369207,
1161,437.192434,1025476,6.1,421240,
1162,437.212387,862149,5,387389,
1163,437.218425,628166,3.3,559224,
1164,437.254752,958664,5.6,425806,
1165,437.29118,1281483,7.9,302633,
1166,437.325058,1105357,6.7,345892,
1167,437.327498,1946829,12.5,404227,
1168,437.338828,1121998,6.8,463889,
1169,437.363981,2378960,15.5,408048,
1170,437.400361,1770706,11.3,365946,
1171,437.436693,5412565,36.5,377951,
1172,438.096585,1159682,7,380649,
1173,438.160376,1747206,11.1,455396,
1174,438.367252,686356,3.7,456659,
1175,438.440042,1500697,9.4,354973,
1176,438.598127,886307,5.1,402124,
1177,438.781431,642352,3.4,542936,
1178,438.809606,785970,4.4,437302,
1179,438.856599,4976437,33.5,368439,
1180,439.055073,4758338,32,372779,
1181,439.155399,2390344,15.6,373217,
1182,439.175295,660810,3.6,193278,
1183,439.234056,686286,3.7,361714,
1184,439.270391,834384,4.8,360755,
1185,439.273761,2551632,16.7,365233,
1186,439.306765,1041234,6.2,330276,
1187,439.317959,858707,4.9,438527,
1188,439.34319,5209941,35.1,383950,
1189,439.354351,1115734,6.7,358320,
1190,439.375973,1142103,6.9,409956,
1191,439.379537,27367256,188.6,379354,
1192,439.415879,1859418,11.9,379467,
1193,440.058332,1004163,6,399547,
1194,440.158873,914314,5.3,480121,
1195,440.277231,695057,3.8,428195,
1196,440.338316,817429,4.7,338004,
1197,440.346522,1189526,7.2,402113,
1198,440.382904,7935896,54,354264,
1199,440.94736,1278396,7.9,424489,
1200,440.959469,592316,3.1,456925,
1201,440.986238,8415166,57.3,369891,
1202,441.10945,981702,5.8,419442,
1203,441.13319,3369927,22.3,384834,
1204,441.171126,2585546,16.9,360411,
1205,441.182446,588938,3.1,310728,
1206,441.25303,8892367,60.6,372712,
1207,441.264847,594255,3.1,438883,
1208,441.285965,1205969,7.3,390592,
1209,441.301422,803282,4.6,362160,
1210,441.322433,1893843,12.1,343459,
1211,441.333734,1298900,8,365406,
1212,441.337829,740564,4.1,256669,
1213,441.358863,2473941,16.1,351525,
1214,441.386307,860375,5,448978,
1215,441.989503,745980,4.2,227963,
1216,442.136383,819717,4.7,335212,
1217,442.174297,971271,5.7,418693,
1218,442.256433,1879052,12,358085,
1219,442.326046,582928,3,344877,
1220,442.33694,587921,3.1,441100,
1221,442.362148,736787,4.1,442167,
1222,442.797371,16996396,116.8,368005,
1223,442.88208,1488178,9.3,364654,
1224,442.965601,642231,3.4,425499,
1225,442.982015,844088,4.8,486954,
1226,443.14907,758593,4.2,439705,
1227,443.192654,705092,3.9,490132,
1228,443.198257,1064004,6.4,394451,
1229,443.244195,1031751,6.1,436214,
1230,443.265326,1316424,8.1,394578,
1231,443.280448,1009737,6,392549,
1232,443.301716,9531466,65,372286,
1233,443.316992,764747,4.3,479111,
1234,443.338045,1170764,7.1,389810,
1235,443.353474,944461,5.5,359525,
1236,444.247735,592257,3.1,381234,
1237,444.305058,2567812,16.8,384217,
1238,444.369683,640136,3.4,443130,
1239,444.793156,2708639,17.8,397780,
1240,444.897734,999205,5.9,336482,
1241,445.011717,1235883,7.6,402671,
1242,445.094119,723120,4,432455,
1243,445.104354,1780400,11.3,380378,
1244,445.164477,1039796,6.2,353423,
1245,445.208206,605110,3.2,519715,
1246,445.216191,588215,3.1,435032,
1247,445.244599,881848,5.1,318901,
1248,445.259849,961721,5.7,451096,
1249,445.281,627130,3.3,551836,
1250,445.296258,2506939,16.4,362143,
1251,445.332521,654525,3.5,363985,
1252,445.368786,1374911,8.5,383929,
1253,446.082173,1506789,9.4,360040,
1254,446.299738,680177,3.7,179819,
1255,446.822738,685068,3.7,445011,
1256,447.027496,2167575,14,362696,
1257,447.064098,647448,3.5,140588,
1258,447.08385,678297,3.7,397176,
1259,447.123829,580891,3,390691,
1260,447.239123,697633,3.8,204149,
1261,447.275569,1066787,6.4,376019,
1262,447.306918,817445,4.7,420668,
1263,447.311817,2266405,14.7,375094,
1264,447.345789,1056807,6.3,321941,
1265,447.348279,916007,5.3,386139,
1266,447.384643,1105449,6.7,426926,
1267,448.838579,2954608,19.5,390060,
1268,449.081866,582011,3,366181,
1269,449.099356,19736956,135.9,359580,
1270,449.118277,839549,4.8,364847,
1271,449.218076,664577,3.6,409019,
1272,449.219655,653441,3.5,575386,
1273,449.236427,632834,3.4,340868,
1274,449.25492,679939,3.7,398008,
1275,449.291158,1113221,6.7,398913,
1276,449.325103,1621382,10.2,202784,
1277,449.327551,2722695,17.9,353416,
1278,449.361494,5634440,38.1,361873,
1279,449.364057,935816,5.5,377940,
1280,449.436718,3979660,26.6,367262,
1281,449.473334,587149,3.1,415058,
1282,450.102693,4416938,29.6,366727,
1283,450.23262,3177904,21,368310,
1284,450.330968,850868,4.9,318322,
1285,450.364986,1332149,8.2,368649,
1286,450.440006,1432249,8.9,359784,
1287,451.105868,653525,3.5,423763,
1288,451.136246,1260759,7.7,435012,
1289,451.172698,1240024,7.6,377639,
1290,451.228959,4322779,29,366071,
1291,451.270458,790236,4.5,353318,
1292,451.304134,813790,4.6,405525,
1293,451.306891,1124062,6.8,275126,
1294,451.340771,2306527,15,366186,
1295,451.343234,1403871,8.7,305864,
1296,451.354469,4855264,32.7,355496,
1297,451.379582,3785185,25.3,358594,
1298,451.415797,839778,4.8,315821,
1299,451.452324,9505252,64.9,360261,
1300,451.788548,924658,5.4,407398,
1301,452.232425,781572,4.4,372522,
1302,452.357848,1331209,8.2,393952,
1303,452.382895,1240074,7.6,421424,
1304,452.455719,2929677,19.3,362629,
1305,453.073175,667813,3.6,317156,
1306,453.109611,634022,3.4,407832,
1307,453.213327,660778,3.6,494365,
1308,453.249635,824363,4.7,404920,
1309,453.286069,1078573,6.5,450512,
1310,453.289447,1111853,6.7,338779,
1311,453.298471,1086509,6.5,431044,
1312,453.322457,1541678,9.7,371650,
1313,453.333655,1428782,8.9,360038,
1314,453.35879,3037743,20.1,380149,
1315,453.3952,24746544,170.7,353825,
1316,453.431542,905266,5.3,422809,
1317,454.354237,675155,3.7,453342,
1318,454.362272,720212,4,354874,
1319,454.398584,7252565,49.3,354829,
1320,454.830521,590052,3.1,344518,
1321,454.833567,835300,4.8,327893,
1322,454.962955,5839464,39.5,355507,
1323,454.96557,1363048,8.4,371016,
1324,454.975357,846441,4.9,372943,
1325,455.00185,2858602,18.8,367969,
1326,455.123116,736622,4.1,472120,
1327,455.265287,906098,5.3,352814,
1328,455.268662,2260594,14.7,389774,
1329,455.301641,1488756,9.3,364993,
1330,455.338148,1990773,12.8,353547,
1331,455.349354,3753589,25,339471,
1332,455.353352,863605,5,321589,
1333,455.374509,2469494,16.1,375296,
1334,455.40203,972407,5.7,354978,
1335,455.529266,630907,3.4,334856,
1336,455.962581,1591945,10,391286,
1337,456.276849,2345106,15.3,413467,
1338,456.35271,850581,4.9,267109,
1339,456.808352,1164194,7.1,387248,
1340,456.869476,1044644,6.2,333500,
1341,456.897955,578469,3,447501,
1342,456.959836,1308839,8.1,405208,
1343,456.981161,2095271,13.5,329697,
1344,457.08931,1067178,6.4,430098,
1345,457.128105,635819,3.4,496979,
1346,457.216248,1607342,10.1,385130,
1347,457.24443,718767,4,433607,
1348,457.259881,770607,4.3,210622,
1349,457.265703,7828143,53.3,363830,
1350,457.281073,1346736,8.3,441944,
1351,457.296137,646320,3.5,287074,
1352,457.317399,15579825,107.1,351514,
1353,457.332655,753073,4.2,375425,
1354,457.353813,1278386,7.9,353242,
1355,457.368914,750770,4.2,391906,
1356,458.269045,1250506,7.7,379477,
1357,458.320706,4519628,30.3,373757,
1358,458.771203,999127,5.9,388352,
1359,458.800134,1257175,7.7,334620,
1360,459.083824,1185502,7.3,410677,
1361,459.120034,576607,3,480355,
1362,459.195573,684513,3.8,438655,
1363,459.231819,1048546,6.3,475538,
1364,459.260387,788834,4.5,304574,
1365,459.275597,907235,5.3,434797,
1366,459.29674,738787,4.1,494838,
1367,459.311849,923620,5.4,407251,
1368,459.327144,4376292,29.6,360127,
1369,459.348264,755940,4.3,411701,
1370,459.384822,676069,3.7,371118,
1371,460.143108,968694,5.8,347402,
1372,460.260771,1025785,6.2,371797,
1373,460.330402,1856250,12,387956,
1374,460.763457,3332867,22.3,356476,
1375,461.043167,588040,3.1,445741,
1376,461.058556,1568009,10,362028,
1377,461.13944,1676554,10.7,355360,
1378,461.157095,640523,3.5,322338,
1379,461.247576,1037324,6.2,371441,
1380,461.291206,1335821,8.3,300364,
1381,461.322637,1055246,6.4,401489,
1382,461.327076,593934,3.1,305542,
1383,461.361528,2125582,13.9,345248,
1384,461.363937,1587470,10.1,337732,
1385,462.111143,715932,4,404651,
1386,462.131,760860,4.3,487186,
1387,462.364756,627488,3.4,412617,
1388,462.760616,1345062,8.4,403556,
1389,462.779712,787238,4.5,370713,
1390,462.854435,636200,3.4,299409,
1391,462.910771,607656,3.2,358700,
1392,463.114987,22559532,156.9,353190,
1393,463.172662,2217772,14.5,319463,
1394,463.270342,1038382,6.2,421777,
1395,463.30679,1603886,10.2,378611,
1396,463.340689,954159,5.7,419935,
1397,463.343224,803375,4.6,350281,
1398,463.377214,6118191,41.8,334340,
1399,463.37989,895791,5.2,443614,
1400,463.416055,755504,4.3,463275,
1401,463.45235,1457712,9.2,340961,
1402,464.065076,734520,4.1,380204,
1403,464.118309,6275897,42.9,372261,
1404,464.125476,1960249,12.7,348411,
1405,464.175943,575930,3,429902,
1406,464.380562,1715516,11,377458,
1407,464.585403,597567,3.2,532227,
1408,465.121552,639045,3.4,447821,
1409,465.151927,5817157,39.7,359594,
1410,465.188364,5602118,38.2,359435,
1411,465.249567,1000006,6,355454,
1412,465.28385,671430,3.7,402078,
1413,465.286099,699654,3.9,251502,
1414,465.304665,23092038,160.6,349486,
1415,465.308766,981831,5.8,460107,
1416,465.319053,724551,4,240953,
1417,465.322183,1576263,10,330595,
1418,465.356447,1158471,7.1,329899,
1419,465.358797,1595975,10.1,203559,
1420,465.395193,1876807,12.1,324560,
1421,465.431595,1344840,8.4,200033,
1422,465.467945,2725192,18.1,362713,
1423,466.155367,1048654,6.3,392019,
1424,466.191638,1019727,6.1,424531,
1425,466.308051,5707600,38.9,336136,
1426,466.398536,606544,3.2,394591,
1427,466.435,674001,3.7,383397,
1428,466.471426,974417,5.8,353501,
1429,466.85167,642388,3.5,269765,
1430,466.963195,771156,4.4,442775,
1431,467.088825,2140501,14,346802,
1432,467.184234,608342,3.2,403093,
1433,467.198151,590166,3.1,394459,
1434,467.26541,681686,3.7,390827,
1435,467.301875,954199,5.7,436291,
1436,467.311584,1017431,6.1,443012,
1437,467.338263,1371479,8.6,431564,
1438,467.349357,4568919,31,353279,
1439,467.374508,3193687,21.3,374594,
1440,467.410869,18066264,125.4,352174,
1441,467.447261,2512216,16.6,364002,
1442,468.352669,1208412,7.4,350392,
1443,468.369725,677852,3.7,346084,
1444,468.377675,1234524,7.6,362848,
1445,468.414204,5817180,39.7,317470,
1446,468.450536,796764,4.6,390808,
1447,468.887782,1511262,9.6,312022,
1448,468.974099,1202014,7.4,469251,
1449,468.978621,36166496,252.1,353988,
1450,468.991082,968030,5.8,413200,
1451,469.017494,953438,5.6,405259,
1452,469.166019,879455,5.1,379531,
1453,469.177426,1015391,6.1,368534,
1454,469.284343,4336479,29.3,335648,
1455,469.317442,1082463,6.6,444051,
1456,469.353843,1701215,10.9,338969,
1457,469.364958,14064479,97.4,330292,
1458,469.380084,608351,3.2,401281,
1459,469.390059,1939039,12.5,319567,
1460,469.417628,992863,5.9,396575,
1461,469.887393,679008,3.7,387283,
1462,469.978188,9073504,62.5,346830,
1463,469.981985,2289504,15,330294,
1464,470.287707,1073248,6.5,444663,
1465,470.357177,753376,4.2,351288,
1466,470.368345,3605344,24.2,354604,
1467,470.792329,6738784,46.1,360451,
1468,470.877164,630752,3.4,349441,
1469,470.975455,5468000,37.2,331999,
1470,470.981439,752992,4.2,492150,
1471,470.983062,896352,5.2,438100,
1472,471.081342,2116960,13.8,370997,
1473,471.181622,2270560,14.9,336646,
1474,471.193009,844640,4.9,379388,
1475,471.223847,585952,3.1,328878,
1476,471.245593,582368,3.1,439422,
1477,471.260164,952160,5.6,396021,
1478,471.275285,670560,3.7,360123,
1479,471.296697,1691488,10.8,402544,
1480,471.332999,9210720,63.4,346295,
1481,471.369316,1057120,6.4,424457,
1482,471.975119,1085790,6.6,444322,
1483,471.979156,618398,3.3,282864,
1484,472.08441,613150,3.3,295006,
1485,472.336314,2627421,17.4,345369,
1486,472.788199,837724,4.9,448035,
1487,473.089129,621530,3.4,416785,
1488,473.206172,999258,6,378101,
1489,473.218471,613210,3.3,381094,
1490,473.254697,700249,3.9,430957,
1491,473.282879,7674714,53.2,349818,
1492,473.288857,1224281,7.6,286342,
1493,473.312306,846937,4.9,346880,
1494,473.322702,778457,4.5,355276,
1495,473.364028,641881,3.5,495172,
1496,473.770379,1347927,8.5,321356,
1497,474.077249,950101,5.7,414218,
1498,474.094185,580437,3.1,317567,
1499,474.286211,2458964,16.3,363003,
1500,474.768428,761936,4.3,448758,
1501,474.908341,1092175,6.7,347843,
1502,475.021981,657486,3.6,435449,
1503,475.114913,687437,3.8,292916,
1504,475.306665,924236,5.5,418827,
1505,475.338311,1948492,12.7,310143,
1506,475.377287,1009995,6.1,394349,
1507,475.452416,1167691,7.2,368156,
1508,476.34187,654915,3.6,431372,
1509,476.833511,1096766,6.7,369337,
1510,476.947427,691388,3.9,355758,
1511,477.109569,599354,3.2,217588,
1512,477.113265,822458,4.8,359230,
1513,477.14956,3304250,22.3,329971,
1514,477.264874,610105,3.3,345185,
1515,477.286093,864312,5.1,357349,
1516,477.322403,726840,4.1,337315,
1517,477.356402,1396536,8.8,365706,
1518,477.359016,836664,4.9,361455,
1519,477.392871,3425079,23.2,341315,
1520,477.395353,903735,5.4,376977,
1521,477.467994,4587319,31.4,337049,
1522,478.153048,728878,4.1,418439,
1523,478.396193,1095467,6.7,354848,
1524,478.471341,1531434,9.8,344820,
1525,478.79033,3440422,23.3,351441,
1526,478.849131,1374245,8.7,319766,
1527,478.963346,666659,3.7,396995,
1528,479.16746,2059041,13.5,373664,
1529,479.228896,599328,3.2,484666,
1530,479.265329,786207,4.5,443293,
1531,479.28411,777375,4.5,298677,
1532,479.301763,951967,5.7,289226,
1533,479.314638,903710,5.4,332735,
1534,479.338007,1082910,6.6,363224,
1535,479.372029,1113374,6.8,361700,
1536,479.374499,982558,5.9,363113,
1537,479.410881,2539293,16.9,329687,
1538,479.447276,725404,4.1,371843,
1539,479.483695,4912924,33.7,337813,
1540,480.41427,620814,3.4,156904,
1541,480.487024,1411341,8.9,365816,
1542,480.786215,645896,3.5,443606,
1543,480.978726,3638021,24.7,358404,
1544,481.104479,1113858,6.8,243858,
1545,481.125681,1425666,9,360770,
1546,481.146811,1574658,10.1,288580,
1547,481.244457,654080,3.6,385001,
1548,481.299636,1910527,12.5,343885,
1549,481.317541,933375,5.6,320407,
1550,481.332472,1110399,6.8,242175,
1551,481.353766,1112574,6.8,351312,
1552,481.365165,585854,3.1,397167,
1553,481.390123,1961214,12.8,363776,
1554,481.4265,17185532,120.4,334824,
1555,481.463026,754428,4.3,490463,
1556,482.125961,777329,4.5,281015,
1557,482.302975,726509,4.1,395566,
1558,482.393374,807660,4.7,432804,
1559,482.429885,5612267,38.6,344777,
1560,482.789928,4303588,29.4,365243,
1561,482.903493,12180194,85,344666,
1562,483.032945,3461856,23.4,298264,
1563,483.040541,850143,5,430632,
1564,483.260425,571099,3,495233,
1565,483.300131,1057754,6.4,384712,
1566,483.332949,1076698,6.6,281498,
1567,483.344287,1156569,7.1,358168,
1568,483.369331,2095833,13.8,345667,
1569,483.380618,2188505,14.4,363027,
1570,483.405954,1412824,8.9,338664,
1571,483.433216,939992,5.6,248631,
1572,483.903081,3620558,24.5,336685,
1573,484.036482,743755,4.2,331899,
1574,484.364705,609349,3.3,413703,
1575,484.372504,623940,3.4,363050,
1576,484.900231,2510521,16.7,334869,
1577,485.09669,669493,3.7,329376,
1578,485.09945,1170357,7.2,367534,
1579,485.279309,4275889,29.2,331747,
1580,485.312262,1195952,7.4,336490,
1581,485.327666,579760,3.1,365501,
1582,485.348672,9233071,64.2,342396,
1583,485.899936,584355,3.1,337533,
1584,486.074798,802207,4.6,414380,
1585,486.282665,1051290,6.4,354827,
1586,486.352002,2724505,18.2,344489,
1587,486.766117,571023,3,518054,
1588,487.01962,726665,4.1,477078,
1589,487.233754,590723,3.1,167962,
1590,487.255228,583811,3.1,530276,
1591,487.327918,856961,5,360861,
1592,488.831224,814171,4.8,424411,
1593,488.98069,876887,5.2,426570,
1594,489.109576,1282132,8.1,387140,
1595,489.162453,836691,4.9,254757,
1596,489.283735,605519,3.3,391926,
1597,489.321865,630478,3.5,209365,
1598,489.35416,877134,5.2,415918,
1599,489.467989,618955,3.4,416347,
1600,490.081025,671802,3.8,327636,
1601,490.104719,2826298,19.1,328062,
1602,490.224846,607030,3.3,213335,
1603,490.282613,828213,4.9,403777,
1604,491.107875,1016606,6.2,336543,
1605,491.167428,977436,5.9,355735,
1606,491.221572,716058,4.1,466727,
1607,491.229116,621082,3.4,472964,
1608,491.338294,705815,4,406768,
1609,491.374884,717590,4.1,370915,
1610,491.408513,1891349,12.5,362724,
1611,491.447325,754708,4.3,409044,
1612,491.483638,995347,6.1,246058,
1613,492.487213,614134,3.3,348941,
1614,492.576011,711923,4,391874,
1615,492.921295,1151977,7.2,312409,
1616,493.183241,3018209,20.5,331905,
1617,493.317565,687965,3.9,368047,
1618,493.351364,626780,3.4,257873,
1619,493.390227,848859,5,268254,
1620,493.426601,1407962,9,376937,
1621,493.462848,1154265,7.2,328575,
1622,493.49935,1569752,10.2,339444,
1623,494.186802,822467,4.8,407429,
1624,494.430002,584123,3.1,159016,
1625,494.502474,568505,3,328380,
1626,494.994465,836778,4.9,184936,
1627,495.156459,907173,5.4,327979,
1628,495.162636,726949,4.1,370671,
1629,495.260297,635170,3.5,315070,
1630,495.333183,908959,5.4,330316,
1631,495.369437,945822,5.7,329672,
1632,495.380661,627230,3.4,367372,
1633,495.405714,2063261,13.7,331531,
1634,495.442188,8585628,60.2,315073,
1635,495.478519,1247387,7.9,356350,
1636,496.401132,728957,4.2,370483,
1637,496.409167,770045,4.5,335768,
1638,496.44553,2793852,18.9,311413,
1639,496.655239,599541,3.2,326188,
1640,496.862099,669166,3.7,289660,
1641,497.048786,740456,4.2,452637,
1642,497.081868,605543,3.3,467354,
1643,497.099393,623462,3.4,334776,
1644,497.173853,573796,3.1,439622,
1645,497.275674,577633,3.1,444924,
1646,497.294741,724704,4.1,343481,
1647,497.31241,697439,3.9,422518,
1648,497.315481,607711,3.3,248275,
1649,497.327492,997471,6.1,168796,
1650,497.348781,1265758,8,317156,
1651,497.385039,1293661,8.2,178999,
1652,497.396207,948317,5.7,373593,
1653,497.411311,1131868,7,354852,
1654,497.42158,1650524,10.7,348307,
1655,498.42486,590266,3.2,344891,
1656,498.962111,614312,3.3,390719,
1657,499.115046,1311523,8.3,402126,
1658,499.295037,1206557,7.6,335662,
1659,499.306937,829981,4.9,429062,
1660,499.32795,1789212,11.7,328421,
1661,499.364329,12814619,90.4,328684,
1662,499.400899,794905,4.6,386726,
1663,500.367725,3609848,24.7,317782,
1664,500.772316,4887786,33.8,316541,
1665,500.80314,649961,3.6,245245,
1666,501.036924,584929,3.1,181955,
1667,501.04348,8747233,61.4,324975,
1668,501.134658,4386014,30.3,324406,
1669,501.192221,1292507,8.2,340780,
1670,501.291925,5589208,38.8,330920,
1671,501.322318,613847,3.3,505882,
1672,501.354292,691414,3.9,170593,
1673,501.467962,1212626,7.6,327803,
1674,502.046839,2359485,15.8,337702,
1675,502.138066,1424570,9.1,331974,
1676,502.295176,1116341,6.9,288403,
1677,502.768186,731300,4.2,218498,
1678,503.039214,646682,3.6,187866,
1679,503.088764,1343640,8.5,360713,
1680,503.128494,1608855,10.4,322240,
1681,503.13049,2242711,15,350067,
1682,503.165153,760725,4.4,380877,
1683,503.265207,663954,3.7,388040,
1684,503.333331,983183,6,329093,
1685,503.369836,1100942,6.9,395967,
1686,503.408372,724621,4.2,374756,
1687,503.48348,1304202,8.3,341865,
1688,504.133989,750451,4.4,344534,
1689,504.486938,648550,3.6,370904,
1690,505.144504,2491470,16.9,316826,
1691,505.180916,1559117,10.2,361232,
1692,505.424163,2745924,18.7,317897,
1693,505.499363,1872449,12.4,310747,
1694,506.427404,903711,5.5,367791,
1695,506.502592,780828,4.6,372819,
1696,506.844306,683663,3.9,370389,
1697,507.198935,716802,4.1,396919,
1698,507.333171,692477,3.9,439979,
1699,507.369527,805372,4.8,130934,
1700,507.442203,1622521,10.6,359203,
1701,507.514992,2640887,18,312406,
1702,508.518532,746705,4.3,439988,
1703,508.973942,1153473,7.3,306903,
1704,509.081064,612413,3.4,399855,
1705,509.178146,647353,3.6,394247,
1706,509.219569,686007,3.9,421555,
1707,509.312869,634420,3.5,290680,
1708,509.385118,1089713,6.8,393696,
1709,509.42145,1285296,8.2,311541,
1710,509.457842,6035375,42.4,312464,
1711,510.461272,2054537,13.8,335970,
1712,510.784821,2132861,14.3,343139,
1713,511.064446,2000755,13.4,315783,
1714,511.115,612977,3.4,431764,
1715,511.144486,669552,3.8,408579,
1716,511.151468,700911,4,352002,
1717,511.364421,1375591,8.9,323140,
1718,511.400687,1663334,10.9,360076,
1719,511.4372,1167973,7.4,357322,
1720,512.395944,741697,4.3,436599,
1721,513.130608,655525,3.7,278948,
1722,513.310724,1886495,12.5,321191,
1723,513.343587,1745693,11.5,326432,
1724,513.379996,2521372,17.1,331506,
1725,513.395215,2466588,16.7,313100,
1726,514.346731,623736,3.4,335377,
1727,514.383477,767223,4.5,342196,
1728,514.398592,821750,4.9,326131,
1729,514.900813,646372,3.6,425895,
1730,514.929866,1599714,10.5,297318,
1731,515.063226,563421,3,352753,
1732,515.286342,578133,3.1,376215,
1733,515.374567,1432786,9.3,337060,
1734,515.410811,910545,5.5,356820,
1735,516.089049,587448,3.2,439932,
1736,516.590769,591013,3.2,399047,
1737,517.030684,638357,3.6,375232,
1738,517.104338,1301138,8.3,308099,
1739,517.12941,618385,3.4,365280,
1740,517.142008,1005201,6.2,410028,
1741,517.202432,3667599,25.4,341709,
1742,517.232714,639757,3.6,371417,
1743,517.351636,698761,4,397873,
1744,517.385353,576008,3.1,376887,
1745,518.205877,1499242,9.8,378813,
1746,518.841883,959571,5.9,348448,
1747,519.160407,642887,3.6,424047,
1748,519.333491,590657,3.2,336303,
1749,519.36945,3078720,21.1,341273,
1750,519.439936,1505853,9.8,303810,
1751,519.514981,616763,3.4,416119,
1752,520.372853,1224220,7.8,379502,
1753,520.398744,988187,6.1,399296,
1754,520.971307,1225735,7.8,380097,
1755,521.135792,560449,3,267997,
1756,521.457724,770806,4.5,378717,
1757,521.530472,653683,3.7,358993,
1758,522.131191,1374686,8.9,357717,
1759,522.754267,6870473,48.6,338744,
1760,522.78254,1823688,12.1,342384,
1761,523.133829,600251,3.3,286939,
1762,523.327894,589621,3.2,378119,
1763,523.364384,704948,4,365596,
1764,523.400415,757170,4.4,287606,
1765,523.43715,1163825,7.4,237136,
1766,523.465672,626096,3.5,389196,
1767,523.473601,3057072,21,308396,
1768,523.479812,670128,3.8,344855,
1769,523.511538,613422,3.4,140013,
1770,524.338741,617234,3.4,360572,
1771,524.476858,1058702,6.6,374416,
1772,524.750363,985989,6.1,303235,
1773,525.080265,1406330,9.1,368810,
1774,525.343428,604785,3.3,445857,
1775,525.380149,1898352,12.7,318634,
1776,525.416468,967279,5.9,187222,
1777,525.452853,1063789,6.6,371939,
1778,526.039051,2346842,15.9,327076,
1779,526.41184,599118,3.3,406985,
1780,526.419677,576846,3.1,384319,
1781,527.32303,920113,5.6,342424,
1782,527.359221,1300272,8.3,174278,
1783,527.395681,4503855,31.5,318996,
1784,527.432236,577581,3.1,449497,
1785,528.084061,569625,3.1,460324,
1786,528.399121,1295119,8.3,334765,
1787,528.834035,651522,3.7,386029,
1788,528.945385,16426238,117.5,314046,
1789,528.97291,606717,3.3,421992,
1790,529.125908,649209,3.6,387274,
1791,529.305499,1596147,10.5,301481,
1792,529.390243,3473649,24,314407,
1793,529.94504,4705504,32.9,310340,
1794,529.948969,1296096,8.3,341738,
1795,530.393649,1317075,8.5,342888,
1796,530.942279,3339459,23.1,295160,
1797,531.160092,1062076,6.6,362035,
1798,531.213979,592955,3.2,324408,
1799,531.36959,568502,3.1,387889,
1800,531.439716,1465012,9.5,300547,
1801,531.514892,861618,5.2,412137,
1802,531.94186,985510,6.1,362736,
1803,532.442585,611736,3.4,271526,
1804,533.139495,600580,3.3,345714,
1805,533.175958,1456771,9.5,307193,
1806,533.188911,1524355,10,350449,
1807,533.385198,575101,3.1,407393,
1808,533.455451,4864124,34.1,302710,
1809,533.530629,1071226,6.7,299728,
1810,534.458931,1784928,11.8,263456,
1811,534.790396,1691736,11.2,291223,
1812,535.115208,1078095,6.7,339907,
1813,535.327846,575050,3.1,400660,
1814,535.364457,584009,3.2,416656,
1815,535.473464,912198,5.5,279130,
1816,535.521178,3662917,25.4,303006,
1817,535.546115,1055812,6.6,364289,
1818,536.146718,591093,3.2,228257,
1819,536.505449,664876,3.8,350312,
1820,536.524479,1890347,12.6,321642,
1821,536.854724,1041187,6.5,286032,
1822,537.08006,1244189,7.9,340254,
1823,537.452281,651540,3.7,233517,
1824,537.489197,3010579,20.7,313992,
1825,538.083786,917765,5.6,380088,
1826,538.448017,966652,5.9,331424,
1827,538.492501,1104891,6.9,326342,
1828,538.728408,815606,4.9,308082,
1829,538.780408,578036,3.1,255449,
1830,539.095851,9257965,65.9,299277,
1831,539.395771,714726,4.1,372075,
1832,539.432331,854757,5.1,194730,
1833,539.468271,608741,3.4,347071,
1834,540.09926,1678294,11.1,308770,
1835,540.427264,1443023,9.4,263535,
1836,541.091623,627136,3.5,403974,
1837,541.338578,2094011,14.1,335379,
1838,541.374812,1990586,13.4,287448,
1839,541.411334,1424313,9.3,276934,
1840,541.426819,815801,4.9,327901,
1841,542.341983,727462,4.2,355394,
1842,543.120927,715798,4.1,241771,
1843,543.317985,719762,4.2,337978,
1844,543.326249,566290,3.1,348294,
1845,543.406059,654224,3.7,400438,
1846,544.736148,25146230,180.8,298322,
1847,544.745335,579190,3.1,254091,
1848,545.136844,1100143,6.9,310158,
1849,545.318316,3404652,23.6,291583,
1850,545.38533,1038442,6.5,362835,
1851,545.455448,798825,4.7,379980,
1852,545.735653,807268,4.8,321200,
1853,546.321463,1160025,7.3,369640,
1854,546.388684,614232,3.4,348847,
1855,546.732,3790674,26.4,284608,
1856,546.740716,619570,3.4,224014,
1857,547.078835,825676,4.9,364300,
1858,547.088204,568140,3.1,365142,
1859,547.212953,847178,5.1,309843,
1860,547.400872,660167,3.7,313718,
1861,547.471275,1419078,9.2,311106,
1862,547.546216,633156,3.5,298805,
1863,548.020904,1261885,8.1,314308,
1864,548.430003,683318,3.9,310452,
1865,549.344118,581415,3.2,347384,
1866,549.453294,693286,4,285869,
1867,550.777628,772882,4.5,256569,
1868,551.057221,629390,3.5,339177,
1869,551.358854,1001482,6.2,198180,
1870,551.468586,845065,5.1,163379,
1871,551.504791,1748232,11.6,283536,
1872,552.362731,675325,3.8,360080,
1873,552.500074,1376507,8.9,346018,
1874,552.508482,695163,4,296968,
1875,553.111359,870131,5.3,381478,
1876,553.44772,1223919,7.8,325650,
1877,553.484173,1203695,7.7,314871,
1878,554.442998,1165027,7.4,146590,
1879,555.140962,766172,4.5,160615,
1880,555.167793,1014235,6.3,330177,
1881,555.317962,965082,5.9,274649,
1882,555.354319,2302681,15.6,301648,
1883,555.39061,1129433,7.1,270927,
1884,555.405729,838361,5,376401,
1885,555.426992,1517785,9.9,318278,
1886,555.442333,1168088,7.4,328613,
1887,556.430186,786894,4.6,294834,
1888,556.772365,981707,6.1,280590,
1889,557.156974,823623,4.9,260781,
1890,557.333369,1000902,6.2,216523,
1891,557.337042,927174,5.7,324187,
1892,557.370189,632518,3.5,380945,
1893,557.421578,1496773,9.8,329059,
1894,559.471328,2014388,13.6,333527,
1895,560.473774,561581,3,205423,
1896,560.710166,1628332,10.8,323675,
1897,560.880545,735659,4.3,345020,
1898,561.094296,1820330,12.2,322170,
1899,561.486755,3893927,27.2,292445,
1900,561.561826,735911,4.3,346723,
1901,562.097514,671396,3.8,350041,
1902,562.490039,1459362,9.5,342334,
1903,563.261765,670494,3.8,329813,
1904,563.504798,652317,3.7,298623,
1905,563.552482,5350045,37.7,291442,
1906,563.57721,571293,3.1,276201,
1907,564.555888,1696410,11.3,267832,
1908,565.111694,1637528,10.8,319295,
1909,565.484051,802967,4.8,309219,
1910,565.520637,1538711,10.1,288733,
1911,565.559415,561943,3,317923,
1912,566.515819,561557,3,394486,
1913,566.523994,858261,5.2,372624,
1914,567.127219,4128404,28.9,300530,
1915,567.463273,826388,4.9,263038,
1916,568.13041,814995,4.9,157549,
1917,568.45861,2620051,17.9,291000,
1918,569.156922,1821844,12.2,296585,
1919,569.333579,1248916,8,341672,
1920,569.369929,2392212,16.3,274594,
1921,569.406127,2004116,13.5,301285,
1922,569.421716,567956,3.1,396613,
1923,569.442733,1481364,9.7,301692,
1924,569.461941,790420,4.7,319361,
1925,570.160119,731797,4.3,348101,
1926,570.373143,803989,4.8,276864,
1927,571.172458,1488534,9.7,322006,
1928,571.312724,792471,4.7,331713,
1929,571.348892,1279127,8.2,287392,
1930,571.385683,571031,3.1,331733,
1931,571.398513,1036183,6.5,272753,
1932,571.43716,1660055,11,289302,
1933,571.49801,1161367,7.4,335529,
1934,572.175876,591001,3.2,331538,
1935,572.441032,570906,3.1,300531,
1936,573.331854,1230493,7.9,315193,
1937,573.447944,559902,3,261384,
1938,574.403211,605346,3.3,289942,
1939,574.896336,769957,4.5,300620,
1940,574.98721,1442981,9.4,299783,
1941,575.502087,706856,4.1,295947,
1942,575.577192,646313,3.6,227577,
1943,575.986929,858539,5.2,361019,
1944,576.847135,976561,6,292717,
1945,577.038862,790450,4.7,310983,
1946,577.072845,641715,3.6,301638,
1947,577.166133,1588403,10.5,270759,
1948,577.215127,1505972,9.9,249756,
1949,577.2772,1360052,8.8,325677,
1950,577.411624,862389,5.2,280896,
1951,577.424222,859061,5.2,316056,
1952,577.483988,695222,4,387252,
1953,578.169493,665275,3.8,309504,
1954,578.427572,631485,3.5,337646,
1955,579.088444,2510019,17.2,290275,
1956,579.1049,931267,5.7,335067,
1957,579.463025,637383,3.6,317318,
1958,579.49942,832199,5,317026,
1959,579.536034,1576135,10.4,317011,
1960,581.442648,622171,3.5,309550,
1961,581.479034,1080027,6.8,344445,
1962,581.51575,560092,3,372067,
1963,581.526625,736988,4.3,323668,
1964,582.474268,1637607,10.9,311887,
1965,582.482544,648423,3.7,358262,
1966,582.917624,1450732,9.5,284710,
1967,583.064728,672238,3.8,158754,
1968,583.349465,620529,3.5,315668,
1969,583.385523,2155762,14.6,270242,
1970,583.401092,589042,3.2,391227,
1971,583.421913,1407730,9.2,312293,
1972,583.458238,1434867,9.4,296162,
1973,584.167975,800252,4.8,331714,
1974,584.388734,774143,4.6,339206,
1975,584.453251,566016,3.1,148066,
1976,584.728828,2456324,16.8,310931,
1977,585.328451,943884,5.8,356100,
1978,585.343357,575757,3.1,371868,
1979,585.364773,1900301,12.8,284165,
1980,585.401114,808205,4.8,361673,
1981,585.416569,819982,4.9,250066,
1982,586.419462,556701,3,282079,
1983,586.724756,585761,3.2,363951,
1984,586.978379,568229,3.1,217740,
1985,587.167369,833321,5,257049,
1986,587.43218,774957,4.6,312245,
1987,587.463942,560045,3,151656,
1988,587.502444,691246,4,329520,
1989,588.912187,4575046,32.3,272079,
1990,589.344443,2210126,15,284590,
1991,589.517994,1332561,8.7,292002,
1992,589.911711,1816408,12.2,277690,
1993,590.347885,813920,4.9,330290,
1994,590.451115,571618,3.1,278215,
1995,590.909317,952171,5.9,267974,
1996,591.292522,643955,3.6,310546,
1997,591.583938,2962296,20.5,275626,
1998,592.587324,1238669,8,253876,
1999,593.161016,2592665,17.8,292793,
2000,593.551847,671138,3.8,274467,
2001,594.164358,811439,4.9,320972,
2002,595.494717,656590,3.7,274219,
2003,595.506047,1720782,11.5,268760,
2004,596.489983,4369382,30.8,278637,
2005,596.509452,774118,4.6,251008,
2006,596.933307,568816,3.1,330657,
2007,597.401183,2431484,16.7,269513,
2008,597.417241,622845,3.5,310803,
2009,597.437915,1059325,6.7,149062,
2010,597.452366,641534,3.6,333235,
2011,597.474067,984318,6.1,312854,
2012,597.493418,1587199,10.5,262951,
2013,598.271903,619027,3.5,142560,
2014,598.322698,589460,3.2,167449,
2015,598.36121,597013,3.3,352974,
2016,598.404738,901398,5.5,304446,
2017,598.43815,559511,3,281154,
2018,598.911879,597156,3.3,131811,
2019,599.380619,1400880,9.1,335749,
2020,599.417097,588081,3.2,268076,
2021,599.529465,1082676,6.9,251907,
2022,601.182848,1018466,6.4,305947,
2023,601.363423,563816,3.1,360613,
2024,601.426613,1276009,8.3,300446,
2025,601.526157,653036,3.7,297536,
2026,602.363773,656645,3.8,273949,
2027,602.429644,727431,4.3,316108,
2028,602.694838,1241743,8,308077,
2029,603.42704,564388,3.1,387360,
2030,604.100774,597945,3.3,133381,
2031,605.308679,667870,3.8,348278,
2032,605.458162,853475,5.2,270792,
2033,605.515737,604645,3.4,271073,
2034,607.083483,1211671,7.8,287027,
2035,607.119781,1187608,7.6,254574,
2036,607.567489,1072423,6.8,308218,
2037,609.437745,626789,3.5,290256,
2038,609.510398,1289063,8.4,276296,
2039,609.557987,931433,5.8,256939,
2040,610.513452,557961,3,239852,
2041,611.380268,643238,3.7,280343,
2042,611.416964,1583016,10.5,272929,
2043,611.453236,1466281,9.7,264260,
2044,611.489588,825386,5,246788,
2045,611.500858,714154,4.2,342188,
2046,612.457018,678859,3.9,315471,
2047,612.484914,1253068,8.1,264704,
2048,612.723586,1094356,7,230977,
2049,613.123873,597858,3.3,323400,
2050,613.173315,560868,3.1,355312,
2051,613.396117,1254380,8.1,288065,
2052,613.431947,659181,3.8,302665,
2053,613.447766,579565,3.2,260638,
2054,613.488212,616175,3.5,334731,
2055,614.399501,692238,4,362722,
2056,616.063653,1062985,6.7,252544,
2057,616.365722,570195,3.1,276030,
2058,619.081204,825778,5,270558,
2059,620.721895,931052,5.8,337830,
2060,621.241578,1341694,8.8,250116,
2061,621.583194,911626,5.6,299526,
2062,622.910118,724024,4.2,273683,
2063,623.244441,826691,5,286629,
2064,623.453069,687434,4,195325,
2065,623.52581,578893,3.2,328955,
2066,624.247477,709221,4.2,288995,
2067,624.529177,557167,3,243388,
2068,624.721353,1084790,6.9,309399,
2069,625.432762,1278862,8.4,269655,
2070,625.469197,1561487,10.5,206948,
2071,625.480607,665615,3.8,259478,
2072,626.435527,737455,4.4,316742,
2073,626.472304,1039280,6.6,261048,
2074,627.411731,996815,6.3,289462,
2075,627.447952,573649,3.2,320109,
2076,627.475832,578002,3.2,194108,
2077,627.56061,718548,4.2,293791,
2078,628.58015,566262,3.1,288320,
2079,630.079571,1785381,12.1,272035,
2080,631.082872,780869,4.7,288744,
2081,631.482856,767441,4.6,205828,
2082,633.37074,1379978,9.1,274674,
2083,634.863802,784821,4.7,279907,
2084,634.954038,1456823,9.7,286834,
2085,635.114674,650684,3.7,276922,
2086,635.525295,552711,3,191873,
2087,635.862731,557776,3,140456,
2088,636.593866,598756,3.3,310695,
2089,637.468963,589307,3.3,365509,
2090,637.504963,640124,3.7,244922,
2091,637.541871,1117949,7.2,270802,
2092,637.589648,585214,3.2,350708,
2093,638.544857,677655,3.9,298671,
2094,639.448165,1538861,10.3,227207,
2095,639.484521,3107118,21.9,257496,
2096,639.520915,921646,5.7,274449,
2097,640.488095,1334597,8.8,267613,
2098,640.523824,639430,3.6,276849,
2099,641.42786,632154,3.6,245216,
2100,641.464335,998747,6.3,253181,
2101,642.703195,802933,4.9,137185,
2102,642.993409,560891,3.1,287350,
2103,648.354355,562005,3.1,282298,
2104,648.816979,557659,3,285430,
2105,648.879011,2113499,14.5,240095,
2106,649.878615,859623,5.3,284581,
2107,653.111247,562434,3.1,291993,
2108,653.463705,2294276,16,256823,
2109,653.50018,3881476,27.8,247403,
2110,654.466951,909320,5.7,202845,
2111,654.50352,1885704,13,232557,
2112,655.443373,918794,5.8,286068,
2113,655.47904,555146,3,185674,
2114,663.520719,574170,3.2,370503,
2115,664.464202,577356,3.2,271673,
2116,664.625083,829385,5.1,221378,
2117,664.685723,1342920,8.9,246470,
2118,665.267654,941502,5.9,289000,
2119,665.500576,720314,4.3,252649,
2120,665.573357,745656,4.5,302536,
2121,667.479292,925329,5.8,251915,
2122,667.516106,5718416,41.5,233300,
2123,668.519425,2115959,14.7,261162,
2124,669.459071,1433950,9.6,240419,
2125,677.396917,585279,3.3,304865,
2126,679.479574,623329,3.6,359778,
2127,680.424707,592180,3.4,237364,
2128,681.027084,1243543,8.3,261772,
2129,681.495181,940160,6,248220,
2130,681.531612,5836670,42.8,242699,
2131,681.623856,549242,3,279700,
2132,682.498454,653902,3.8,307231,
2133,682.535028,1992012,13.9,233582,
2134,682.635598,597063,3.4,305994,
2135,683.475145,827932,5.1,281791,
2136,683.757892,548749,3,276483,
2137,686.667719,3032691,21.7,245785,
2138,688.663826,911877,5.8,270842,
2139,693.531528,761330,4.6,226327,
2140,694.672482,550833,3.1,292305,
2141,694.920871,1222307,8.1,247572,
2142,695.547207,4227199,30.7,205977,
2143,696.550689,1880134,13.1,246938,
2144,697.9261,574072,3.2,241664,
2145,697.936848,560375,3.1,110957,
2146,697.953285,679158,4,196759,
2147,697.965272,608502,3.5,111609,
2148,697.985217,583541,3.3,204178,
2149,698.582506,560723,3.1,251084,
2150,707.547043,691577,4.1,235370,
2151,709.563098,3056026,21.9,235571,
2152,710.566414,1212269,8,253723,
2153,723.578616,1954265,13.6,221888,
2154,724.581925,829131,5.1,169395,
2155,737.594474,2213957,15.5,198799,
2156,738.572709,548712,3,272601,
2157,738.59802,958825,6.1,222360,
2158,741.120109,555862,3.1,246745,
2159,746.633417,559137,3.1,283088,
2160,751.610428,599718,3.4,292209,
2161,765.625439,890154,5.5,189183,
2162,779.706875,563806,3.1,239199,
2163,785.179929,591139,3.3,176451,
2164,798.696012,558629,3,194582,
2165,810.799413,618879,3.5,205048,
2166,812.753837,595977,3.3,205782,
2167,832.648453,570447,3.1,199326,
2168,837.491679,692299,4,210209,
2169,837.518597,555849,3,182040,
2170,837.545132,742471,4.4,120635,
2171,837.55374,711494,4.2,275203,
2172,837.593894,684611,4,206534,
2173,858.021397,553388,3,194541,
2174,861.551361,560095,3.1,175555,
2175,888.662839,572290,3.2,170125,
2176,912.712588,557215,3,210905,
2177,914.636763,578039,3.2,214737,
2178,921.222171,596813,3.3,181507,
2179,937.865412,563804,3,185810,
2180,1016.423485,578616,3.1,132622,
2181,1031.31002,678580,3.8,162939,
2182,1045.914046,600717,3.2,166262,
2183,1046.797423,598426,3.2,102064,
2184,1046.848053,903067,5.4,81246,
2185,1046.868163,619931,3.3,191096,
2186,1046.890396,756635,4.3,182623,
2187,1046.915801,1077916,6.6,122075,
2188,1046.959935,649756,3.6,68315,
2189,1047.062291,578462,3,101441,
2190,1090.671647,577295,3,132973,
2191,1090.914934,1079957,6.6,180841,
2192,1136.46694,2832756,19,162541,
2193,1157.995024,626724,3.4,173593,
2194,1177.348951,597395,3.2,199658,